0.3079209,0.50822014,0.28417405,0.53442603,0.17150535,0.78195703,0.34414423,0.28425738,0.4828127,0.32373345,-0.24396001,-0.37290934,0.34258682,-0.84555155,-0.07207927,-0.7036075,0.41983798,-0.86320853,0.010411726,0.36107287,-0.41045487,0.12781388,-0.7220313,-0.35815436,0.057429604,0.24387138,-0.1612074,0.21308501,0.30380833,0.53317016,0.16708697,-0.3273784
-0.77926564,-0.11380084,0.5386128,-0.37147096,0.23684978,0.40269637,0.25008157,-0.39015046,0.22458713,-0.4101761,0.03877949,-0.30465627,-0.27715904,0.3958227,0.17644072,0.4066224,-0.34031355,0.40028858,-0.03944906,-0.23684779,0.20357774,-0.11484117,-0.4991172,0.059231415,-0.1933917,-0.17997059,-0.32927772,0.33589867,0.3258789,0.1361594,0.14653887,-0.2439719
0.6217899,-0.1642249,-0.21078128,-0.33093673,-0.029832115,0.45177624,0.20455816,0.81124115,0.09136729,-0.5420513,-0.37451035,-0.7157302,0.7049728,-0.5873259,0.09216196,-0.09774983,-0.35049617,-0.003411457,0.04177285,0.060028553,0.13328123,0.1231841,-0.33184123,-0.19463027,0.05996561,-0.21744798,-0.62629926,0.049645014,0.36286452,0.19620633,0.4374856,-0.16531347
-0.6058872,-0.025926083,0.47983685,0.4824513,-0.09593206,0.7401619,0.14566119,-0.34830505,0.33033097,-0.5219026,-0.063193135,0.26350164,-0.43581116,0.47330937,0.1530636,0.10707443,0.016169095,0.2028554,0.004745705,-0.71014005,0.44999942,-0.29857296,0.38545212,-0.43151608,-0.14310138,-0.2141966,-0.47543237,0.14957322,0.5432227,-0.4010484,0.813505,0.21021079
0.3936122,-0.39593947,-0.21723196,-0.32898656,-0.22069815,0.019073382,0.19071881,0.4862963,0.37835068,-0.4434993,-0.05124572,-0.42380932,0.36100104,0.2604746,-0.07996263,0.10167629,-0.41508514,0.23696147,0.168323,-0.2160663,0.14592771,-0.3475292,-0.13830501,-0.39168555,0.24627993,-0.3111958,-0.3517335,-0.27092844,0.3626021,-0.12823543,0.47400892,0.079219386
0.015580462,0.28397977,0.17465973,0.17408426,0.24756776,0.082650624,0.42805547,0.11782581,0.06521955,-0.31810534,0.10963412,0.19679555,-0.34791407,0.14507298,-0.40725878,-0.086189374,-0.38636813,0.025262639,-0.19446918,-0.25330585,0.17019482,0.15513813,0.18932587,0.019603044,-0.25200787,-0.15205663,-0.17681222,-0.48524594,0.018277802,-0.09561627,0.12656817,0.0059461105
-0.01583736,0.0140479235,0.010947903,0.0008946052,0.003757088,-0.00029973255,0.016406551,0.018130101,-0.0094794035,-0.0037973858,0.0018329826,-0.010235011,-0.015154759,0.007386979,0.018997634,0.007448165,0.00015694002,-0.018723289,-0.0018237144,0.00028820348,-0.0045562023,-0.020735385,-0.0070062024,-0.013525896,-0.004687285,0.003182461,-0.017545,-0.019460281,-0.009754676,0.011125533,0.009179794,0.025150761
-0.008927064,0.012080252,0.014254824,0.0011684903,-0.0031867498,0.008892878,0.009650002,0.009410463,-0.010662627,-0.018801272,0.008149287,-0.0049284496,-0.0065015643,-0.009570864,0.008381405,0.01233736,-0.0021446138,-0.0065452373,-0.01236047,0.01313729,0.015098985,-0.0014658356,-0.00877124,-0.0057819774,-0.012725225,0.0133246705,-0.009910518,0.003938649,0.014742111,0.0018045611,0.0054187244,0.011518848
-0.01583736,0.0140479235,0.010947903,0.0008946052,0.003757088,-0.00029973255,0.016406551,0.018130101,-0.0094794035,-0.0037973858,0.0018329826,-0.010235011,-0.015154759,0.007386979,0.018997634,0.007448165,0.00015694002,-0.018723289,-0.0018237144,0.00028820348,-0.0045562023,-0.020735385,-0.0070062024,-0.013525896,-0.004687285,0.003182461,-0.017545,-0.019460281,-0.009754676,0.011125533,0.009179794,0.025150761
-0.008927064,0.012080252,0.014254824,0.0011684903,-0.0031867498,0.008892878,0.009650002,0.009410463,-0.010662627,-0.018801272,0.008149287,-0.0049284496,-0.0065015643,-0.009570864,0.008381405,0.01233736,-0.0021446138,-0.0065452373,-0.01236047,0.01313729,0.015098985,-0.0014658356,-0.00877124,-0.0057819774,-0.012725225,0.0133246705,-0.009910518,0.003938649,0.014742111,0.0018045611,0.0054187244,0.011518848
-0.01583736,0.0140479235,0.010947903,0.0008946052,0.003757088,-0.00029973255,0.016406551,0.018130101,-0.0094794035,-0.0037973858,0.0018329826,-0.010235011,-0.015154759,0.007386979,0.018997634,0.007448165,0.00015694002,-0.018723289,-0.0018237144,0.00028820348,-0.0045562023,-0.020735385,-0.0070062024,-0.013525896,-0.004687285,0.003182461,-0.017545,-0.019460281,-0.009754676,0.011125533,0.009179794,0.025150761
-0.008927064,0.012080252,0.014254824,0.0011684903,-0.0031867498,0.008892878,0.009650002,0.009410463,-0.010662627,-0.018801272,0.008149287,-0.0049284496,-0.0065015643,-0.009570864,0.008381405,0.01233736,-0.0021446138,-0.0065452373,-0.01236047,0.01313729,0.015098985,-0.0014658356,-0.00877124,-0.0057819774,-0.012725225,0.0133246705,-0.009910518,0.003938649,0.014742111,0.0018045611,0.0054187244,0.011518848
-0.01583736,0.0140479235,0.010947903,0.0008946052,0.003757088,-0.00029973255,0.016406551,0.018130101,-0.0094794035,-0.0037973858,0.0018329826,-0.010235011,-0.015154759,0.007386979,0.018997634,0.007448165,0.00015694002,-0.018723289,-0.0018237144,0.00028820348,-0.0045562023,-0.020735385,-0.0070062024,-0.013525896,-0.004687285,0.003182461,-0.017545,-0.019460281,-0.009754676,0.011125533,0.009179794,0.025150761
-0.008927064,0.012080252,0.014254824,0.0011684903,-0.0031867498,0.008892878,0.009650002,0.009410463,-0.010662627,-0.018801272,0.008149287,-0.0049284496,-0.0065015643,-0.009570864,0.008381405,0.01233736,-0.0021446138,-0.0065452373,-0.01236047,0.01313729,0.015098985,-0.0014658356,-0.00877124,-0.0057819774,-0.012725225,0.0133246705,-0.009910518,0.003938649,0.014742111,0.0018045611,0.0054187244,0.011518848
-0.01583736,0.0140479235,0.010947903,0.0008946052,0.003757088,-0.00029973255,0.016406551,0.018130101,-0.0094794035,-0.0037973858,0.0018329826,-0.010235011,-0.015154759,0.007386979,0.018997634,0.007448165,0.00015694002,-0.018723289,-0.0018237144,0.00028820348,-0.0045562023,-0.020735385,-0.0070062024,-0.013525896,-0.004687285,0.003182461,-0.017545,-0.019460281,-0.009754676,0.011125533,0.009179794,0.025150761
-0.008927064,0.012080252,0.014254824,0.0011684903,-0.0031867498,0.008892878,0.009650002,0.009410463,-0.010662627,-0.018801272,0.008149287,-0.0049284496,-0.0065015643,-0.009570864,0.008381405,0.01233736,-0.0021446138,-0.0065452373,-0.01236047,0.01313729,0.015098985,-0.0014658356,-0.00877124,-0.0057819774,-0.012725225,0.0133246705,-0.009910518,0.003938649,0.014742111,0.0018045611,0.0054187244,0.011518848
-0.01583736,0.0140479235,0.010947903,0.0008946052,0.003757088,-0.00029973255,0.016406551,0.018130101,-0.0094794035,-0.0037973858,0.0018329826,-0.010235011,-0.015154759,0.007386979,0.018997634,0.007448165,0.00015694002,-0.018723289,-0.0018237144,0.00028820348,-0.0045562023,-0.020735385,-0.0070062024,-0.013525896,-0.004687285,0.003182461,-0.017545,-0.019460281,-0.009754676,0.011125533,0.009179794,0.025150761
-0.008927064,0.012080252,0.014254824,0.0011684903,-0.0031867498,0.008892878,0.009650002,0.009410463,-0.010662627,-0.018801272,0.008149287,-0.0049284496,-0.0065015643,-0.009570864,0.008381405,0.01233736,-0.0021446138,-0.0065452373,-0.01236047,0.01313729,0.015098985,-0.0014658356,-0.00877124,-0.0057819774,-0.012725225,0.0133246705,-0.009910518,0.003938649,0.014742111,0.0018045611,0.0054187244,0.011518848
-0.01583736,0.0140479235,0.010947903,0.0008946052,0.003757088,-0.00029973255,0.016406551,0.018130101,-0.0094794035,-0.0037973858,0.0018329826,-0.010235011,-0.015154759,0.007386979,0.018997634,0.007448165,0.00015694002,-0.018723289,-0.0018237144,0.00028820348,-0.0045562023,-0.020735385,-0.0070062024,-0.013525896,-0.004687285,0.003182461,-0.017545,-0.019460281,-0.009754676,0.011125533,0.009179794,0.025150761
-0.008927064,0.012080252,0.014254824,0.0011684903,-0.0031867498,0.008892878,0.009650002,0.009410463,-0.010662627,-0.018801272,0.008149287,-0.0049284496,-0.0065015643,-0.009570864,0.008381405,0.01233736,-0.0021446138,-0.0065452373,-0.01236047,0.01313729,0.015098985,-0.0014658356,-0.00877124,-0.0057819774,-0.012725225,0.0133246705,-0.009910518,0.003938649,0.014742111,0.0018045611,0.0054187244,0.011518848
-0.01583736,0.0140479235,0.010947903,0.0008946052,0.003757088,-0.00029973255,0.016406551,0.018130101,-0.0094794035,-0.0037973858,0.0018329826,-0.010235011,-0.015154759,0.007386979,0.018997634,0.007448165,0.00015694002,-0.018723289,-0.0018237144,0.00028820348,-0.0045562023,-0.020735385,-0.0070062024,-0.013525896,-0.004687285,0.003182461,-0.017545,-0.019460281,-0.009754676,0.011125533,0.009179794,0.025150761
-0.008927064,0.012080252,0.014254824,0.0011684903,-0.0031867498,0.008892878,0.009650002,0.009410463,-0.010662627,-0.018801272,0.008149287,-0.0049284496,-0.0065015643,-0.009570864,0.008381405,0.01233736,-0.0021446138,-0.0065452373,-0.01236047,0.01313729,0.015098985,-0.0014658356,-0.00877124,-0.0057819774,-0.012725225,0.0133246705,-0.009910518,0.003938649,0.014742111,0.0018045611,0.0054187244,0.011518848
-0.01583736,0.0140479235,0.010947903,0.0008946052,0.003757088,-0.00029973255,0.016406551,0.018130101,-0.0094794035,-0.0037973858,0.0018329826,-0.010235011,-0.015154759,0.007386979,0.018997634,0.007448165,0.00015694002,-0.018723289,-0.0018237144,0.00028820348,-0.0045562023,-0.020735385,-0.0070062024,-0.013525896,-0.004687285,0.003182461,-0.017545,-0.019460281,-0.009754676,0.011125533,0.009179794,0.025150761
-0.008927064,0.012080252,0.014254824,0.0011684903,-0.0031867498,0.008892878,0.009650002,0.009410463,-0.010662627,-0.018801272,0.008149287,-0.0049284496,-0.0065015643,-0.009570864,0.008381405,0.01233736,-0.0021446138,-0.0065452373,-0.01236047,0.01313729,0.015098985,-0.0014658356,-0.00877124,-0.0057819774,-0.012725225,0.0133246705,-0.009910518,0.003938649,0.014742111,0.0018045611,0.0054187244,0.011518848
-0.01583736,0.0140479235,0.010947903,0.0008946052,0.003757088,-0.00029973255,0.016406551,0.018130101,-0.0094794035,-0.0037973858,0.0018329826,-0.010235011,-0.015154759,0.007386979,0.018997634,0.007448165,0.00015694002,-0.018723289,-0.0018237144,0.00028820348,-0.0045562023,-0.020735385,-0.0070062024,-0.013525896,-0.004687285,0.003182461,-0.017545,-0.019460281,-0.009754676,0.011125533,0.009179794,0.025150761
-0.008927064,0.012080252,0.014254824,0.0011684903,-0.0031867498,0.008892878,0.009650002,0.009410463,-0.010662627,-0.018801272,0.008149287,-0.0049284496,-0.0065015643,-0.009570864,0.008381405,0.01233736,-0.0021446138,-0.0065452373,-0.01236047,0.01313729,0.015098985,-0.0014658356,-0.00877124,-0.0057819774,-0.012725225,0.0133246705,-0.009910518,0.003938649,0.014742111,0.0018045611,0.0054187244,0.011518848
-0.01583736,0.0140479235,0.010947903,0.0008946052,0.003757088,-0.00029973255,0.016406551,0.018130101,-0.0094794035,-0.0037973858,0.0018329826,-0.010235011,-0.015154759,0.007386979,0.018997634,0.007448165,0.00015694002,-0.018723289,-0.0018237144,0.00028820348,-0.0045562023,-0.020735385,-0.0070062024,-0.013525896,-0.004687285,0.003182461,-0.017545,-0.019460281,-0.009754676,0.011125533,0.009179794,0.025150761
-0.008927064,0.012080252,0.014254824,0.0011684903,-0.0031867498,0.008892878,0.009650002,0.009410463,-0.010662627,-0.018801272,0.008149287,-0.0049284496,-0.0065015643,-0.009570864,0.008381405,0.01233736,-0.0021446138,-0.0065452373,-0.01236047,0.01313729,0.015098985,-0.0014658356,-0.00877124,-0.0057819774,-0.012725225,0.0133246705,-0.009910518,0.003938649,0.014742111,0.0018045611,0.0054187244,0.011518848
-0.01583736,0.0140479235,0.010947903,0.0008946052,0.003757088,-0.00029973255,0.016406551,0.018130101,-0.0094794035,-0.0037973858,0.0018329826,-0.010235011,-0.015154759,0.007386979,0.018997634,0.007448165,0.00015694002,-0.018723289,-0.0018237144,0.00028820348,-0.0045562023,-0.020735385,-0.0070062024,-0.013525896,-0.004687285,0.003182461,-0.017545,-0.019460281,-0.009754676,0.011125533,0.009179794,0.025150761
-0.008927064,0.012080252,0.014254824,0.0011684903,-0.0031867498,0.008892878,0.009650002,0.009410463,-0.010662627,-0.018801272,0.008149287,-0.0049284496,-0.0065015643,-0.009570864,0.008381405,0.01233736,-0.0021446138,-0.0065452373,-0.01236047,0.01313729,0.015098985,-0.0014658356,-0.00877124,-0.0057819774,-0.012725225,0.0133246705,-0.009910518,0.003938649,0.014742111,0.0018045611,0.0054187244,0.011518848
-0.01583736,0.0140479235,0.010947903,0.0008946052,0.003757088,-0.00029973255,0.016406551,0.018130101,-0.0094794035,-0.0037973858,0.0018329826,-0.010235011,-0.015154759,0.007386979,0.018997634,0.007448165,0.00015694002,-0.018723289,-0.0018237144,0.00028820348,-0.0045562023,-0.020735385,-0.0070062024,-0.013525896,-0.004687285,0.003182461,-0.017545,-0.019460281,-0.009754676,0.011125533,0.009179794,0.025150761
-0.008927064,0.012080252,0.014254824,0.0011684903,-0.0031867498,0.008892878,0.009650002,0.009410463,-0.010662627,-0.018801272,0.008149287,-0.0049284496,-0.0065015643,-0.009570864,0.008381405,0.01233736,-0.0021446138,-0.0065452373,-0.01236047,0.01313729,0.015098985,-0.0014658356,-0.00877124,-0.0057819774,-0.012725225,0.0133246705,-0.009910518,0.003938649,0.014742111,0.0018045611,0.0054187244,0.011518848
-0.01583736,0.0140479235,0.010947903,0.0008946052,0.003757088,-0.00029973255,0.016406551,0.018130101,-0.0094794035,-0.0037973858,0.0018329826,-0.010235011,-0.015154759,0.007386979,0.018997634,0.007448165,0.00015694002,-0.018723289,-0.0018237144,0.00028820348,-0.0045562023,-0.020735385,-0.0070062024,-0.013525896,-0.004687285,0.003182461,-0.017545,-0.019460281,-0.009754676,0.011125533,0.009179794,0.025150761
-0.008927064,0.012080252,0.014254824,0.0011684903,-0.0031867498,0.008892878,0.009650002,0.009410463,-0.010662627,-0.018801272,0.008149287,-0.0049284496,-0.0065015643,-0.009570864,0.008381405,0.01233736,-0.0021446138,-0.0065452373,-0.01236047,0.01313729,0.015098985,-0.0014658356,-0.00877124,-0.0057819774,-0.012725225,0.0133246705,-0.009910518,0.003938649,0.014742111,0.0018045611,0.0054187244,0.011518848
-0.01583736,0.0140479235,0.010947903,0.0008946052,0.003757088,-0.00029973255,0.016406551,0.018130101,-0.0094794035,-0.0037973858,0.0018329826,-0.010235011,-0.015154759,0.007386979,0.018997634,0.007448165,0.00015694002,-0.018723289,-0.0018237144,0.00028820348,-0.0045562023,-0.020735385,-0.0070062024,-0.013525896,-0.004687285,0.003182461,-0.017545,-0.019460281,-0.009754676,0.011125533,0.009179794,0.025150761
-0.008927064,0.012080252,0.014254824,0.0011684903,-0.0031867498,0.008892878,0.009650002,0.009410463,-0.010662627,-0.018801272,0.008149287,-0.0049284496,-0.0065015643,-0.009570864,0.008381405,0.01233736,-0.0021446138,-0.0065452373,-0.01236047,0.01313729,0.015098985,-0.0014658356,-0.00877124,-0.0057819774,-0.012725225,0.0133246705,-0.009910518,0.003938649,0.014742111,0.0018045611,0.0054187244,0.011518848
-0.01583736,0.0140479235,0.010947903,0.0008946052,0.003757088,-0.00029973255,0.016406551,0.018130101,-0.0094794035,-0.0037973858,0.0018329826,-0.010235011,-0.015154759,0.007386979,0.018997634,0.007448165,0.00015694002,-0.018723289,-0.0018237144,0.00028820348,-0.0045562023,-0.020735385,-0.0070062024,-0.013525896,-0.004687285,0.003182461,-0.017545,-0.019460281,-0.009754676,0.011125533,0.009179794,0.025150761
-0.008927064,0.012080252,0.014254824,0.0011684903,-0.0031867498,0.008892878,0.009650002,0.009410463,-0.010662627,-0.018801272,0.008149287,-0.0049284496,-0.0065015643,-0.009570864,0.008381405,0.01233736,-0.0021446138,-0.0065452373,-0.01236047,0.01313729,0.015098985,-0.0014658356,-0.00877124,-0.0057819774,-0.012725225,0.0133246705,-0.009910518,0.003938649,0.014742111,0.0018045611,0.0054187244,0.011518848
-0.01583736,0.0140479235,0.010947903,0.0008946052,0.003757088,-0.00029973255,0.016406551,0.018130101,-0.0094794035,-0.0037973858,0.0018329826,-0.010235011,-0.015154759,0.007386979,0.018997634,0.007448165,0.00015694002,-0.018723289,-0.0018237144,0.00028820348,-0.0045562023,-0.020735385,-0.0070062024,-0.013525896,-0.004687285,0.003182461,-0.017545,-0.019460281,-0.009754676,0.011125533,0.009179794,0.025150761
-0.008927064,0.012080252,0.014254824,0.0011684903,-0.0031867498,0.008892878,0.009650002,0.009410463,-0.010662627,-0.018801272,0.008149287,-0.0049284496,-0.0065015643,-0.009570864,0.008381405,0.01233736,-0.0021446138,-0.0065452373,-0.01236047,0.01313729,0.015098985,-0.0014658356,-0.00877124,-0.0057819774,-0.012725225,0.0133246705,-0.009910518,0.003938649,0.014742111,0.0018045611,0.0054187244,0.011518848
-0.01583736,0.0140479235,0.010947903,0.0008946052,0.003757088,-0.00029973255,0.016406551,0.018130101,-0.0094794035,-0.0037973858,0.0018329826,-0.010235011,-0.015154759,0.007386979,0.018997634,0.007448165,0.00015694002,-0.018723289,-0.0018237144,0.00028820348,-0.0045562023,-0.020735385,-0.0070062024,-0.013525896,-0.004687285,0.003182461,-0.017545,-0.019460281,-0.009754676,0.011125533,0.009179794,0.025150761
-0.008927064,0.012080252,0.014254824,0.0011684903,-0.0031867498,0.008892878,0.009650002,0.009410463,-0.010662627,-0.018801272,0.008149287,-0.0049284496,-0.0065015643,-0.009570864,0.008381405,0.01233736,-0.0021446138,-0.0065452373,-0.01236047,0.01313729,0.015098985,-0.0014658356,-0.00877124,-0.0057819774,-0.012725225,0.0133246705,-0.009910518,0.003938649,0.014742111,0.0018045611,0.0054187244,0.011518848
-0.01583736,0.0140479235,0.010947903,0.0008946052,0.003757088,-0.00029973255,0.016406551,0.018130101,-0.0094794035,-0.0037973858,0.0018329826,-0.010235011,-0.015154759,0.007386979,0.018997634,0.007448165,0.00015694002,-0.018723289,-0.0018237144,0.00028820348,-0.0045562023,-0.020735385,-0.0070062024,-0.013525896,-0.004687285,0.003182461,-0.017545,-0.019460281,-0.009754676,0.011125533,0.009179794,0.025150761
-0.008927064,0.012080252,0.014254824,0.0011684903,-0.0031867498,0.008892878,0.009650002,0.009410463,-0.010662627,-0.018801272,0.008149287,-0.0049284496,-0.0065015643,-0.009570864,0.008381405,0.01233736,-0.0021446138,-0.0065452373,-0.01236047,0.01313729,0.015098985,-0.0014658356,-0.00877124,-0.0057819774,-0.012725225,0.0133246705,-0.009910518,0.003938649,0.014742111,0.0018045611,0.0054187244,0.011518848
-0.01583736,0.0140479235,0.010947903,0.0008946052,0.003757088,-0.00029973255,0.016406551,0.018130101,-0.0094794035,-0.0037973858,0.0018329826,-0.010235011,-0.015154759,0.007386979,0.018997634,0.007448165,0.00015694002,-0.018723289,-0.0018237144,0.00028820348,-0.0045562023,-0.020735385,-0.0070062024,-0.013525896,-0.004687285,0.003182461,-0.017545,-0.019460281,-0.009754676,0.011125533,0.009179794,0.025150761
-0.008927064,0.012080252,0.014254824,0.0011684903,-0.0031867498,0.008892878,0.009650002,0.009410463,-0.010662627,-0.018801272,0.008149287,-0.0049284496,-0.0065015643,-0.009570864,0.008381405,0.01233736,-0.0021446138,-0.0065452373,-0.01236047,0.01313729,0.015098985,-0.0014658356,-0.00877124,-0.0057819774,-0.012725225,0.0133246705,-0.009910518,0.003938649,0.014742111,0.0018045611,0.0054187244,0.011518848
-0.01583736,0.0140479235,0.010947903,0.0008946052,0.003757088,-0.00029973255,0.016406551,0.018130101,-0.0094794035,-0.0037973858,0.0018329826,-0.010235011,-0.015154759,0.007386979,0.018997634,0.007448165,0.00015694002,-0.018723289,-0.0018237144,0.00028820348,-0.0045562023,-0.020735385,-0.0070062024,-0.013525896,-0.004687285,0.003182461,-0.017545,-0.019460281,-0.009754676,0.011125533,0.009179794,0.025150761
-0.008927064,0.012080252,0.014254824,0.0011684903,-0.0031867498,0.008892878,0.009650002,0.009410463,-0.010662627,-0.018801272,0.008149287,-0.0049284496,-0.0065015643,-0.009570864,0.008381405,0.01233736,-0.0021446138,-0.0065452373,-0.01236047,0.01313729,0.015098985,-0.0014658356,-0.00877124,-0.0057819774,-0.012725225,0.0133246705,-0.009910518,0.003938649,0.014742111,0.0018045611,0.0054187244,0.011518848
-0.01583736,0.0140479235,0.010947903,0.0008946052,0.003757088,-0.00029973255,0.016406551,0.018130101,-0.0094794035,-0.0037973858,0.0018329826,-0.010235011,-0.015154759,0.007386979,0.018997634,0.007448165,0.00015694002,-0.018723289,-0.0018237144,0.00028820348,-0.0045562023,-0.020735385,-0.0070062024,-0.013525896,-0.004687285,0.003182461,-0.017545,-0.019460281,-0.009754676,0.011125533,0.009179794,0.025150761
-0.008927064,0.012080252,0.014254824,0.0011684903,-0.0031867498,0.008892878,0.009650002,0.009410463,-0.010662627,-0.018801272,0.008149287,-0.0049284496,-0.0065015643,-0.009570864,0.008381405,0.01233736,-0.0021446138,-0.0065452373,-0.01236047,0.01313729,0.015098985,-0.0014658356,-0.00877124,-0.0057819774,-0.012725225,0.0133246705,-0.009910518,0.003938649,0.014742111,0.0018045611,0.0054187244,0.011518848
-0.01583736,0.0140479235,0.010947903,0.0008946052,0.003757088,-0.00029973255,0.016406551,0.018130101,-0.0094794035,-0.0037973858,0.0018329826,-0.010235011,-0.015154759,0.007386979,0.018997634,0.007448165,0.00015694002,-0.018723289,-0.0018237144,0.00028820348,-0.0045562023,-0.020735385,-0.0070062024,-0.013525896,-0.004687285,0.003182461,-0.017545,-0.019460281,-0.009754676,0.011125533,0.009179794,0.025150761
-0.008927064,0.012080252,0.014254824,0.0011684903,-0.0031867498,0.008892878,0.009650002,0.009410463,-0.010662627,-0.018801272,0.008149287,-0.0049284496,-0.0065015643,-0.009570864,0.008381405,0.01233736,-0.0021446138,-0.0065452373,-0.01236047,0.01313729,0.015098985,-0.0014658356,-0.00877124,-0.0057819774,-0.012725225,0.0133246705,-0.009910518,0.003938649,0.014742111,0.0018045611,0.0054187244,0.011518848
-0.01583736,0.0140479235,0.010947903,0.0008946052,0.003757088,-0.00029973255,0.016406551,0.018130101,-0.0094794035,-0.0037973858,0.0018329826,-0.010235011,-0.015154759,0.007386979,0.018997634,0.007448165,0.00015694002,-0.018723289,-0.0018237144,0.00028820348,-0.0045562023,-0.020735385,-0.0070062024,-0.013525896,-0.004687285,0.003182461,-0.017545,-0.019460281,-0.009754676,0.011125533,0.009179794,0.025150761
-0.008927064,0.012080252,0.014254824,0.0011684903,-0.0031867498,0.008892878,0.009650002,0.009410463,-0.010662627,-0.018801272,0.008149287,-0.0049284496,-0.0065015643,-0.009570864,0.008381405,0.01233736,-0.0021446138,-0.0065452373,-0.01236047,0.01313729,0.015098985,-0.0014658356,-0.00877124,-0.0057819774,-0.012725225,0.0133246705,-0.009910518,0.003938649,0.014742111,0.0018045611,0.0054187244,0.011518848
-0.01583736,0.0140479235,0.010947903,0.0008946052,0.003757088,-0.00029973255,0.016406551,0.018130101,-0.0094794035,-0.0037973858,0.0018329826,-0.010235011,-0.015154759,0.007386979,0.018997634,0.007448165,0.00015694002,-0.018723289,-0.0018237144,0.00028820348,-0.0045562023,-0.020735385,-0.0070062024,-0.013525896,-0.004687285,0.003182461,-0.017545,-0.019460281,-0.009754676,0.011125533,0.009179794,0.025150761
-0.008927064,0.012080252,0.014254824,0.0011684903,-0.0031867498,0.008892878,0.009650002,0.009410463,-0.010662627,-0.018801272,0.008149287,-0.0049284496,-0.0065015643,-0.009570864,0.008381405,0.01233736,-0.0021446138,-0.0065452373,-0.01236047,0.01313729,0.015098985,-0.0014658356,-0.00877124,-0.0057819774,-0.012725225,0.0133246705,-0.009910518,0.003938649,0.014742111,0.0018045611,0.0054187244,0.011518848
-0.01583736,0.0140479235,0.010947903,0.0008946052,0.003757088,-0.00029973255,0.016406551,0.018130101,-0.0094794035,-0.0037973858,0.0018329826,-0.010235011,-0.015154759,0.007386979,0.018997634,0.007448165,0.00015694002,-0.018723289,-0.0018237144,0.00028820348,-0.0045562023,-0.020735385,-0.0070062024,-0.013525896,-0.004687285,0.003182461,-0.017545,-0.019460281,-0.009754676,0.011125533,0.009179794,0.025150761
-0.008927064,0.012080252,0.014254824,0.0011684903,-0.0031867498,0.008892878,0.009650002,0.009410463,-0.010662627,-0.018801272,0.008149287,-0.0049284496,-0.0065015643,-0.009570864,0.008381405,0.01233736,-0.0021446138,-0.0065452373,-0.01236047,0.01313729,0.015098985,-0.0014658356,-0.00877124,-0.0057819774,-0.012725225,0.0133246705,-0.009910518,0.003938649,0.014742111,0.0018045611,0.0054187244,0.011518848
-0.01583736,0.0140479235,0.010947903,0.0008946052,0.003757088,-0.00029973255,0.016406551,0.018130101,-0.0094794035,-0.0037973858,0.0018329826,-0.010235011,-0.015154759,0.007386979,0.018997634,0.007448165,0.00015694002,-0.018723289,-0.0018237144,0.00028820348,-0.0045562023,-0.020735385,-0.0070062024,-0.013525896,-0.004687285,0.003182461,-0.017545,-0.019460281,-0.009754676,0.011125533,0.009179794,0.025150761
-0.008927064,0.012080252,0.014254824,0.0011684903,-0.0031867498,0.008892878,0.009650002,0.009410463,-0.010662627,-0.018801272,0.008149287,-0.0049284496,-0.0065015643,-0.009570864,0.008381405,0.01233736,-0.0021446138,-0.0065452373,-0.01236047,0.01313729,0.015098985,-0.0014658356,-0.00877124,-0.0057819774,-0.012725225,0.0133246705,-0.009910518,0.003938649,0.014742111,0.0018045611,0.0054187244,0.011518848
-0.01583736,0.0140479235,0.010947903,0.0008946052,0.003757088,-0.00029973255,0.016406551,0.018130101,-0.0094794035,-0.0037973858,0.0018329826,-0.010235011,-0.015154759,0.007386979,0.018997634,0.007448165,0.00015694002,-0.018723289,-0.0018237144,0.00028820348,-0.0045562023,-0.020735385,-0.0070062024,-0.013525896,-0.004687285,0.003182461,-0.017545,-0.019460281,-0.009754676,0.011125533,0.009179794,0.025150761
-0.008927064,0.012080252,0.014254824,0.0011684903,-0.0031867498,0.008892878,0.009650002,0.009410463,-0.010662627,-0.018801272,0.008149287,-0.0049284496,-0.0065015643,-0.009570864,0.008381405,0.01233736,-0.0021446138,-0.0065452373,-0.01236047,0.01313729,0.015098985,-0.0014658356,-0.00877124,-0.0057819774,-0.012725225,0.0133246705,-0.009910518,0.003938649,0.014742111,0.0018045611,0.0054187244,0.011518848
0.10696478,0.17337514,0.28346294,0.058404125,0.42554802,0.33359304,0.24339351,0.2278319,0.09068829,0.004481646,-0.092239544,-0.57307774,-0.0784121,-0.72540706,0.06315607,-0.3565943,0.14287731,-0.28444076,0.017326243,0.30429986,-0.15064186,0.11426082,-0.29610127,-0.37664312,-0.05891981,0.1947056,-0.2362669,0.2235525,0.19319858,0.3214914,0.06277713,-0.29755378
-0.9880527,-0.0956295,0.28253874,-0.21338086,0.20303796,0.01209788,0.14710218,0.018722838,0.06297645,-0.13875556,0.17050534,-0.016966093,-0.51750386,0.11858784,0.07811924,0.6925848,-0.4925297,0.39100608,0.051314406,-0.33446988,0.1644657,0.085843585,-0.3631867,0.40731832,-0.3328858,-0.14255682,-0.4936668,0.072420016,-0.024627347,-0.15240031,0.47851962,-0.08957036
0.6182401,-0.44402283,-0.016622718,0.11446621,-0.28204507,0.49305993,-0.13738948,1.0696243,0.21559684,-0.070010066,-0.2453449,-0.53102225,0.16400008,-0.41683328,-0.13498567,-0.22758807,-0.04527991,-0.027303187,0.008379716,0.08276204,0.12571122,-0.14814699,-0.29347447,-0.28238288,-0.02315369,-0.26116267,-0.33641428,-0.07859898,0.29200357,0.36245137,0.37945035,0.016981967
-0.48254895,-0.086336575,0.6830615,0.35559615,0.284694,0.4156819,0.46826813,-0.67338467,0.021382682,-0.89383906,0.33454195,0.29085153,-0.33408692,0.7523244,-0.16388348,0.14961793,0.40114462,0.107429996,-0.34260395,-0.7047806,0.297049,-0.02430563,-0.30029058,-0.14899853,-0.04192741,-0.45734215,-0.47312158,-0.17716958,0.45875818,-0.30874643,0.42771924,0.36515734
-0.3033074,-0.4624442,-0.0013382202,-0.0071252957,-0.31898695,0.012193692,0.3035537,0.6189649,0.4698055,-0.36046565,0.25381047,-0.49193773,0.1918156,0.0055400655,-0.050176404,-0.15358326,-0.23638575,0.034417987,-0.37498787,-0.44400606,0.20938951,-0.1973752,0.025686637,-0.09488179,-0.12238039,-0.2048784,-0.083556995,-0.0009781979,0.108486176,-0.022562834,0.26824856,-0.1874156
-0.103623204,0.57002056,-0.012069297,0.008229375,0.22810182,0.20892115,0.46957886,-0.047268018,-0.05586713,-0.060996857,0.30484188,0.1668155,-0.15876107,0.26564065,-0.053242166,0.013986365,-0.37457082,0.22725113,0.028229179,-0.1067898,0.13882028,0.08864663,0.4292049,-0.06976085,-0.24265051,-0.02916285,-0.11265367,-0.18160744,0.13856296,0.07230889,0.009158656,-0.059807222
-0.01583736,0.0140479235,0.010947903,0.0008946052,0.003757088,-0.00029973255,0.016406551,0.018130101,-0.0094794035,-0.0037973858,0.0018329826,-0.010235011,-0.015154759,0.007386979,0.018997634,0.007448165,0.00015694002,-0.018723289,-0.0018237144,0.00028820348,-0.0045562023,-0.020735385,-0.0070062024,-0.013525896,-0.004687285,0.003182461,-0.017545,-0.019460281,-0.009754676,0.011125533,0.009179794,0.025150761
-0.008927064,0.012080252,0.014254824,0.0011684903,-0.0031867498,0.008892878,0.009650002,0.009410463,-0.010662627,-0.018801272,0.008149287,-0.0049284496,-0.0065015643,-0.009570864,0.008381405,0.01233736,-0.0021446138,-0.0065452373,-0.01236047,0.01313729,0.015098985,-0.0014658356,-0.00877124,-0.0057819774,-0.012725225,0.0133246705,-0.009910518,0.003938649,0.014742111,0.0018045611,0.0054187244,0.011518848
-0.01583736,0.0140479235,0.010947903,0.0008946052,0.003757088,-0.00029973255,0.016406551,0.018130101,-0.0094794035,-0.0037973858,0.0018329826,-0.010235011,-0.015154759,0.007386979,0.018997634,0.007448165,0.00015694002,-0.018723289,-0.0018237144,0.00028820348,-0.0045562023,-0.020735385,-0.0070062024,-0.013525896,-0.004687285,0.003182461,-0.017545,-0.019460281,-0.009754676,0.011125533,0.009179794,0.025150761
-0.008927064,0.012080252,0.014254824,0.0011684903,-0.0031867498,0.008892878,0.009650002,0.009410463,-0.010662627,-0.018801272,0.008149287,-0.0049284496,-0.0065015643,-0.009570864,0.008381405,0.01233736,-0.0021446138,-0.0065452373,-0.01236047,0.01313729,0.015098985,-0.0014658356,-0.00877124,-0.0057819774,-0.012725225,0.0133246705,-0.009910518,0.003938649,0.014742111,0.0018045611,0.0054187244,0.011518848
-0.01583736,0.0140479235,0.010947903,0.0008946052,0.003757088,-0.00029973255,0.016406551,0.018130101,-0.0094794035,-0.0037973858,0.0018329826,-0.010235011,-0.015154759,0.007386979,0.018997634,0.007448165,0.00015694002,-0.018723289,-0.0018237144,0.00028820348,-0.0045562023,-0.020735385,-0.0070062024,-0.013525896,-0.004687285,0.003182461,-0.017545,-0.019460281,-0.009754676,0.011125533,0.009179794,0.025150761
-0.008927064,0.012080252,0.014254824,0.0011684903,-0.0031867498,0.008892878,0.009650002,0.009410463,-0.010662627,-0.018801272,0.008149287,-0.0049284496,-0.0065015643,-0.009570864,0.008381405,0.01233736,-0.0021446138,-0.0065452373,-0.01236047,0.01313729,0.015098985,-0.0014658356,-0.00877124,-0.0057819774,-0.012725225,0.0133246705,-0.009910518,0.003938649,0.014742111,0.0018045611,0.0054187244,0.011518848
-0.01583736,0.0140479235,0.010947903,0.0008946052,0.003757088,-0.00029973255,0.016406551,0.018130101,-0.0094794035,-0.0037973858,0.0018329826,-0.010235011,-0.015154759,0.007386979,0.018997634,0.007448165,0.00015694002,-0.018723289,-0.0018237144,0.00028820348,-0.0045562023,-0.020735385,-0.0070062024,-0.013525896,-0.004687285,0.003182461,-0.017545,-0.019460281,-0.009754676,0.011125533,0.009179794,0.025150761
-0.008927064,0.012080252,0.014254824,0.0011684903,-0.0031867498,0.008892878,0.009650002,0.009410463,-0.010662627,-0.018801272,0.008149287,-0.0049284496,-0.0065015643,-0.009570864,0.008381405,0.01233736,-0.0021446138,-0.0065452373,-0.01236047,0.01313729,0.015098985,-0.0014658356,-0.00877124,-0.0057819774,-0.012725225,0.0133246705,-0.009910518,0.003938649,0.014742111,0.0018045611,0.0054187244,0.011518848
-0.01583736,0.0140479235,0.010947903,0.0008946052,0.003757088,-0.00029973255,0.016406551,0.018130101,-0.0094794035,-0.0037973858,0.0018329826,-0.010235011,-0.015154759,0.007386979,0.018997634,0.007448165,0.00015694002,-0.018723289,-0.0018237144,0.00028820348,-0.0045562023,-0.020735385,-0.0070062024,-0.013525896,-0.004687285,0.003182461,-0.017545,-0.019460281,-0.009754676,0.011125533,0.009179794,0.025150761
-0.008927064,0.012080252,0.014254824,0.0011684903,-0.0031867498,0.008892878,0.009650002,0.009410463,-0.010662627,-0.018801272,0.008149287,-0.0049284496,-0.0065015643,-0.009570864,0.008381405,0.01233736,-0.0021446138,-0.0065452373,-0.01236047,0.01313729,0.015098985,-0.0014658356,-0.00877124,-0.0057819774,-0.012725225,0.0133246705,-0.009910518,0.003938649,0.014742111,0.0018045611,0.0054187244,0.011518848
-0.01583736,0.0140479235,0.010947903,0.0008946052,0.003757088,-0.00029973255,0.016406551,0.018130101,-0.0094794035,-0.0037973858,0.0018329826,-0.010235011,-0.015154759,0.007386979,0.018997634,0.007448165,0.00015694002,-0.018723289,-0.0018237144,0.00028820348,-0.0045562023,-0.020735385,-0.0070062024,-0.013525896,-0.004687285,0.003182461,-0.017545,-0.019460281,-0.009754676,0.011125533,0.009179794,0.025150761
-0.008927064,0.012080252,0.014254824,0.0011684903,-0.0031867498,0.008892878,0.009650002,0.009410463,-0.010662627,-0.018801272,0.008149287,-0.0049284496,-0.0065015643,-0.009570864,0.008381405,0.01233736,-0.0021446138,-0.0065452373,-0.01236047,0.01313729,0.015098985,-0.0014658356,-0.00877124,-0.0057819774,-0.012725225,0.0133246705,-0.009910518,0.003938649,0.014742111,0.0018045611,0.0054187244,0.011518848
-0.01583736,0.0140479235,0.010947903,0.0008946052,0.003757088,-0.00029973255,0.016406551,0.018130101,-0.0094794035,-0.0037973858,0.0018329826,-0.010235011,-0.015154759,0.007386979,0.018997634,0.007448165,0.00015694002,-0.018723289,-0.0018237144,0.00028820348,-0.0045562023,-0.020735385,-0.0070062024,-0.013525896,-0.004687285,0.003182461,-0.017545,-0.019460281,-0.009754676,0.011125533,0.009179794,0.025150761
-0.008927064,0.012080252,0.014254824,0.0011684903,-0.0031867498,0.008892878,0.009650002,0.009410463,-0.010662627,-0.018801272,0.008149287,-0.0049284496,-0.0065015643,-0.009570864,0.008381405,0.01233736,-0.0021446138,-0.0065452373,-0.01236047,0.01313729,0.015098985,-0.0014658356,-0.00877124,-0.0057819774,-0.012725225,0.0133246705,-0.009910518,0.003938649,0.014742111,0.0018045611,0.0054187244,0.011518848
-0.01583736,0.0140479235,0.010947903,0.0008946052,0.003757088,-0.00029973255,0.016406551,0.018130101,-0.0094794035,-0.0037973858,0.0018329826,-0.010235011,-0.015154759,0.007386979,0.018997634,0.007448165,0.00015694002,-0.018723289,-0.0018237144,0.00028820348,-0.0045562023,-0.020735385,-0.0070062024,-0.013525896,-0.004687285,0.003182461,-0.017545,-0.019460281,-0.009754676,0.011125533,0.009179794,0.025150761
-0.008927064,0.012080252,0.014254824,0.0011684903,-0.0031867498,0.008892878,0.009650002,0.009410463,-0.010662627,-0.018801272,0.008149287,-0.0049284496,-0.0065015643,-0.009570864,0.008381405,0.01233736,-0.0021446138,-0.0065452373,-0.01236047,0.01313729,0.015098985,-0.0014658356,-0.00877124,-0.0057819774,-0.012725225,0.0133246705,-0.009910518,0.003938649,0.014742111,0.0018045611,0.0054187244,0.011518848
-0.01583736,0.0140479235,0.010947903,0.0008946052,0.003757088,-0.00029973255,0.016406551,0.018130101,-0.0094794035,-0.0037973858,0.0018329826,-0.010235011,-0.015154759,0.007386979,0.018997634,0.007448165,0.00015694002,-0.018723289,-0.0018237144,0.00028820348,-0.0045562023,-0.020735385,-0.0070062024,-0.013525896,-0.004687285,0.003182461,-0.017545,-0.019460281,-0.009754676,0.011125533,0.009179794,0.025150761
-0.008927064,0.012080252,0.014254824,0.0011684903,-0.0031867498,0.008892878,0.009650002,0.009410463,-0.010662627,-0.018801272,0.008149287,-0.0049284496,-0.0065015643,-0.009570864,0.008381405,0.01233736,-0.0021446138,-0.0065452373,-0.01236047,0.01313729,0.015098985,-0.0014658356,-0.00877124,-0.0057819774,-0.012725225,0.0133246705,-0.009910518,0.003938649,0.014742111,0.0018045611,0.0054187244,0.011518848
-0.01583736,0.0140479235,0.010947903,0.0008946052,0.003757088,-0.00029973255,0.016406551,0.018130101,-0.0094794035,-0.0037973858,0.0018329826,-0.010235011,-0.015154759,0.007386979,0.018997634,0.007448165,0.00015694002,-0.018723289,-0.0018237144,0.00028820348,-0.0045562023,-0.020735385,-0.0070062024,-0.013525896,-0.004687285,0.003182461,-0.017545,-0.019460281,-0.009754676,0.011125533,0.009179794,0.025150761
-0.008927064,0.012080252,0.014254824,0.0011684903,-0.0031867498,0.008892878,0.009650002,0.009410463,-0.010662627,-0.018801272,0.008149287,-0.0049284496,-0.0065015643,-0.009570864,0.008381405,0.01233736,-0.0021446138,-0.0065452373,-0.01236047,0.01313729,0.015098985,-0.0014658356,-0.00877124,-0.0057819774,-0.012725225,0.0133246705,-0.009910518,0.003938649,0.014742111,0.0018045611,0.0054187244,0.011518848
-0.01583736,0.0140479235,0.010947903,0.0008946052,0.003757088,-0.00029973255,0.016406551,0.018130101,-0.0094794035,-0.0037973858,0.0018329826,-0.010235011,-0.015154759,0.007386979,0.018997634,0.007448165,0.00015694002,-0.018723289,-0.0018237144,0.00028820348,-0.0045562023,-0.020735385,-0.0070062024,-0.013525896,-0.004687285,0.003182461,-0.017545,-0.019460281,-0.009754676,0.011125533,0.009179794,0.025150761
-0.008927064,0.012080252,0.014254824,0.0011684903,-0.0031867498,0.008892878,0.009650002,0.009410463,-0.010662627,-0.018801272,0.008149287,-0.0049284496,-0.0065015643,-0.009570864,0.008381405,0.01233736,-0.0021446138,-0.0065452373,-0.01236047,0.01313729,0.015098985,-0.0014658356,-0.00877124,-0.0057819774,-0.012725225,0.0133246705,-0.009910518,0.003938649,0.014742111,0.0018045611,0.0054187244,0.011518848
-0.01583736,0.0140479235,0.010947903,0.0008946052,0.003757088,-0.00029973255,0.016406551,0.018130101,-0.0094794035,-0.0037973858,0.0018329826,-0.010235011,-0.015154759,0.007386979,0.018997634,0.007448165,0.00015694002,-0.018723289,-0.0018237144,0.00028820348,-0.0045562023,-0.020735385,-0.0070062024,-0.013525896,-0.004687285,0.003182461,-0.017545,-0.019460281,-0.009754676,0.011125533,0.009179794,0.025150761
-0.008927064,0.012080252,0.014254824,0.0011684903,-0.0031867498,0.008892878,0.009650002,0.009410463,-0.010662627,-0.018801272,0.008149287,-0.0049284496,-0.0065015643,-0.009570864,0.008381405,0.01233736,-0.0021446138,-0.0065452373,-0.01236047,0.01313729,0.015098985,-0.0014658356,-0.00877124,-0.0057819774,-0.012725225,0.0133246705,-0.009910518,0.003938649,0.014742111,0.0018045611,0.0054187244,0.011518848
-0.01583736,0.0140479235,0.010947903,0.0008946052,0.003757088,-0.00029973255,0.016406551,0.018130101,-0.0094794035,-0.0037973858,0.0018329826,-0.010235011,-0.015154759,0.007386979,0.018997634,0.007448165,0.00015694002,-0.018723289,-0.0018237144,0.00028820348,-0.0045562023,-0.020735385,-0.0070062024,-0.013525896,-0.004687285,0.003182461,-0.017545,-0.019460281,-0.009754676,0.011125533,0.009179794,0.025150761
-0.008927064,0.012080252,0.014254824,0.0011684903,-0.0031867498,0.008892878,0.009650002,0.009410463,-0.010662627,-0.018801272,0.008149287,-0.0049284496,-0.0065015643,-0.009570864,0.008381405,0.01233736,-0.0021446138,-0.0065452373,-0.01236047,0.01313729,0.015098985,-0.0014658356,-0.00877124,-0.0057819774,-0.012725225,0.0133246705,-0.009910518,0.003938649,0.014742111,0.0018045611,0.0054187244,0.011518848
-0.01583736,0.0140479235,0.010947903,0.0008946052,0.003757088,-0.00029973255,0.016406551,0.018130101,-0.0094794035,-0.0037973858,0.0018329826,-0.010235011,-0.015154759,0.007386979,0.018997634,0.007448165,0.00015694002,-0.018723289,-0.0018237144,0.00028820348,-0.0045562023,-0.020735385,-0.0070062024,-0.013525896,-0.004687285,0.003182461,-0.017545,-0.019460281,-0.009754676,0.011125533,0.009179794,0.025150761
-0.008927064,0.012080252,0.014254824,0.0011684903,-0.0031867498,0.008892878,0.009650002,0.009410463,-0.010662627,-0.018801272,0.008149287,-0.0049284496,-0.0065015643,-0.009570864,0.008381405,0.01233736,-0.0021446138,-0.0065452373,-0.01236047,0.01313729,0.015098985,-0.0014658356,-0.00877124,-0.0057819774,-0.012725225,0.0133246705,-0.009910518,0.003938649,0.014742111,0.0018045611,0.0054187244,0.011518848
-0.01583736,0.0140479235,0.010947903,0.0008946052,0.003757088,-0.00029973255,0.016406551,0.018130101,-0.0094794035,-0.0037973858,0.0018329826,-0.010235011,-0.015154759,0.007386979,0.018997634,0.007448165,0.00015694002,-0.018723289,-0.0018237144,0.00028820348,-0.0045562023,-0.020735385,-0.0070062024,-0.013525896,-0.004687285,0.003182461,-0.017545,-0.019460281,-0.009754676,0.011125533,0.009179794,0.025150761
-0.008927064,0.012080252,0.014254824,0.0011684903,-0.0031867498,0.008892878,0.009650002,0.009410463,-0.010662627,-0.018801272,0.008149287,-0.0049284496,-0.0065015643,-0.009570864,0.008381405,0.01233736,-0.0021446138,-0.0065452373,-0.01236047,0.01313729,0.015098985,-0.0014658356,-0.00877124,-0.0057819774,-0.012725225,0.0133246705,-0.009910518,0.003938649,0.014742111,0.0018045611,0.0054187244,0.011518848
-0.01583736,0.0140479235,0.010947903,0.0008946052,0.003757088,-0.00029973255,0.016406551,0.018130101,-0.0094794035,-0.0037973858,0.0018329826,-0.010235011,-0.015154759,0.007386979,0.018997634,0.007448165,0.00015694002,-0.018723289,-0.0018237144,0.00028820348,-0.0045562023,-0.020735385,-0.0070062024,-0.013525896,-0.004687285,0.003182461,-0.017545,-0.019460281,-0.009754676,0.011125533,0.009179794,0.025150761
-0.008927064,0.012080252,0.014254824,0.0011684903,-0.0031867498,0.008892878,0.009650002,0.009410463,-0.010662627,-0.018801272,0.008149287,-0.0049284496,-0.0065015643,-0.009570864,0.008381405,0.01233736,-0.0021446138,-0.0065452373,-0.01236047,0.01313729,0.015098985,-0.0014658356,-0.00877124,-0.0057819774,-0.012725225,0.0133246705,-0.009910518,0.003938649,0.014742111,0.0018045611,0.0054187244,0.011518848
-0.01583736,0.0140479235,0.010947903,0.0008946052,0.003757088,-0.00029973255,0.016406551,0.018130101,-0.0094794035,-0.0037973858,0.0018329826,-0.010235011,-0.015154759,0.007386979,0.018997634,0.007448165,0.00015694002,-0.018723289,-0.0018237144,0.00028820348,-0.0045562023,-0.020735385,-0.0070062024,-0.013525896,-0.004687285,0.003182461,-0.017545,-0.019460281,-0.009754676,0.011125533,0.009179794,0.025150761
-0.008927064,0.012080252,0.014254824,0.0011684903,-0.0031867498,0.008892878,0.009650002,0.009410463,-0.010662627,-0.018801272,0.008149287,-0.0049284496,-0.0065015643,-0.009570864,0.008381405,0.01233736,-0.0021446138,-0.0065452373,-0.01236047,0.01313729,0.015098985,-0.0014658356,-0.00877124,-0.0057819774,-0.012725225,0.0133246705,-0.009910518,0.003938649,0.014742111,0.0018045611,0.0054187244,0.011518848
-0.01583736,0.0140479235,0.010947903,0.0008946052,0.003757088,-0.00029973255,0.016406551,0.018130101,-0.0094794035,-0.0037973858,0.0018329826,-0.010235011,-0.015154759,0.007386979,0.018997634,0.007448165,0.00015694002,-0.018723289,-0.0018237144,0.00028820348,-0.0045562023,-0.020735385,-0.0070062024,-0.013525896,-0.004687285,0.003182461,-0.017545,-0.019460281,-0.009754676,0.011125533,0.009179794,0.025150761
-0.008927064,0.012080252,0.014254824,0.0011684903,-0.0031867498,0.008892878,0.009650002,0.009410463,-0.010662627,-0.018801272,0.008149287,-0.0049284496,-0.0065015643,-0.009570864,0.008381405,0.01233736,-0.0021446138,-0.0065452373,-0.01236047,0.01313729,0.015098985,-0.0014658356,-0.00877124,-0.0057819774,-0.012725225,0.0133246705,-0.009910518,0.003938649,0.014742111,0.0018045611,0.0054187244,0.011518848
-0.01583736,0.0140479235,0.010947903,0.0008946052,0.003757088,-0.00029973255,0.016406551,0.018130101,-0.0094794035,-0.0037973858,0.0018329826,-0.010235011,-0.015154759,0.007386979,0.018997634,0.007448165,0.00015694002,-0.018723289,-0.0018237144,0.00028820348,-0.0045562023,-0.020735385,-0.0070062024,-0.013525896,-0.004687285,0.003182461,-0.017545,-0.019460281,-0.009754676,0.011125533,0.009179794,0.025150761
-0.008927064,0.012080252,0.014254824,0.0011684903,-0.0031867498,0.008892878,0.009650002,0.009410463,-0.010662627,-0.018801272,0.008149287,-0.0049284496,-0.0065015643,-0.009570864,0.008381405,0.01233736,-0.0021446138,-0.0065452373,-0.01236047,0.01313729,0.015098985,-0.0014658356,-0.00877124,-0.0057819774,-0.012725225,0.0133246705,-0.009910518,0.003938649,0.014742111,0.0018045611,0.0054187244,0.011518848
-0.01583736,0.0140479235,0.010947903,0.0008946052,0.003757088,-0.00029973255,0.016406551,0.018130101,-0.0094794035,-0.0037973858,0.0018329826,-0.010235011,-0.015154759,0.007386979,0.018997634,0.007448165,0.00015694002,-0.018723289,-0.0018237144,0.00028820348,-0.0045562023,-0.020735385,-0.0070062024,-0.013525896,-0.004687285,0.003182461,-0.017545,-0.019460281,-0.009754676,0.011125533,0.009179794,0.025150761
-0.008927064,0.012080252,0.014254824,0.0011684903,-0.0031867498,0.008892878,0.009650002,0.009410463,-0.010662627,-0.018801272,0.008149287,-0.0049284496,-0.0065015643,-0.009570864,0.008381405,0.01233736,-0.0021446138,-0.0065452373,-0.01236047,0.01313729,0.015098985,-0.0014658356,-0.00877124,-0.0057819774,-0.012725225,0.0133246705,-0.009910518,0.003938649,0.014742111,0.0018045611,0.0054187244,0.011518848
-0.01583736,0.0140479235,0.010947903,0.0008946052,0.003757088,-0.00029973255,0.016406551,0.018130101,-0.0094794035,-0.0037973858,0.0018329826,-0.010235011,-0.015154759,0.007386979,0.018997634,0.007448165,0.00015694002,-0.018723289,-0.0018237144,0.00028820348,-0.0045562023,-0.020735385,-0.0070062024,-0.013525896,-0.004687285,0.003182461,-0.017545,-0.019460281,-0.009754676,0.011125533,0.009179794,0.025150761
-0.008927064,0.012080252,0.014254824,0.0011684903,-0.0031867498,0.008892878,0.009650002,0.009410463,-0.010662627,-0.018801272,0.008149287,-0.0049284496,-0.0065015643,-0.009570864,0.008381405,0.01233736,-0.0021446138,-0.0065452373,-0.01236047,0.01313729,0.015098985,-0.0014658356,-0.00877124,-0.0057819774,-0.012725225,0.0133246705,-0.009910518,0.003938649,0.014742111,0.0018045611,0.0054187244,0.011518848
-0.01583736,0.0140479235,0.010947903,0.0008946052,0.003757088,-0.00029973255,0.016406551,0.018130101,-0.0094794035,-0.0037973858,0.0018329826,-0.010235011,-0.015154759,0.007386979,0.018997634,0.007448165,0.00015694002,-0.018723289,-0.0018237144,0.00028820348,-0.0045562023,-0.020735385,-0.0070062024,-0.013525896,-0.004687285,0.003182461,-0.017545,-0.019460281,-0.009754676,0.011125533,0.009179794,0.025150761
-0.008927064,0.012080252,0.014254824,0.0011684903,-0.0031867498,0.008892878,0.009650002,0.009410463,-0.010662627,-0.018801272,0.008149287,-0.0049284496,-0.0065015643,-0.009570864,0.008381405,0.01233736,-0.0021446138,-0.0065452373,-0.01236047,0.01313729,0.015098985,-0.0014658356,-0.00877124,-0.0057819774,-0.012725225,0.0133246705,-0.009910518,0.003938649,0.014742111,0.0018045611,0.0054187244,0.011518848
-0.01583736,0.0140479235,0.010947903,0.0008946052,0.003757088,-0.00029973255,0.016406551,0.018130101,-0.0094794035,-0.0037973858,0.0018329826,-0.010235011,-0.015154759,0.007386979,0.018997634,0.007448165,0.00015694002,-0.018723289,-0.0018237144,0.00028820348,-0.0045562023,-0.020735385,-0.0070062024,-0.013525896,-0.004687285,0.003182461,-0.017545,-0.019460281,-0.009754676,0.011125533,0.009179794,0.025150761
-0.008927064,0.012080252,0.014254824,0.0011684903,-0.0031867498,0.008892878,0.009650002,0.009410463,-0.010662627,-0.018801272,0.008149287,-0.0049284496,-0.0065015643,-0.009570864,0.008381405,0.01233736,-0.0021446138,-0.0065452373,-0.01236047,0.01313729,0.015098985,-0.0014658356,-0.00877124,-0.0057819774,-0.012725225,0.0133246705,-0.009910518,0.003938649,0.014742111,0.0018045611,0.0054187244,0.011518848
-0.01583736,0.0140479235,0.010947903,0.0008946052,0.003757088,-0.00029973255,0.016406551,0.018130101,-0.0094794035,-0.0037973858,0.0018329826,-0.010235011,-0.015154759,0.007386979,0.018997634,0.007448165,0.00015694002,-0.018723289,-0.0018237144,0.00028820348,-0.0045562023,-0.020735385,-0.0070062024,-0.013525896,-0.004687285,0.003182461,-0.017545,-0.019460281,-0.009754676,0.011125533,0.009179794,0.025150761
-0.008927064,0.012080252,0.014254824,0.0011684903,-0.0031867498,0.008892878,0.009650002,0.009410463,-0.010662627,-0.018801272,0.008149287,-0.0049284496,-0.0065015643,-0.009570864,0.008381405,0.01233736,-0.0021446138,-0.0065452373,-0.01236047,0.01313729,0.015098985,-0.0014658356,-0.00877124,-0.0057819774,-0.012725225,0.0133246705,-0.009910518,0.003938649,0.014742111,0.0018045611,0.0054187244,0.011518848
-0.01583736,0.0140479235,0.010947903,0.0008946052,0.003757088,-0.00029973255,0.016406551,0.018130101,-0.0094794035,-0.0037973858,0.0018329826,-0.010235011,-0.015154759,0.007386979,0.018997634,0.007448165,0.00015694002,-0.018723289,-0.0018237144,0.00028820348,-0.0045562023,-0.020735385,-0.0070062024,-0.013525896,-0.004687285,0.003182461,-0.017545,-0.019460281,-0.009754676,0.011125533,0.009179794,0.025150761
-0.008927064,0.012080252,0.014254824,0.0011684903,-0.0031867498,0.008892878,0.009650002,0.009410463,-0.010662627,-0.018801272,0.008149287,-0.0049284496,-0.0065015643,-0.009570864,0.008381405,0.01233736,-0.0021446138,-0.0065452373,-0.01236047,0.01313729,0.015098985,-0.0014658356,-0.00877124,-0.0057819774,-0.012725225,0.0133246705,-0.009910518,0.003938649,0.014742111,0.0018045611,0.0054187244,0.011518848
-0.01583736,0.0140479235,0.010947903,0.0008946052,0.003757088,-0.00029973255,0.016406551,0.018130101,-0.0094794035,-0.0037973858,0.0018329826,-0.010235011,-0.015154759,0.007386979,0.018997634,0.007448165,0.00015694002,-0.018723289,-0.0018237144,0.00028820348,-0.0045562023,-0.020735385,-0.0070062024,-0.013525896,-0.004687285,0.003182461,-0.017545,-0.019460281,-0.009754676,0.011125533,0.009179794,0.025150761
-0.008927064,0.012080252,0.014254824,0.0011684903,-0.0031867498,0.008892878,0.009650002,0.009410463,-0.010662627,-0.018801272,0.008149287,-0.0049284496,-0.0065015643,-0.009570864,0.008381405,0.01233736,-0.0021446138,-0.0065452373,-0.01236047,0.01313729,0.015098985,-0.0014658356,-0.00877124,-0.0057819774,-0.012725225,0.0133246705,-0.009910518,0.003938649,0.014742111,0.0018045611,0.0054187244,0.011518848
-0.01583736,0.0140479235,0.010947903,0.0008946052,0.003757088,-0.00029973255,0.016406551,0.018130101,-0.0094794035,-0.0037973858,0.0018329826,-0.010235011,-0.015154759,0.007386979,0.018997634,0.007448165,0.00015694002,-0.018723289,-0.0018237144,0.00028820348,-0.0045562023,-0.020735385,-0.0070062024,-0.013525896,-0.004687285,0.003182461,-0.017545,-0.019460281,-0.009754676,0.011125533,0.009179794,0.025150761
-0.008927064,0.012080252,0.014254824,0.0011684903,-0.0031867498,0.008892878,0.009650002,0.009410463,-0.010662627,-0.018801272,0.008149287,-0.0049284496,-0.0065015643,-0.009570864,0.008381405,0.01233736,-0.0021446138,-0.0065452373,-0.01236047,0.01313729,0.015098985,-0.0014658356,-0.00877124,-0.0057819774,-0.012725225,0.0133246705,-0.009910518,0.003938649,0.014742111,0.0018045611,0.0054187244,0.011518848
-0.01583736,0.0140479235,0.010947903,0.0008946052,0.003757088,-0.00029973255,0.016406551,0.018130101,-0.0094794035,-0.0037973858,0.0018329826,-0.010235011,-0.015154759,0.007386979,0.018997634,0.007448165,0.00015694002,-0.018723289,-0.0018237144,0.00028820348,-0.0045562023,-0.020735385,-0.0070062024,-0.013525896,-0.004687285,0.003182461,-0.017545,-0.019460281,-0.009754676,0.011125533,0.009179794,0.025150761
-0.008927064,0.012080252,0.014254824,0.0011684903,-0.0031867498,0.008892878,0.009650002,0.009410463,-0.010662627,-0.018801272,0.008149287,-0.0049284496,-0.0065015643,-0.009570864,0.008381405,0.01233736,-0.0021446138,-0.0065452373,-0.01236047,0.01313729,0.015098985,-0.0014658356,-0.00877124,-0.0057819774,-0.012725225,0.0133246705,-0.009910518,0.003938649,0.014742111,0.0018045611,0.0054187244,0.011518848
-0.009474104,0.70734245,0.034167785,0.61886954,0.13344572,0.298421,0.19243847,0.26092747,0.5092104,0.5885838,-0.45582804,-0.35283932,0.59621894,-0.5793325,-0.1455319,-0.6679902,0.11068379,-0.4174043,0.15150909,0.07076004,-0.49374512,-0.05585113,-0.17743833,-0.17532048,-0.28686672,0.43975607,0.25404918,0.5170083,0.18130668,0.3114047,0.04242059,-0.12728888
-1.1108994,-0.1573762,0.285885,-0.19906405,0.17437585,0.4291429,0.3565195,-0.23433924,0.18025967,-0.50157714,0.18028541,-0.25520024,-0.48162994,0.5722824,0.011836429,0.30279297,0.05363703,0.42300132,-0.07620517,-0.5392427,0.17673671,-0.23474783,-0.5442017,0.2417146,-0.26225457,-0.25752917,-0.48202968,0.58236516,0.072680086,-0.04528939,0.18500923,0.052478306
0.2964716,-0.44371742,-0.059642043,-0.4481534,0.18612815,0.19672874,0.0883159,0.6585971,0.17415114,-0.6798144,-0.20576844,-0.20110315,0.7538461,-0.4972509,0.26057926,0.0014380342,-0.32551417,-0.2764852,0.014332207,0.062759176,0.30942366,-0.33725223,-0.5324563,-0.32927787,0.040700354,-0.09838162,-0.31855023,-0.029226378,0.25472727,0.14623111,0.12868339,-0.54386896
-0.6911535,0.31513444,0.19675799,0.38607365,0.1029162,0.49456,0.1699064,-0.21536133,0.10935596,-0.760419,0.3320157,0.61704105,-0.31092343,0.4896056,-0.084331274,0.024472326,-0.07010295,0.24860258,0.049919046,-0.6910769,0.1901271,0.022894923,0.30974084,-0.17596433,-0.032258328,-0.15495455,-0.6543674,0.015799787,0.21675628,-0.21854107,0.5525243,0.20366389
-0.10103685,0.072239935,-0.19179623,-0.35390276,0.13009296,0.0504637,-0.0029997397,0.12760529,0.11859949,0.04138967,0.2527308,-0.06163803,0.07018941,0.21777764,0.039145827,-0.08562847,-0.31006816,0.50256133,0.22496918,-0.23087437,0.26062685,-0.40659568,0.027890328,-0.3197695,0.6750299,-0.1487004,-0.6282652,-0.19756886,-0.036159724,-0.06293297,0.5135472,0.24896592
-0.0512767,0.41061252,0.08158214,0.13487737,0.25128233,0.110598974,0.5120518,-0.043278754,0.021109466,-0.36464137,0.30477655,0.19214529,-0.15412068,0.326944,-0.29414994,-0.26163432,-0.29531306,0.17638302,-0.13571145,-0.12799987,0.32965603,0.13437578,0.1749938,-0.008515534,-0.21049316,-0.23912126,-0.22229141,-0.41630176,0.14371435,-0.06170281,0.27876976,0.114725485
-0.01583736,0.0140479235,0.010947903,0.0008946052,0.003757088,-0.00029973255,0.016406551,0.018130101,-0.0094794035,-0.0037973858,0.0018329826,-0.010235011,-0.015154759,0.007386979,0.018997634,0.007448165,0.00015694002,-0.018723289,-0.0018237144,0.00028820348,-0.0045562023,-0.020735385,-0.0070062024,-0.013525896,-0.004687285,0.003182461,-0.017545,-0.019460281,-0.009754676,0.011125533,0.009179794,0.025150761
-0.008927064,0.012080252,0.014254824,0.0011684903,-0.0031867498,0.008892878,0.009650002,0.009410463,-0.010662627,-0.018801272,0.008149287,-0.0049284496,-0.0065015643,-0.009570864,0.008381405,0.01233736,-0.0021446138,-0.0065452373,-0.01236047,0.01313729,0.015098985,-0.0014658356,-0.00877124,-0.0057819774,-0.012725225,0.0133246705,-0.009910518,0.003938649,0.014742111,0.0018045611,0.0054187244,0.011518848
-0.01583736,0.0140479235,0.010947903,0.0008946052,0.003757088,-0.00029973255,0.016406551,0.018130101,-0.0094794035,-0.0037973858,0.0018329826,-0.010235011,-0.015154759,0.007386979,0.018997634,0.007448165,0.00015694002,-0.018723289,-0.0018237144,0.00028820348,-0.0045562023,-0.020735385,-0.0070062024,-0.013525896,-0.004687285,0.003182461,-0.017545,-0.019460281,-0.009754676,0.011125533,0.009179794,0.025150761
-0.008927064,0.012080252,0.014254824,0.0011684903,-0.0031867498,0.008892878,0.009650002,0.009410463,-0.010662627,-0.018801272,0.008149287,-0.0049284496,-0.0065015643,-0.009570864,0.008381405,0.01233736,-0.0021446138,-0.0065452373,-0.01236047,0.01313729,0.015098985,-0.0014658356,-0.00877124,-0.0057819774,-0.012725225,0.0133246705,-0.009910518,0.003938649,0.014742111,0.0018045611,0.0054187244,0.011518848
-0.01583736,0.0140479235,0.010947903,0.0008946052,0.003757088,-0.00029973255,0.016406551,0.018130101,-0.0094794035,-0.0037973858,0.0018329826,-0.010235011,-0.015154759,0.007386979,0.018997634,0.007448165,0.00015694002,-0.018723289,-0.0018237144,0.00028820348,-0.0045562023,-0.020735385,-0.0070062024,-0.013525896,-0.004687285,0.003182461,-0.017545,-0.019460281,-0.009754676,0.011125533,0.009179794,0.025150761
-0.008927064,0.012080252,0.014254824,0.0011684903,-0.0031867498,0.008892878,0.009650002,0.009410463,-0.010662627,-0.018801272,0.008149287,-0.0049284496,-0.0065015643,-0.009570864,0.008381405,0.01233736,-0.0021446138,-0.0065452373,-0.01236047,0.01313729,0.015098985,-0.0014658356,-0.00877124,-0.0057819774,-0.012725225,0.0133246705,-0.009910518,0.003938649,0.014742111,0.0018045611,0.0054187244,0.011518848
-0.01583736,0.0140479235,0.010947903,0.0008946052,0.003757088,-0.00029973255,0.016406551,0.018130101,-0.0094794035,-0.0037973858,0.0018329826,-0.010235011,-0.015154759,0.007386979,0.018997634,0.007448165,0.00015694002,-0.018723289,-0.0018237144,0.00028820348,-0.0045562023,-0.020735385,-0.0070062024,-0.013525896,-0.004687285,0.003182461,-0.017545,-0.019460281,-0.009754676,0.011125533,0.009179794,0.025150761
-0.008927064,0.012080252,0.014254824,0.0011684903,-0.0031867498,0.008892878,0.009650002,0.009410463,-0.010662627,-0.018801272,0.008149287,-0.0049284496,-0.0065015643,-0.009570864,0.008381405,0.01233736,-0.0021446138,-0.0065452373,-0.01236047,0.01313729,0.015098985,-0.0014658356,-0.00877124,-0.0057819774,-0.012725225,0.0133246705,-0.009910518,0.003938649,0.014742111,0.0018045611,0.0054187244,0.011518848
-0.01583736,0.0140479235,0.010947903,0.0008946052,0.003757088,-0.00029973255,0.016406551,0.018130101,-0.0094794035,-0.0037973858,0.0018329826,-0.010235011,-0.015154759,0.007386979,0.018997634,0.007448165,0.00015694002,-0.018723289,-0.0018237144,0.00028820348,-0.0045562023,-0.020735385,-0.0070062024,-0.013525896,-0.004687285,0.003182461,-0.017545,-0.019460281,-0.009754676,0.011125533,0.009179794,0.025150761
-0.008927064,0.012080252,0.014254824,0.0011684903,-0.0031867498,0.008892878,0.009650002,0.009410463,-0.010662627,-0.018801272,0.008149287,-0.0049284496,-0.0065015643,-0.009570864,0.008381405,0.01233736,-0.0021446138,-0.0065452373,-0.01236047,0.01313729,0.015098985,-0.0014658356,-0.00877124,-0.0057819774,-0.012725225,0.0133246705,-0.009910518,0.003938649,0.014742111,0.0018045611,0.0054187244,0.011518848
-0.01583736,0.0140479235,0.010947903,0.0008946052,0.003757088,-0.00029973255,0.016406551,0.018130101,-0.0094794035,-0.0037973858,0.0018329826,-0.010235011,-0.015154759,0.007386979,0.018997634,0.007448165,0.00015694002,-0.018723289,-0.0018237144,0.00028820348,-0.0045562023,-0.020735385,-0.0070062024,-0.013525896,-0.004687285,0.003182461,-0.017545,-0.019460281,-0.009754676,0.011125533,0.009179794,0.025150761
-0.008927064,0.012080252,0.014254824,0.0011684903,-0.0031867498,0.008892878,0.009650002,0.009410463,-0.010662627,-0.018801272,0.008149287,-0.0049284496,-0.0065015643,-0.009570864,0.008381405,0.01233736,-0.0021446138,-0.0065452373,-0.01236047,0.01313729,0.015098985,-0.0014658356,-0.00877124,-0.0057819774,-0.012725225,0.0133246705,-0.009910518,0.003938649,0.014742111,0.0018045611,0.0054187244,0.011518848
-0.01583736,0.0140479235,0.010947903,0.0008946052,0.003757088,-0.00029973255,0.016406551,0.018130101,-0.0094794035,-0.0037973858,0.0018329826,-0.010235011,-0.015154759,0.007386979,0.018997634,0.007448165,0.00015694002,-0.018723289,-0.0018237144,0.00028820348,-0.0045562023,-0.020735385,-0.0070062024,-0.013525896,-0.004687285,0.003182461,-0.017545,-0.019460281,-0.009754676,0.011125533,0.009179794,0.025150761
-0.008927064,0.012080252,0.014254824,0.0011684903,-0.0031867498,0.008892878,0.009650002,0.009410463,-0.010662627,-0.018801272,0.008149287,-0.0049284496,-0.0065015643,-0.009570864,0.008381405,0.01233736,-0.0021446138,-0.0065452373,-0.01236047,0.01313729,0.015098985,-0.0014658356,-0.00877124,-0.0057819774,-0.012725225,0.0133246705,-0.009910518,0.003938649,0.014742111,0.0018045611,0.0054187244,0.011518848
-0.01583736,0.0140479235,0.010947903,0.0008946052,0.003757088,-0.00029973255,0.016406551,0.018130101,-0.0094794035,-0.0037973858,0.0018329826,-0.010235011,-0.015154759,0.007386979,0.018997634,0.007448165,0.00015694002,-0.018723289,-0.0018237144,0.00028820348,-0.0045562023,-0.020735385,-0.0070062024,-0.013525896,-0.004687285,0.003182461,-0.017545,-0.019460281,-0.009754676,0.011125533,0.009179794,0.025150761
-0.008927064,0.012080252,0.014254824,0.0011684903,-0.0031867498,0.008892878,0.009650002,0.009410463,-0.010662627,-0.018801272,0.008149287,-0.0049284496,-0.0065015643,-0.009570864,0.008381405,0.01233736,-0.0021446138,-0.0065452373,-0.01236047,0.01313729,0.015098985,-0.0014658356,-0.00877124,-0.0057819774,-0.012725225,0.0133246705,-0.009910518,0.003938649,0.014742111,0.0018045611,0.0054187244,0.011518848
-0.01583736,0.0140479235,0.010947903,0.0008946052,0.003757088,-0.00029973255,0.016406551,0.018130101,-0.0094794035,-0.0037973858,0.0018329826,-0.010235011,-0.015154759,0.007386979,0.018997634,0.007448165,0.00015694002,-0.018723289,-0.0018237144,0.00028820348,-0.0045562023,-0.020735385,-0.0070062024,-0.013525896,-0.004687285,0.003182461,-0.017545,-0.019460281,-0.009754676,0.011125533,0.009179794,0.025150761
-0.008927064,0.012080252,0.014254824,0.0011684903,-0.0031867498,0.008892878,0.009650002,0.009410463,-0.010662627,-0.018801272,0.008149287,-0.0049284496,-0.0065015643,-0.009570864,0.008381405,0.01233736,-0.0021446138,-0.0065452373,-0.01236047,0.01313729,0.015098985,-0.0014658356,-0.00877124,-0.0057819774,-0.012725225,0.0133246705,-0.009910518,0.003938649,0.014742111,0.0018045611,0.0054187244,0.011518848
-0.01583736,0.0140479235,0.010947903,0.0008946052,0.003757088,-0.00029973255,0.016406551,0.018130101,-0.0094794035,-0.0037973858,0.0018329826,-0.010235011,-0.015154759,0.007386979,0.018997634,0.007448165,0.00015694002,-0.018723289,-0.0018237144,0.00028820348,-0.0045562023,-0.020735385,-0.0070062024,-0.013525896,-0.004687285,0.003182461,-0.017545,-0.019460281,-0.009754676,0.011125533,0.009179794,0.025150761
-0.008927064,0.012080252,0.014254824,0.0011684903,-0.0031867498,0.008892878,0.009650002,0.009410463,-0.010662627,-0.018801272,0.008149287,-0.0049284496,-0.0065015643,-0.009570864,0.008381405,0.01233736,-0.0021446138,-0.0065452373,-0.01236047,0.01313729,0.015098985,-0.0014658356,-0.00877124,-0.0057819774,-0.012725225,0.0133246705,-0.009910518,0.003938649,0.014742111,0.0018045611,0.0054187244,0.011518848
-0.01583736,0.0140479235,0.010947903,0.0008946052,0.003757088,-0.00029973255,0.016406551,0.018130101,-0.0094794035,-0.0037973858,0.0018329826,-0.010235011,-0.015154759,0.007386979,0.018997634,0.007448165,0.00015694002,-0.018723289,-0.0018237144,0.00028820348,-0.0045562023,-0.020735385,-0.0070062024,-0.013525896,-0.004687285,0.003182461,-0.017545,-0.019460281,-0.009754676,0.011125533,0.009179794,0.025150761
-0.008927064,0.012080252,0.014254824,0.0011684903,-0.0031867498,0.008892878,0.009650002,0.009410463,-0.010662627,-0.018801272,0.008149287,-0.0049284496,-0.0065015643,-0.009570864,0.008381405,0.01233736,-0.0021446138,-0.0065452373,-0.01236047,0.01313729,0.015098985,-0.0014658356,-0.00877124,-0.0057819774,-0.012725225,0.0133246705,-0.009910518,0.003938649,0.014742111,0.0018045611,0.0054187244,0.011518848
-0.01583736,0.0140479235,0.010947903,0.0008946052,0.003757088,-0.00029973255,0.016406551,0.018130101,-0.0094794035,-0.0037973858,0.0018329826,-0.010235011,-0.015154759,0.007386979,0.018997634,0.007448165,0.00015694002,-0.018723289,-0.0018237144,0.00028820348,-0.0045562023,-0.020735385,-0.0070062024,-0.013525896,-0.004687285,0.003182461,-0.017545,-0.019460281,-0.009754676,0.011125533,0.009179794,0.025150761
-0.008927064,0.012080252,0.014254824,0.0011684903,-0.0031867498,0.008892878,0.009650002,0.009410463,-0.010662627,-0.018801272,0.008149287,-0.0049284496,-0.0065015643,-0.009570864,0.008381405,0.01233736,-0.0021446138,-0.0065452373,-0.01236047,0.01313729,0.015098985,-0.0014658356,-0.00877124,-0.0057819774,-0.012725225,0.0133246705,-0.009910518,0.003938649,0.014742111,0.0018045611,0.0054187244,0.011518848
-0.01583736,0.0140479235,0.010947903,0.0008946052,0.003757088,-0.00029973255,0.016406551,0.018130101,-0.0094794035,-0.0037973858,0.0018329826,-0.010235011,-0.015154759,0.007386979,0.018997634,0.007448165,0.00015694002,-0.018723289,-0.0018237144,0.00028820348,-0.0045562023,-0.020735385,-0.0070062024,-0.013525896,-0.004687285,0.003182461,-0.017545,-0.019460281,-0.009754676,0.011125533,0.009179794,0.025150761
-0.008927064,0.012080252,0.014254824,0.0011684903,-0.0031867498,0.008892878,0.009650002,0.009410463,-0.010662627,-0.018801272,0.008149287,-0.0049284496,-0.0065015643,-0.009570864,0.008381405,0.01233736,-0.0021446138,-0.0065452373,-0.01236047,0.01313729,0.015098985,-0.0014658356,-0.00877124,-0.0057819774,-0.012725225,0.0133246705,-0.009910518,0.003938649,0.014742111,0.0018045611,0.0054187244,0.011518848
-0.01583736,0.0140479235,0.010947903,0.0008946052,0.003757088,-0.00029973255,0.016406551,0.018130101,-0.0094794035,-0.0037973858,0.0018329826,-0.010235011,-0.015154759,0.007386979,0.018997634,0.007448165,0.00015694002,-0.018723289,-0.0018237144,0.00028820348,-0.0045562023,-0.020735385,-0.0070062024,-0.013525896,-0.004687285,0.003182461,-0.017545,-0.019460281,-0.009754676,0.011125533,0.009179794,0.025150761
-0.008927064,0.012080252,0.014254824,0.0011684903,-0.0031867498,0.008892878,0.009650002,0.009410463,-0.010662627,-0.018801272,0.008149287,-0.0049284496,-0.0065015643,-0.009570864,0.008381405,0.01233736,-0.0021446138,-0.0065452373,-0.01236047,0.01313729,0.015098985,-0.0014658356,-0.00877124,-0.0057819774,-0.012725225,0.0133246705,-0.009910518,0.003938649,0.014742111,0.0018045611,0.0054187244,0.011518848
-0.01583736,0.0140479235,0.010947903,0.0008946052,0.003757088,-0.00029973255,0.016406551,0.018130101,-0.0094794035,-0.0037973858,0.0018329826,-0.010235011,-0.015154759,0.007386979,0.018997634,0.007448165,0.00015694002,-0.018723289,-0.0018237144,0.00028820348,-0.0045562023,-0.020735385,-0.0070062024,-0.013525896,-0.004687285,0.003182461,-0.017545,-0.019460281,-0.009754676,0.011125533,0.009179794,0.025150761
-0.008927064,0.012080252,0.014254824,0.0011684903,-0.0031867498,0.008892878,0.009650002,0.009410463,-0.010662627,-0.018801272,0.008149287,-0.0049284496,-0.0065015643,-0.009570864,0.008381405,0.01233736,-0.0021446138,-0.0065452373,-0.01236047,0.01313729,0.015098985,-0.0014658356,-0.00877124,-0.0057819774,-0.012725225,0.0133246705,-0.009910518,0.003938649,0.014742111,0.0018045611,0.0054187244,0.011518848
-0.01583736,0.0140479235,0.010947903,0.0008946052,0.003757088,-0.00029973255,0.016406551,0.018130101,-0.0094794035,-0.0037973858,0.0018329826,-0.010235011,-0.015154759,0.007386979,0.018997634,0.007448165,0.00015694002,-0.018723289,-0.0018237144,0.00028820348,-0.0045562023,-0.020735385,-0.0070062024,-0.013525896,-0.004687285,0.003182461,-0.017545,-0.019460281,-0.009754676,0.011125533,0.009179794,0.025150761
-0.008927064,0.012080252,0.014254824,0.0011684903,-0.0031867498,0.008892878,0.009650002,0.009410463,-0.010662627,-0.018801272,0.008149287,-0.0049284496,-0.0065015643,-0.009570864,0.008381405,0.01233736,-0.0021446138,-0.0065452373,-0.01236047,0.01313729,0.015098985,-0.0014658356,-0.00877124,-0.0057819774,-0.012725225,0.0133246705,-0.009910518,0.003938649,0.014742111,0.0018045611,0.0054187244,0.011518848
-0.01583736,0.0140479235,0.010947903,0.0008946052,0.003757088,-0.00029973255,0.016406551,0.018130101,-0.0094794035,-0.0037973858,0.0018329826,-0.010235011,-0.015154759,0.007386979,0.018997634,0.007448165,0.00015694002,-0.018723289,-0.0018237144,0.00028820348,-0.0045562023,-0.020735385,-0.0070062024,-0.013525896,-0.004687285,0.003182461,-0.017545,-0.019460281,-0.009754676,0.011125533,0.009179794,0.025150761
-0.008927064,0.012080252,0.014254824,0.0011684903,-0.0031867498,0.008892878,0.009650002,0.009410463,-0.010662627,-0.018801272,0.008149287,-0.0049284496,-0.0065015643,-0.009570864,0.008381405,0.01233736,-0.0021446138,-0.0065452373,-0.01236047,0.01313729,0.015098985,-0.0014658356,-0.00877124,-0.0057819774,-0.012725225,0.0133246705,-0.009910518,0.003938649,0.014742111,0.0018045611,0.0054187244,0.011518848
-0.01583736,0.0140479235,0.010947903,0.0008946052,0.003757088,-0.00029973255,0.016406551,0.018130101,-0.0094794035,-0.0037973858,0.0018329826,-0.010235011,-0.015154759,0.007386979,0.018997634,0.007448165,0.00015694002,-0.018723289,-0.0018237144,0.00028820348,-0.0045562023,-0.020735385,-0.0070062024,-0.013525896,-0.004687285,0.003182461,-0.017545,-0.019460281,-0.009754676,0.011125533,0.009179794,0.025150761
-0.008927064,0.012080252,0.014254824,0.0011684903,-0.0031867498,0.008892878,0.009650002,0.009410463,-0.010662627,-0.018801272,0.008149287,-0.0049284496,-0.0065015643,-0.009570864,0.008381405,0.01233736,-0.0021446138,-0.0065452373,-0.01236047,0.01313729,0.015098985,-0.0014658356,-0.00877124,-0.0057819774,-0.012725225,0.0133246705,-0.009910518,0.003938649,0.014742111,0.0018045611,0.0054187244,0.011518848
-0.01583736,0.0140479235,0.010947903,0.0008946052,0.003757088,-0.00029973255,0.016406551,0.018130101,-0.0094794035,-0.0037973858,0.0018329826,-0.010235011,-0.015154759,0.007386979,0.018997634,0.007448165,0.00015694002,-0.018723289,-0.0018237144,0.00028820348,-0.0045562023,-0.020735385,-0.0070062024,-0.013525896,-0.004687285,0.003182461,-0.017545,-0.019460281,-0.009754676,0.011125533,0.009179794,0.025150761
-0.008927064,0.012080252,0.014254824,0.0011684903,-0.0031867498,0.008892878,0.009650002,0.009410463,-0.010662627,-0.018801272,0.008149287,-0.0049284496,-0.0065015643,-0.009570864,0.008381405,0.01233736,-0.0021446138,-0.0065452373,-0.01236047,0.01313729,0.015098985,-0.0014658356,-0.00877124,-0.0057819774,-0.012725225,0.0133246705,-0.009910518,0.003938649,0.014742111,0.0018045611,0.0054187244,0.011518848
-0.01583736,0.0140479235,0.010947903,0.0008946052,0.003757088,-0.00029973255,0.016406551,0.018130101,-0.0094794035,-0.0037973858,0.0018329826,-0.010235011,-0.015154759,0.007386979,0.018997634,0.007448165,0.00015694002,-0.018723289,-0.0018237144,0.00028820348,-0.0045562023,-0.020735385,-0.0070062024,-0.013525896,-0.004687285,0.003182461,-0.017545,-0.019460281,-0.009754676,0.011125533,0.009179794,0.025150761
-0.008927064,0.012080252,0.014254824,0.0011684903,-0.0031867498,0.008892878,0.009650002,0.009410463,-0.010662627,-0.018801272,0.008149287,-0.0049284496,-0.0065015643,-0.009570864,0.008381405,0.01233736,-0.0021446138,-0.0065452373,-0.01236047,0.01313729,0.015098985,-0.0014658356,-0.00877124,-0.0057819774,-0.012725225,0.0133246705,-0.009910518,0.003938649,0.014742111,0.0018045611,0.0054187244,0.011518848
-0.01583736,0.0140479235,0.010947903,0.0008946052,0.003757088,-0.00029973255,0.016406551,0.018130101,-0.0094794035,-0.0037973858,0.0018329826,-0.010235011,-0.015154759,0.007386979,0.018997634,0.007448165,0.00015694002,-0.018723289,-0.0018237144,0.00028820348,-0.0045562023,-0.020735385,-0.0070062024,-0.013525896,-0.004687285,0.003182461,-0.017545,-0.019460281,-0.009754676,0.011125533,0.009179794,0.025150761
-0.008927064,0.012080252,0.014254824,0.0011684903,-0.0031867498,0.008892878,0.009650002,0.009410463,-0.010662627,-0.018801272,0.008149287,-0.0049284496,-0.0065015643,-0.009570864,0.008381405,0.01233736,-0.0021446138,-0.0065452373,-0.01236047,0.01313729,0.015098985,-0.0014658356,-0.00877124,-0.0057819774,-0.012725225,0.0133246705,-0.009910518,0.003938649,0.014742111,0.0018045611,0.0054187244,0.011518848
-0.01583736,0.0140479235,0.010947903,0.0008946052,0.003757088,-0.00029973255,0.016406551,0.018130101,-0.0094794035,-0.0037973858,0.0018329826,-0.010235011,-0.015154759,0.007386979,0.018997634,0.007448165,0.00015694002,-0.018723289,-0.0018237144,0.00028820348,-0.0045562023,-0.020735385,-0.0070062024,-0.013525896,-0.004687285,0.003182461,-0.017545,-0.019460281,-0.009754676,0.011125533,0.009179794,0.025150761
-0.008927064,0.012080252,0.014254824,0.0011684903,-0.0031867498,0.008892878,0.009650002,0.009410463,-0.010662627,-0.018801272,0.008149287,-0.0049284496,-0.0065015643,-0.009570864,0.008381405,0.01233736,-0.0021446138,-0.0065452373,-0.01236047,0.01313729,0.015098985,-0.0014658356,-0.00877124,-0.0057819774,-0.012725225,0.0133246705,-0.009910518,0.003938649,0.014742111,0.0018045611,0.0054187244,0.011518848
-0.01583736,0.0140479235,0.010947903,0.0008946052,0.003757088,-0.00029973255,0.016406551,0.018130101,-0.0094794035,-0.0037973858,0.0018329826,-0.010235011,-0.015154759,0.007386979,0.018997634,0.007448165,0.00015694002,-0.018723289,-0.0018237144,0.00028820348,-0.0045562023,-0.020735385,-0.0070062024,-0.013525896,-0.004687285,0.003182461,-0.017545,-0.019460281,-0.009754676,0.011125533,0.009179794,0.025150761
-0.008927064,0.012080252,0.014254824,0.0011684903,-0.0031867498,0.008892878,0.009650002,0.009410463,-0.010662627,-0.018801272,0.008149287,-0.0049284496,-0.0065015643,-0.009570864,0.008381405,0.01233736,-0.0021446138,-0.0065452373,-0.01236047,0.01313729,0.015098985,-0.0014658356,-0.00877124,-0.0057819774,-0.012725225,0.0133246705,-0.009910518,0.003938649,0.014742111,0.0018045611,0.0054187244,0.011518848
-0.01583736,0.0140479235,0.010947903,0.0008946052,0.003757088,-0.00029973255,0.016406551,0.018130101,-0.0094794035,-0.0037973858,0.0018329826,-0.010235011,-0.015154759,0.007386979,0.018997634,0.007448165,0.00015694002,-0.018723289,-0.0018237144,0.00028820348,-0.0045562023,-0.020735385,-0.0070062024,-0.013525896,-0.004687285,0.003182461,-0.017545,-0.019460281,-0.009754676,0.011125533,0.009179794,0.025150761
-0.008927064,0.012080252,0.014254824,0.0011684903,-0.0031867498,0.008892878,0.009650002,0.009410463,-0.010662627,-0.018801272,0.008149287,-0.0049284496,-0.0065015643,-0.009570864,0.008381405,0.01233736,-0.0021446138,-0.0065452373,-0.01236047,0.01313729,0.015098985,-0.0014658356,-0.00877124,-0.0057819774,-0.012725225,0.0133246705,-0.009910518,0.003938649,0.014742111,0.0018045611,0.0054187244,0.011518848
-0.01583736,0.0140479235,0.010947903,0.0008946052,0.003757088,-0.00029973255,0.016406551,0.018130101,-0.0094794035,-0.0037973858,0.0018329826,-0.010235011,-0.015154759,0.007386979,0.018997634,0.007448165,0.00015694002,-0.018723289,-0.0018237144,0.00028820348,-0.0045562023,-0.020735385,-0.0070062024,-0.013525896,-0.004687285,0.003182461,-0.017545,-0.019460281,-0.009754676,0.011125533,0.009179794,0.025150761
-0.008927064,0.012080252,0.014254824,0.0011684903,-0.0031867498,0.008892878,0.009650002,0.009410463,-0.010662627,-0.018801272,0.008149287,-0.0049284496,-0.0065015643,-0.009570864,0.008381405,0.01233736,-0.0021446138,-0.0065452373,-0.01236047,0.01313729,0.015098985,-0.0014658356,-0.00877124,-0.0057819774,-0.012725225,0.0133246705,-0.009910518,0.003938649,0.014742111,0.0018045611,0.0054187244,0.011518848
-0.01583736,0.0140479235,0.010947903,0.0008946052,0.003757088,-0.00029973255,0.016406551,0.018130101,-0.0094794035,-0.0037973858,0.0018329826,-0.010235011,-0.015154759,0.007386979,0.018997634,0.007448165,0.00015694002,-0.018723289,-0.0018237144,0.00028820348,-0.0045562023,-0.020735385,-0.0070062024,-0.013525896,-0.004687285,0.003182461,-0.017545,-0.019460281,-0.009754676,0.011125533,0.009179794,0.025150761
-0.008927064,0.012080252,0.014254824,0.0011684903,-0.0031867498,0.008892878,0.009650002,0.009410463,-0.010662627,-0.018801272,0.008149287,-0.0049284496,-0.0065015643,-0.009570864,0.008381405,0.01233736,-0.0021446138,-0.0065452373,-0.01236047,0.01313729,0.015098985,-0.0014658356,-0.00877124,-0.0057819774,-0.012725225,0.0133246705,-0.009910518,0.003938649,0.014742111,0.0018045611,0.0054187244,0.011518848
-0.01583736,0.0140479235,0.010947903,0.0008946052,0.003757088,-0.00029973255,0.016406551,0.018130101,-0.0094794035,-0.0037973858,0.0018329826,-0.010235011,-0.015154759,0.007386979,0.018997634,0.007448165,0.00015694002,-0.018723289,-0.0018237144,0.00028820348,-0.0045562023,-0.020735385,-0.0070062024,-0.013525896,-0.004687285,0.003182461,-0.017545,-0.019460281,-0.009754676,0.011125533,0.009179794,0.025150761
-0.008927064,0.012080252,0.014254824,0.0011684903,-0.0031867498,0.008892878,0.009650002,0.009410463,-0.010662627,-0.018801272,0.008149287,-0.0049284496,-0.0065015643,-0.009570864,0.008381405,0.01233736,-0.0021446138,-0.0065452373,-0.01236047,0.01313729,0.015098985,-0.0014658356,-0.00877124,-0.0057819774,-0.012725225,0.0133246705,-0.009910518,0.003938649,0.014742111,0.0018045611,0.0054187244,0.011518848
-0.01583736,0.0140479235,0.010947903,0.0008946052,0.003757088,-0.00029973255,0.016406551,0.018130101,-0.0094794035,-0.0037973858,0.0018329826,-0.010235011,-0.015154759,0.007386979,0.018997634,0.007448165,0.00015694002,-0.018723289,-0.0018237144,0.00028820348,-0.0045562023,-0.020735385,-0.0070062024,-0.013525896,-0.004687285,0.003182461,-0.017545,-0.019460281,-0.009754676,0.011125533,0.009179794,0.025150761
-0.008927064,0.012080252,0.014254824,0.0011684903,-0.0031867498,0.008892878,0.009650002,0.009410463,-0.010662627,-0.018801272,0.008149287,-0.0049284496,-0.0065015643,-0.009570864,0.008381405,0.01233736,-0.0021446138,-0.0065452373,-0.01236047,0.01313729,0.015098985,-0.0014658356,-0.00877124,-0.0057819774,-0.012725225,0.0133246705,-0.009910518,0.003938649,0.014742111,0.0018045611,0.0054187244,0.011518848
0.1379543,0.33946177,0.16116966,0.6284407,0.4827947,0.5729001,0.19900712,0.34784025,0.03641509,0.14471102,0.0884804,-0.5986885,0.17527524,-0.7505344,-0.18324663,-0.4369027,0.24888653,-0.72857374,-0.116302334,0.38037947,-0.27866143,0.086594544,-0.49594805,-0.12420225,0.15335108,0.203374,-0.48858422,0.3898044,0.16182615,0.47790855,-0.080196805,-0.36426944
-0.6894166,0.044361815,0.45368436,-0.30666944,0.28462395,0.104078636,0.10103124,-0.032554917,0.18780613,-0.09328544,-0.02989463,-0.2978924,-0.56832546,0.054453325,0.061807472,0.42397666,-0.34420583,0.346042,0.0703537,0.18610145,0.0328282,0.012501086,-0.24919508,0.07927664,-0.3723831,0.035465058,-0.30860287,0.120845586,-0.045511264,-0.13516614,0.27616063,0.080806136
0.6828182,-0.3549376,-0.21622285,0.0357902,0.11320453,0.37935758,0.13517213,1.0905123,-0.035865158,-0.41927052,0.060102575,-0.47987032,0.4013711,-0.553947,-0.2675833,0.022451524,-0.28211138,0.111859865,0.25920734,0.20227878,0.16121979,-0.295657,-0.5682388,-0.33095315,0.11772426,-0.2776291,-0.25764912,-0.009513909,0.3329776,0.5670342,0.7213129,-0.09567846
-0.72575444,0.069120534,0.7826181,0.5764514,0.49455053,0.28619298,0.31037062,-0.8438833,-0.23948,-0.49578586,0.17652161,0.11987964,-0.27038622,0.66573244,0.1001838,-0.36581847,0.21376817,0.35743067,-0.20911336,-0.47642216,0.076650515,-0.18616244,-0.30990797,-0.45173424,-0.2370963,-0.17378843,-0.25617272,-0.2282913,0.545369,0.03955591,0.71138304,0.45370358
0.17775053,-0.71697664,-0.051771928,0.050882038,-0.44065642,-0.008806377,0.34716165,0.58362335,0.33078477,-0.84532857,0.12623231,-0.14042693,0.23506407,-0.04872737,0.08159236,0.043280154,-0.40218008,0.2045811,-0.31721437,-0.49311596,0.33952478,-0.17698446,0.16306663,-0.2613556,-0.25320116,-0.15505187,0.07063542,0.0019533075,0.41102216,0.045504816,0.32018343,-0.08985078
-0.14932996,0.41689497,0.13818981,-0.17242816,0.17633626,0.20330401,0.34973252,0.008147145,-0.02080524,-0.04526772,0.16830999,-0.40454325,-0.2669169,0.30267936,-0.016758788,-0.18547092,-0.38894778,0.18573289,0.21201648,-0.05013208,0.20211537,0.3098238,0.29153958,-0.113033704,-0.25182873,-0.085572116,0.06784308,-0.24877661,0.22476715,-0.26228973,0.21087222,0.13796312
-0.01583736,0.0140479235,0.010947903,0.0008946052,0.003757088,-0.00029973255,0.016406551,0.018130101,-0.0094794035,-0.0037973858,0.0018329826,-0.010235011,-0.015154759,0.007386979,0.018997634,0.007448165,0.00015694002,-0.018723289,-0.0018237144,0.00028820348,-0.0045562023,-0.020735385,-0.0070062024,-0.013525896,-0.004687285,0.003182461,-0.017545,-0.019460281,-0.009754676,0.011125533,0.009179794,0.025150761
-0.008927064,0.012080252,0.014254824,0.0011684903,-0.0031867498,0.008892878,0.009650002,0.009410463,-0.010662627,-0.018801272,0.008149287,-0.0049284496,-0.0065015643,-0.009570864,0.008381405,0.01233736,-0.0021446138,-0.0065452373,-0.01236047,0.01313729,0.015098985,-0.0014658356,-0.00877124,-0.0057819774,-0.012725225,0.0133246705,-0.009910518,0.003938649,0.014742111,0.0018045611,0.0054187244,0.011518848
-0.01583736,0.0140479235,0.010947903,0.0008946052,0.003757088,-0.00029973255,0.016406551,0.018130101,-0.0094794035,-0.0037973858,0.0018329826,-0.010235011,-0.015154759,0.007386979,0.018997634,0.007448165,0.00015694002,-0.018723289,-0.0018237144,0.00028820348,-0.0045562023,-0.020735385,-0.0070062024,-0.013525896,-0.004687285,0.003182461,-0.017545,-0.019460281,-0.009754676,0.011125533,0.009179794,0.025150761
-0.008927064,0.012080252,0.014254824,0.0011684903,-0.0031867498,0.008892878,0.009650002,0.009410463,-0.010662627,-0.018801272,0.008149287,-0.0049284496,-0.0065015643,-0.009570864,0.008381405,0.01233736,-0.0021446138,-0.0065452373,-0.01236047,0.01313729,0.015098985,-0.0014658356,-0.00877124,-0.0057819774,-0.012725225,0.0133246705,-0.009910518,0.003938649,0.014742111,0.0018045611,0.0054187244,0.011518848
-0.01583736,0.0140479235,0.010947903,0.0008946052,0.003757088,-0.00029973255,0.016406551,0.018130101,-0.0094794035,-0.0037973858,0.0018329826,-0.010235011,-0.015154759,0.007386979,0.018997634,0.007448165,0.00015694002,-0.018723289,-0.0018237144,0.00028820348,-0.0045562023,-0.020735385,-0.0070062024,-0.013525896,-0.004687285,0.003182461,-0.017545,-0.019460281,-0.009754676,0.011125533,0.009179794,0.025150761
-0.008927064,0.012080252,0.014254824,0.0011684903,-0.0031867498,0.008892878,0.009650002,0.009410463,-0.010662627,-0.018801272,0.008149287,-0.0049284496,-0.0065015643,-0.009570864,0.008381405,0.01233736,-0.0021446138,-0.0065452373,-0.01236047,0.01313729,0.015098985,-0.0014658356,-0.00877124,-0.0057819774,-0.012725225,0.0133246705,-0.009910518,0.003938649,0.014742111,0.0018045611,0.0054187244,0.011518848
-0.01583736,0.0140479235,0.010947903,0.0008946052,0.003757088,-0.00029973255,0.016406551,0.018130101,-0.0094794035,-0.0037973858,0.0018329826,-0.010235011,-0.015154759,0.007386979,0.018997634,0.007448165,0.00015694002,-0.018723289,-0.0018237144,0.00028820348,-0.0045562023,-0.020735385,-0.0070062024,-0.013525896,-0.004687285,0.003182461,-0.017545,-0.019460281,-0.009754676,0.011125533,0.009179794,0.025150761
-0.008927064,0.012080252,0.014254824,0.0011684903,-0.0031867498,0.008892878,0.009650002,0.009410463,-0.010662627,-0.018801272,0.008149287,-0.0049284496,-0.0065015643,-0.009570864,0.008381405,0.01233736,-0.0021446138,-0.0065452373,-0.01236047,0.01313729,0.015098985,-0.0014658356,-0.00877124,-0.0057819774,-0.012725225,0.0133246705,-0.009910518,0.003938649,0.014742111,0.0018045611,0.0054187244,0.011518848
-0.01583736,0.0140479235,0.010947903,0.0008946052,0.003757088,-0.00029973255,0.016406551,0.018130101,-0.0094794035,-0.0037973858,0.0018329826,-0.010235011,-0.015154759,0.007386979,0.018997634,0.007448165,0.00015694002,-0.018723289,-0.0018237144,0.00028820348,-0.0045562023,-0.020735385,-0.0070062024,-0.013525896,-0.004687285,0.003182461,-0.017545,-0.019460281,-0.009754676,0.011125533,0.009179794,0.025150761
-0.008927064,0.012080252,0.014254824,0.0011684903,-0.0031867498,0.008892878,0.009650002,0.009410463,-0.010662627,-0.018801272,0.008149287,-0.0049284496,-0.0065015643,-0.009570864,0.008381405,0.01233736,-0.0021446138,-0.0065452373,-0.01236047,0.01313729,0.015098985,-0.0014658356,-0.00877124,-0.0057819774,-0.012725225,0.0133246705,-0.009910518,0.003938649,0.014742111,0.0018045611,0.0054187244,0.011518848
-0.01583736,0.0140479235,0.010947903,0.0008946052,0.003757088,-0.00029973255,0.016406551,0.018130101,-0.0094794035,-0.0037973858,0.0018329826,-0.010235011,-0.015154759,0.007386979,0.018997634,0.007448165,0.00015694002,-0.018723289,-0.0018237144,0.00028820348,-0.0045562023,-0.020735385,-0.0070062024,-0.013525896,-0.004687285,0.003182461,-0.017545,-0.019460281,-0.009754676,0.011125533,0.009179794,0.025150761
-0.008927064,0.012080252,0.014254824,0.0011684903,-0.0031867498,0.008892878,0.009650002,0.009410463,-0.010662627,-0.018801272,0.008149287,-0.0049284496,-0.0065015643,-0.009570864,0.008381405,0.01233736,-0.0021446138,-0.0065452373,-0.01236047,0.01313729,0.015098985,-0.0014658356,-0.00877124,-0.0057819774,-0.012725225,0.0133246705,-0.009910518,0.003938649,0.014742111,0.0018045611,0.0054187244,0.011518848
-0.01583736,0.0140479235,0.010947903,0.0008946052,0.003757088,-0.00029973255,0.016406551,0.018130101,-0.0094794035,-0.0037973858,0.0018329826,-0.010235011,-0.015154759,0.007386979,0.018997634,0.007448165,0.00015694002,-0.018723289,-0.0018237144,0.00028820348,-0.0045562023,-0.020735385,-0.0070062024,-0.013525896,-0.004687285,0.003182461,-0.017545,-0.019460281,-0.009754676,0.011125533,0.009179794,0.025150761
-0.008927064,0.012080252,0.014254824,0.0011684903,-0.0031867498,0.008892878,0.009650002,0.009410463,-0.010662627,-0.018801272,0.008149287,-0.0049284496,-0.0065015643,-0.009570864,0.008381405,0.01233736,-0.0021446138,-0.0065452373,-0.01236047,0.01313729,0.015098985,-0.0014658356,-0.00877124,-0.0057819774,-0.012725225,0.0133246705,-0.009910518,0.003938649,0.014742111,0.0018045611,0.0054187244,0.011518848
-0.01583736,0.0140479235,0.010947903,0.0008946052,0.003757088,-0.00029973255,0.016406551,0.018130101,-0.0094794035,-0.0037973858,0.0018329826,-0.010235011,-0.015154759,0.007386979,0.018997634,0.007448165,0.00015694002,-0.018723289,-0.0018237144,0.00028820348,-0.0045562023,-0.020735385,-0.0070062024,-0.013525896,-0.004687285,0.003182461,-0.017545,-0.019460281,-0.009754676,0.011125533,0.009179794,0.025150761
-0.008927064,0.012080252,0.014254824,0.0011684903,-0.0031867498,0.008892878,0.009650002,0.009410463,-0.010662627,-0.018801272,0.008149287,-0.0049284496,-0.0065015643,-0.009570864,0.008381405,0.01233736,-0.0021446138,-0.0065452373,-0.01236047,0.01313729,0.015098985,-0.0014658356,-0.00877124,-0.0057819774,-0.012725225,0.0133246705,-0.009910518,0.003938649,0.014742111,0.0018045611,0.0054187244,0.011518848
-0.01583736,0.0140479235,0.010947903,0.0008946052,0.003757088,-0.00029973255,0.016406551,0.018130101,-0.0094794035,-0.0037973858,0.0018329826,-0.010235011,-0.015154759,0.007386979,0.018997634,0.007448165,0.00015694002,-0.018723289,-0.0018237144,0.00028820348,-0.0045562023,-0.020735385,-0.0070062024,-0.013525896,-0.004687285,0.003182461,-0.017545,-0.019460281,-0.009754676,0.011125533,0.009179794,0.025150761
-0.008927064,0.012080252,0.014254824,0.0011684903,-0.0031867498,0.008892878,0.009650002,0.009410463,-0.010662627,-0.018801272,0.008149287,-0.0049284496,-0.0065015643,-0.009570864,0.008381405,0.01233736,-0.0021446138,-0.0065452373,-0.01236047,0.01313729,0.015098985,-0.0014658356,-0.00877124,-0.0057819774,-0.012725225,0.0133246705,-0.009910518,0.003938649,0.014742111,0.0018045611,0.0054187244,0.011518848
-0.01583736,0.0140479235,0.010947903,0.0008946052,0.003757088,-0.00029973255,0.016406551,0.018130101,-0.0094794035,-0.0037973858,0.0018329826,-0.010235011,-0.015154759,0.007386979,0.018997634,0.007448165,0.00015694002,-0.018723289,-0.0018237144,0.00028820348,-0.0045562023,-0.020735385,-0.0070062024,-0.013525896,-0.004687285,0.003182461,-0.017545,-0.019460281,-0.009754676,0.011125533,0.009179794,0.025150761
-0.008927064,0.012080252,0.014254824,0.0011684903,-0.0031867498,0.008892878,0.009650002,0.009410463,-0.010662627,-0.018801272,0.008149287,-0.0049284496,-0.0065015643,-0.009570864,0.008381405,0.01233736,-0.0021446138,-0.0065452373,-0.01236047,0.01313729,0.015098985,-0.0014658356,-0.00877124,-0.0057819774,-0.012725225,0.0133246705,-0.009910518,0.003938649,0.014742111,0.0018045611,0.0054187244,0.011518848
-0.01583736,0.0140479235,0.010947903,0.0008946052,0.003757088,-0.00029973255,0.016406551,0.018130101,-0.0094794035,-0.0037973858,0.0018329826,-0.010235011,-0.015154759,0.007386979,0.018997634,0.007448165,0.00015694002,-0.018723289,-0.0018237144,0.00028820348,-0.0045562023,-0.020735385,-0.0070062024,-0.013525896,-0.004687285,0.003182461,-0.017545,-0.019460281,-0.009754676,0.011125533,0.009179794,0.025150761
-0.008927064,0.012080252,0.014254824,0.0011684903,-0.0031867498,0.008892878,0.009650002,0.009410463,-0.010662627,-0.018801272,0.008149287,-0.0049284496,-0.0065015643,-0.009570864,0.008381405,0.01233736,-0.0021446138,-0.0065452373,-0.01236047,0.01313729,0.015098985,-0.0014658356,-0.00877124,-0.0057819774,-0.012725225,0.0133246705,-0.009910518,0.003938649,0.014742111,0.0018045611,0.0054187244,0.011518848
-0.01583736,0.0140479235,0.010947903,0.0008946052,0.003757088,-0.00029973255,0.016406551,0.018130101,-0.0094794035,-0.0037973858,0.0018329826,-0.010235011,-0.015154759,0.007386979,0.018997634,0.007448165,0.00015694002,-0.018723289,-0.0018237144,0.00028820348,-0.0045562023,-0.020735385,-0.0070062024,-0.013525896,-0.004687285,0.003182461,-0.017545,-0.019460281,-0.009754676,0.011125533,0.009179794,0.025150761
-0.008927064,0.012080252,0.014254824,0.0011684903,-0.0031867498,0.008892878,0.009650002,0.009410463,-0.010662627,-0.018801272,0.008149287,-0.0049284496,-0.0065015643,-0.009570864,0.008381405,0.01233736,-0.0021446138,-0.0065452373,-0.01236047,0.01313729,0.015098985,-0.0014658356,-0.00877124,-0.0057819774,-0.012725225,0.0133246705,-0.009910518,0.003938649,0.014742111,0.0018045611,0.0054187244,0.011518848
-0.01583736,0.0140479235,0.010947903,0.0008946052,0.003757088,-0.00029973255,0.016406551,0.018130101,-0.0094794035,-0.0037973858,0.0018329826,-0.010235011,-0.015154759,0.007386979,0.018997634,0.007448165,0.00015694002,-0.018723289,-0.0018237144,0.00028820348,-0.0045562023,-0.020735385,-0.0070062024,-0.013525896,-0.004687285,0.003182461,-0.017545,-0.019460281,-0.009754676,0.011125533,0.009179794,0.025150761
-0.008927064,0.012080252,0.014254824,0.0011684903,-0.0031867498,0.008892878,0.009650002,0.009410463,-0.010662627,-0.018801272,0.008149287,-0.0049284496,-0.0065015643,-0.009570864,0.008381405,0.01233736,-0.0021446138,-0.0065452373,-0.01236047,0.01313729,0.015098985,-0.0014658356,-0.00877124,-0.0057819774,-0.012725225,0.0133246705,-0.009910518,0.003938649,0.014742111,0.0018045611,0.0054187244,0.011518848
-0.01583736,0.0140479235,0.010947903,0.0008946052,0.003757088,-0.00029973255,0.016406551,0.018130101,-0.0094794035,-0.0037973858,0.0018329826,-0.010235011,-0.015154759,0.007386979,0.018997634,0.007448165,0.00015694002,-0.018723289,-0.0018237144,0.00028820348,-0.0045562023,-0.020735385,-0.0070062024,-0.013525896,-0.004687285,0.003182461,-0.017545,-0.019460281,-0.009754676,0.011125533,0.009179794,0.025150761
-0.008927064,0.012080252,0.014254824,0.0011684903,-0.0031867498,0.008892878,0.009650002,0.009410463,-0.010662627,-0.018801272,0.008149287,-0.0049284496,-0.0065015643,-0.009570864,0.008381405,0.01233736,-0.0021446138,-0.0065452373,-0.01236047,0.01313729,0.015098985,-0.0014658356,-0.00877124,-0.0057819774,-0.012725225,0.0133246705,-0.009910518,0.003938649,0.014742111,0.0018045611,0.0054187244,0.011518848
-0.01583736,0.0140479235,0.010947903,0.0008946052,0.003757088,-0.00029973255,0.016406551,0.018130101,-0.0094794035,-0.0037973858,0.0018329826,-0.010235011,-0.015154759,0.007386979,0.018997634,0.007448165,0.00015694002,-0.018723289,-0.0018237144,0.00028820348,-0.0045562023,-0.020735385,-0.0070062024,-0.013525896,-0.004687285,0.003182461,-0.017545,-0.019460281,-0.009754676,0.011125533,0.009179794,0.025150761
-0.008927064,0.012080252,0.014254824,0.0011684903,-0.0031867498,0.008892878,0.009650002,0.009410463,-0.010662627,-0.018801272,0.008149287,-0.0049284496,-0.0065015643,-0.009570864,0.008381405,0.01233736,-0.0021446138,-0.0065452373,-0.01236047,0.01313729,0.015098985,-0.0014658356,-0.00877124,-0.0057819774,-0.012725225,0.0133246705,-0.009910518,0.003938649,0.014742111,0.0018045611,0.0054187244,0.011518848
-0.01583736,0.0140479235,0.010947903,0.0008946052,0.003757088,-0.00029973255,0.016406551,0.018130101,-0.0094794035,-0.0037973858,0.0018329826,-0.010235011,-0.015154759,0.007386979,0.018997634,0.007448165,0.00015694002,-0.018723289,-0.0018237144,0.00028820348,-0.0045562023,-0.020735385,-0.0070062024,-0.013525896,-0.004687285,0.003182461,-0.017545,-0.019460281,-0.009754676,0.011125533,0.009179794,0.025150761
-0.008927064,0.012080252,0.014254824,0.0011684903,-0.0031867498,0.008892878,0.009650002,0.009410463,-0.010662627,-0.018801272,0.008149287,-0.0049284496,-0.0065015643,-0.009570864,0.008381405,0.01233736,-0.0021446138,-0.0065452373,-0.01236047,0.01313729,0.015098985,-0.0014658356,-0.00877124,-0.0057819774,-0.012725225,0.0133246705,-0.009910518,0.003938649,0.014742111,0.0018045611,0.0054187244,0.011518848
-0.01583736,0.0140479235,0.010947903,0.0008946052,0.003757088,-0.00029973255,0.016406551,0.018130101,-0.0094794035,-0.0037973858,0.0018329826,-0.010235011,-0.015154759,0.007386979,0.018997634,0.007448165,0.00015694002,-0.018723289,-0.0018237144,0.00028820348,-0.0045562023,-0.020735385,-0.0070062024,-0.013525896,-0.004687285,0.003182461,-0.017545,-0.019460281,-0.009754676,0.011125533,0.009179794,0.025150761
-0.008927064,0.012080252,0.014254824,0.0011684903,-0.0031867498,0.008892878,0.009650002,0.009410463,-0.010662627,-0.018801272,0.008149287,-0.0049284496,-0.0065015643,-0.009570864,0.008381405,0.01233736,-0.0021446138,-0.0065452373,-0.01236047,0.01313729,0.015098985,-0.0014658356,-0.00877124,-0.0057819774,-0.012725225,0.0133246705,-0.009910518,0.003938649,0.014742111,0.0018045611,0.0054187244,0.011518848
-0.01583736,0.0140479235,0.010947903,0.0008946052,0.003757088,-0.00029973255,0.016406551,0.018130101,-0.0094794035,-0.0037973858,0.0018329826,-0.010235011,-0.015154759,0.007386979,0.018997634,0.007448165,0.00015694002,-0.018723289,-0.0018237144,0.00028820348,-0.0045562023,-0.020735385,-0.0070062024,-0.013525896,-0.004687285,0.003182461,-0.017545,-0.019460281,-0.009754676,0.011125533,0.009179794,0.025150761
-0.008927064,0.012080252,0.014254824,0.0011684903,-0.0031867498,0.008892878,0.009650002,0.009410463,-0.010662627,-0.018801272,0.008149287,-0.0049284496,-0.0065015643,-0.009570864,0.008381405,0.01233736,-0.0021446138,-0.0065452373,-0.01236047,0.01313729,0.015098985,-0.0014658356,-0.00877124,-0.0057819774,-0.012725225,0.0133246705,-0.009910518,0.003938649,0.014742111,0.0018045611,0.0054187244,0.011518848
-0.01583736,0.0140479235,0.010947903,0.0008946052,0.003757088,-0.00029973255,0.016406551,0.018130101,-0.0094794035,-0.0037973858,0.0018329826,-0.010235011,-0.015154759,0.007386979,0.018997634,0.007448165,0.00015694002,-0.018723289,-0.0018237144,0.00028820348,-0.0045562023,-0.020735385,-0.0070062024,-0.013525896,-0.004687285,0.003182461,-0.017545,-0.019460281,-0.009754676,0.011125533,0.009179794,0.025150761
-0.008927064,0.012080252,0.014254824,0.0011684903,-0.0031867498,0.008892878,0.009650002,0.009410463,-0.010662627,-0.018801272,0.008149287,-0.0049284496,-0.0065015643,-0.009570864,0.008381405,0.01233736,-0.0021446138,-0.0065452373,-0.01236047,0.01313729,0.015098985,-0.0014658356,-0.00877124,-0.0057819774,-0.012725225,0.0133246705,-0.009910518,0.003938649,0.014742111,0.0018045611,0.0054187244,0.011518848
-0.01583736,0.0140479235,0.010947903,0.0008946052,0.003757088,-0.00029973255,0.016406551,0.018130101,-0.0094794035,-0.0037973858,0.0018329826,-0.010235011,-0.015154759,0.007386979,0.018997634,0.007448165,0.00015694002,-0.018723289,-0.0018237144,0.00028820348,-0.0045562023,-0.020735385,-0.0070062024,-0.013525896,-0.004687285,0.003182461,-0.017545,-0.019460281,-0.009754676,0.011125533,0.009179794,0.025150761
-0.008927064,0.012080252,0.014254824,0.0011684903,-0.0031867498,0.008892878,0.009650002,0.009410463,-0.010662627,-0.018801272,0.008149287,-0.0049284496,-0.0065015643,-0.009570864,0.008381405,0.01233736,-0.0021446138,-0.0065452373,-0.01236047,0.01313729,0.015098985,-0.0014658356,-0.00877124,-0.0057819774,-0.012725225,0.0133246705,-0.009910518,0.003938649,0.014742111,0.0018045611,0.0054187244,0.011518848
-0.01583736,0.0140479235,0.010947903,0.0008946052,0.003757088,-0.00029973255,0.016406551,0.018130101,-0.0094794035,-0.0037973858,0.0018329826,-0.010235011,-0.015154759,0.007386979,0.018997634,0.007448165,0.00015694002,-0.018723289,-0.0018237144,0.00028820348,-0.0045562023,-0.020735385,-0.0070062024,-0.013525896,-0.004687285,0.003182461,-0.017545,-0.019460281,-0.009754676,0.011125533,0.009179794,0.025150761
-0.008927064,0.012080252,0.014254824,0.0011684903,-0.0031867498,0.008892878,0.009650002,0.009410463,-0.010662627,-0.018801272,0.008149287,-0.0049284496,-0.0065015643,-0.009570864,0.008381405,0.01233736,-0.0021446138,-0.0065452373,-0.01236047,0.01313729,0.015098985,-0.0014658356,-0.00877124,-0.0057819774,-0.012725225,0.0133246705,-0.009910518,0.003938649,0.014742111,0.0018045611,0.0054187244,0.011518848
-0.01583736,0.0140479235,0.010947903,0.0008946052,0.003757088,-0.00029973255,0.016406551,0.018130101,-0.0094794035,-0.0037973858,0.0018329826,-0.010235011,-0.015154759,0.007386979,0.018997634,0.007448165,0.00015694002,-0.018723289,-0.0018237144,0.00028820348,-0.0045562023,-0.020735385,-0.0070062024,-0.013525896,-0.004687285,0.003182461,-0.017545,-0.019460281,-0.009754676,0.011125533,0.009179794,0.025150761
-0.008927064,0.012080252,0.014254824,0.0011684903,-0.0031867498,0.008892878,0.009650002,0.009410463,-0.010662627,-0.018801272,0.008149287,-0.0049284496,-0.0065015643,-0.009570864,0.008381405,0.01233736,-0.0021446138,-0.0065452373,-0.01236047,0.01313729,0.015098985,-0.0014658356,-0.00877124,-0.0057819774,-0.012725225,0.0133246705,-0.009910518,0.003938649,0.014742111,0.0018045611,0.0054187244,0.011518848
-0.01583736,0.0140479235,0.010947903,0.0008946052,0.003757088,-0.00029973255,0.016406551,0.018130101,-0.0094794035,-0.0037973858,0.0018329826,-0.010235011,-0.015154759,0.007386979,0.018997634,0.007448165,0.00015694002,-0.018723289,-0.0018237144,0.00028820348,-0.0045562023,-0.020735385,-0.0070062024,-0.013525896,-0.004687285,0.003182461,-0.017545,-0.019460281,-0.009754676,0.011125533,0.009179794,0.025150761
-0.008927064,0.012080252,0.014254824,0.0011684903,-0.0031867498,0.008892878,0.009650002,0.009410463,-0.010662627,-0.018801272,0.008149287,-0.0049284496,-0.0065015643,-0.009570864,0.008381405,0.01233736,-0.0021446138,-0.0065452373,-0.01236047,0.01313729,0.015098985,-0.0014658356,-0.00877124,-0.0057819774,-0.012725225,0.0133246705,-0.009910518,0.003938649,0.014742111,0.0018045611,0.0054187244,0.011518848
-0.01583736,0.0140479235,0.010947903,0.0008946052,0.003757088,-0.00029973255,0.016406551,0.018130101,-0.0094794035,-0.0037973858,0.0018329826,-0.010235011,-0.015154759,0.007386979,0.018997634,0.007448165,0.00015694002,-0.018723289,-0.0018237144,0.00028820348,-0.0045562023,-0.020735385,-0.0070062024,-0.013525896,-0.004687285,0.003182461,-0.017545,-0.019460281,-0.009754676,0.011125533,0.009179794,0.025150761
-0.008927064,0.012080252,0.014254824,0.0011684903,-0.0031867498,0.008892878,0.009650002,0.009410463,-0.010662627,-0.018801272,0.008149287,-0.0049284496,-0.0065015643,-0.009570864,0.008381405,0.01233736,-0.0021446138,-0.0065452373,-0.01236047,0.01313729,0.015098985,-0.0014658356,-0.00877124,-0.0057819774,-0.012725225,0.0133246705,-0.009910518,0.003938649,0.014742111,0.0018045611,0.0054187244,0.011518848
-0.01583736,0.0140479235,0.010947903,0.0008946052,0.003757088,-0.00029973255,0.016406551,0.018130101,-0.0094794035,-0.0037973858,0.0018329826,-0.010235011,-0.015154759,0.007386979,0.018997634,0.007448165,0.00015694002,-0.018723289,-0.0018237144,0.00028820348,-0.0045562023,-0.020735385,-0.0070062024,-0.013525896,-0.004687285,0.003182461,-0.017545,-0.019460281,-0.009754676,0.011125533,0.009179794,0.025150761
-0.008927064,0.012080252,0.014254824,0.0011684903,-0.0031867498,0.008892878,0.009650002,0.009410463,-0.010662627,-0.018801272,0.008149287,-0.0049284496,-0.0065015643,-0.009570864,0.008381405,0.01233736,-0.0021446138,-0.0065452373,-0.01236047,0.01313729,0.015098985,-0.0014658356,-0.00877124,-0.0057819774,-0.012725225,0.0133246705,-0.009910518,0.003938649,0.014742111,0.0018045611,0.0054187244,0.011518848
-0.01583736,0.0140479235,0.010947903,0.0008946052,0.003757088,-0.00029973255,0.016406551,0.018130101,-0.0094794035,-0.0037973858,0.0018329826,-0.010235011,-0.015154759,0.007386979,0.018997634,0.007448165,0.00015694002,-0.018723289,-0.0018237144,0.00028820348,-0.0045562023,-0.020735385,-0.0070062024,-0.013525896,-0.004687285,0.003182461,-0.017545,-0.019460281,-0.009754676,0.011125533,0.009179794,0.025150761
-0.008927064,0.012080252,0.014254824,0.0011684903,-0.0031867498,0.008892878,0.009650002,0.009410463,-0.010662627,-0.018801272,0.008149287,-0.0049284496,-0.0065015643,-0.009570864,0.008381405,0.01233736,-0.0021446138,-0.0065452373,-0.01236047,0.01313729,0.015098985,-0.0014658356,-0.00877124,-0.0057819774,-0.012725225,0.0133246705,-0.009910518,0.003938649,0.014742111,0.0018045611,0.0054187244,0.011518848
-0.01583736,0.0140479235,0.010947903,0.0008946052,0.003757088,-0.00029973255,0.016406551,0.018130101,-0.0094794035,-0.0037973858,0.0018329826,-0.010235011,-0.015154759,0.007386979,0.018997634,0.007448165,0.00015694002,-0.018723289,-0.0018237144,0.00028820348,-0.0045562023,-0.020735385,-0.0070062024,-0.013525896,-0.004687285,0.003182461,-0.017545,-0.019460281,-0.009754676,0.011125533,0.009179794,0.025150761
-0.008927064,0.012080252,0.014254824,0.0011684903,-0.0031867498,0.008892878,0.009650002,0.009410463,-0.010662627,-0.018801272,0.008149287,-0.0049284496,-0.0065015643,-0.009570864,0.008381405,0.01233736,-0.0021446138,-0.0065452373,-0.01236047,0.01313729,0.015098985,-0.0014658356,-0.00877124,-0.0057819774,-0.012725225,0.0133246705,-0.009910518,0.003938649,0.014742111,0.0018045611,0.0054187244,0.011518848
-0.01583736,0.0140479235,0.010947903,0.0008946052,0.003757088,-0.00029973255,0.016406551,0.018130101,-0.0094794035,-0.0037973858,0.0018329826,-0.010235011,-0.015154759,0.007386979,0.018997634,0.007448165,0.00015694002,-0.018723289,-0.0018237144,0.00028820348,-0.0045562023,-0.020735385,-0.0070062024,-0.013525896,-0.004687285,0.003182461,-0.017545,-0.019460281,-0.009754676,0.011125533,0.009179794,0.025150761
-0.008927064,0.012080252,0.014254824,0.0011684903,-0.0031867498,0.008892878,0.009650002,0.009410463,-0.010662627,-0.018801272,0.008149287,-0.0049284496,-0.0065015643,-0.009570864,0.008381405,0.01233736,-0.0021446138,-0.0065452373,-0.01236047,0.01313729,0.015098985,-0.0014658356,-0.00877124,-0.0057819774,-0.012725225,0.0133246705,-0.009910518,0.003938649,0.014742111,0.0018045611,0.0054187244,0.011518848
0.32560942,-0.05952206,-0.2893027,0.4950605,0.5069118,-0.10787747,0.14269578,0.04686562,-0.07973216,0.09647377,-0.058030464,-0.23075888,-0.05738218,-0.61883795,0.28303233,0.16338755,0.20144136,-0.72240084,0.047415506,0.11740308,-0.49115282,0.71928346,-0.810315,0.07511884,-0.0032814422,-0.002451397,0.049731016,0.14656536,-0.46648276,0.19897217,-0.06694052,-0.15898597
-0.40227777,0.1229919,0.4336744,0.2385859,0.31730703,0.6082021,0.044883776,-0.22024953,-0.33004308,-1.0135658,0.36395875,-0.2775596,-0.41177973,0.63177127,0.28868884,0.43628064,0.22675316,0.21571542,-0.04523821,0.07834993,0.5175874,-0.43985757,0.06281595,-0.18336485,-0.26518735,0.24420947,0.0805522,0.5325069,-0.11388219,-0.36021703,0.30958617,0.4897713
0.09366533,-0.24888396,-0.37622067,-0.690519,-0.29528823,0.072368465,0.1570819,0.84531814,-0.015408181,-0.47374097,0.24932721,0.0084708715,0.11404633,-0.24124938,-0.7265568,0.30291307,0.07115275,0.23128961,0.90761477,0.16616926,0.25281742,-0.11626688,-0.6819508,-0.54073244,-0.2706803,-0.4660633,-0.015379867,-0.109922424,0.16784713,-0.0034305304,0.43408158,0.1646428
-0.84935564,0.5614528,0.35169253,0.62839,0.7379486,0.3645946,0.1580967,-0.8810904,-0.29750064,-0.8648148,0.28221813,-0.091415495,-0.11029463,1.2820442,-0.021564271,-0.75798726,0.2891731,0.13440976,-0.34705564,-0.09391554,0.62282175,-0.104614556,-0.015060303,0.0767039,-0.07270527,-0.04898449,-0.10866227,-0.3383504,-0.2380352,-0.4223449,0.43445134,0.78785676
-0.26263142,-0.35528332,-0.19957162,-0.07771652,-0.30139998,-0.059056144,0.05966039,0.6269899,0.13553968,-0.3457104,-0.09224703,0.21139841,-0.09218895,0.35701558,0.21700582,0.21955086,0.14354692,0.25911772,0.11715082,-0.018219437,0.3031747,-0.06301862,0.25459066,-0.18298513,-0.35619408,-0.054800138,-0.19956417,-0.058667302,-0.030227927,-0.4135948,-0.16124992,-0.42717355
-0.16766508,0.46466273,0.2440479,0.09729663,0.19828156,-0.5239362,0.11967791,-0.10484722,-0.12673263,-0.22414741,-0.022554059,-0.63215554,-0.28407383,0.5508254,-0.0098325545,-0.280236,-0.47512975,-0.09764077,-0.17009819,0.029493906,0.538976,0.65037423,0.05320276,0.1831958,-0.30374655,0.023596259,-0.050566204,-0.28640842,-0.13185897,-0.10620309,0.28929344,0.33716488
-0.01583736,0.0140479235,0.010947903,0.0008946052,0.003757088,-0.00029973255,0.016406551,0.018130101,-0.0094794035,-0.0037973858,0.0018329826,-0.010235011,-0.015154759,0.007386979,0.018997634,0.007448165,0.00015694002,-0.018723289,-0.0018237144,0.00028820348,-0.0045562023,-0.020735385,-0.0070062024,-0.013525896,-0.004687285,0.003182461,-0.017545,-0.019460281,-0.009754676,0.011125533,0.009179794,0.025150761
-0.008927064,0.012080252,0.014254824,0.0011684903,-0.0031867498,0.008892878,0.009650002,0.009410463,-0.010662627,-0.018801272,0.008149287,-0.0049284496,-0.0065015643,-0.009570864,0.008381405,0.01233736,-0.0021446138,-0.0065452373,-0.01236047,0.01313729,0.015098985,-0.0014658356,-0.00877124,-0.0057819774,-0.012725225,0.0133246705,-0.009910518,0.003938649,0.014742111,0.0018045611,0.0054187244,0.011518848
-0.01583736,0.0140479235,0.010947903,0.0008946052,0.003757088,-0.00029973255,0.016406551,0.018130101,-0.0094794035,-0.0037973858,0.0018329826,-0.010235011,-0.015154759,0.007386979,0.018997634,0.007448165,0.00015694002,-0.018723289,-0.0018237144,0.00028820348,-0.0045562023,-0.020735385,-0.0070062024,-0.013525896,-0.004687285,0.003182461,-0.017545,-0.019460281,-0.009754676,0.011125533,0.009179794,0.025150761
-0.008927064,0.012080252,0.014254824,0.0011684903,-0.0031867498,0.008892878,0.009650002,0.009410463,-0.010662627,-0.018801272,0.008149287,-0.0049284496,-0.0065015643,-0.009570864,0.008381405,0.01233736,-0.0021446138,-0.0065452373,-0.01236047,0.01313729,0.015098985,-0.0014658356,-0.00877124,-0.0057819774,-0.012725225,0.0133246705,-0.009910518,0.003938649,0.014742111,0.0018045611,0.0054187244,0.011518848
-0.01583736,0.0140479235,0.010947903,0.0008946052,0.003757088,-0.00029973255,0.016406551,0.018130101,-0.0094794035,-0.0037973858,0.0018329826,-0.010235011,-0.015154759,0.007386979,0.018997634,0.007448165,0.00015694002,-0.018723289,-0.0018237144,0.00028820348,-0.0045562023,-0.020735385,-0.0070062024,-0.013525896,-0.004687285,0.003182461,-0.017545,-0.019460281,-0.009754676,0.011125533,0.009179794,0.025150761
-0.008927064,0.012080252,0.014254824,0.0011684903,-0.0031867498,0.008892878,0.009650002,0.009410463,-0.010662627,-0.018801272,0.008149287,-0.0049284496,-0.0065015643,-0.009570864,0.008381405,0.01233736,-0.0021446138,-0.0065452373,-0.01236047,0.01313729,0.015098985,-0.0014658356,-0.00877124,-0.0057819774,-0.012725225,0.0133246705,-0.009910518,0.003938649,0.014742111,0.0018045611,0.0054187244,0.011518848
-0.01583736,0.0140479235,0.010947903,0.0008946052,0.003757088,-0.00029973255,0.016406551,0.018130101,-0.0094794035,-0.0037973858,0.0018329826,-0.010235011,-0.015154759,0.007386979,0.018997634,0.007448165,0.00015694002,-0.018723289,-0.0018237144,0.00028820348,-0.0045562023,-0.020735385,-0.0070062024,-0.013525896,-0.004687285,0.003182461,-0.017545,-0.019460281,-0.009754676,0.011125533,0.009179794,0.025150761
-0.008927064,0.012080252,0.014254824,0.0011684903,-0.0031867498,0.008892878,0.009650002,0.009410463,-0.010662627,-0.018801272,0.008149287,-0.0049284496,-0.0065015643,-0.009570864,0.008381405,0.01233736,-0.0021446138,-0.0065452373,-0.01236047,0.01313729,0.015098985,-0.0014658356,-0.00877124,-0.0057819774,-0.012725225,0.0133246705,-0.009910518,0.003938649,0.014742111,0.0018045611,0.0054187244,0.011518848
-0.01583736,0.0140479235,0.010947903,0.0008946052,0.003757088,-0.00029973255,0.016406551,0.018130101,-0.0094794035,-0.0037973858,0.0018329826,-0.010235011,-0.015154759,0.007386979,0.018997634,0.007448165,0.00015694002,-0.018723289,-0.0018237144,0.00028820348,-0.0045562023,-0.020735385,-0.0070062024,-0.013525896,-0.004687285,0.003182461,-0.017545,-0.019460281,-0.009754676,0.011125533,0.009179794,0.025150761
-0.008927064,0.012080252,0.014254824,0.0011684903,-0.0031867498,0.008892878,0.009650002,0.009410463,-0.010662627,-0.018801272,0.008149287,-0.0049284496,-0.0065015643,-0.009570864,0.008381405,0.01233736,-0.0021446138,-0.0065452373,-0.01236047,0.01313729,0.015098985,-0.0014658356,-0.00877124,-0.0057819774,-0.012725225,0.0133246705,-0.009910518,0.003938649,0.014742111,0.0018045611,0.0054187244,0.011518848
-0.01583736,0.0140479235,0.010947903,0.0008946052,0.003757088,-0.00029973255,0.016406551,0.018130101,-0.0094794035,-0.0037973858,0.0018329826,-0.010235011,-0.015154759,0.007386979,0.018997634,0.007448165,0.00015694002,-0.018723289,-0.0018237144,0.00028820348,-0.0045562023,-0.020735385,-0.0070062024,-0.013525896,-0.004687285,0.003182461,-0.017545,-0.019460281,-0.009754676,0.011125533,0.009179794,0.025150761
-0.008927064,0.012080252,0.014254824,0.0011684903,-0.0031867498,0.008892878,0.009650002,0.009410463,-0.010662627,-0.018801272,0.008149287,-0.0049284496,-0.0065015643,-0.009570864,0.008381405,0.01233736,-0.0021446138,-0.0065452373,-0.01236047,0.01313729,0.015098985,-0.0014658356,-0.00877124,-0.0057819774,-0.012725225,0.0133246705,-0.009910518,0.003938649,0.014742111,0.0018045611,0.0054187244,0.011518848
-0.01583736,0.0140479235,0.010947903,0.0008946052,0.003757088,-0.00029973255,0.016406551,0.018130101,-0.0094794035,-0.0037973858,0.0018329826,-0.010235011,-0.015154759,0.007386979,0.018997634,0.007448165,0.00015694002,-0.018723289,-0.0018237144,0.00028820348,-0.0045562023,-0.020735385,-0.0070062024,-0.013525896,-0.004687285,0.003182461,-0.017545,-0.019460281,-0.009754676,0.011125533,0.009179794,0.025150761
-0.008927064,0.012080252,0.014254824,0.0011684903,-0.0031867498,0.008892878,0.009650002,0.009410463,-0.010662627,-0.018801272,0.008149287,-0.0049284496,-0.0065015643,-0.009570864,0.008381405,0.01233736,-0.0021446138,-0.0065452373,-0.01236047,0.01313729,0.015098985,-0.0014658356,-0.00877124,-0.0057819774,-0.012725225,0.0133246705,-0.009910518,0.003938649,0.014742111,0.0018045611,0.0054187244,0.011518848
-0.01583736,0.0140479235,0.010947903,0.0008946052,0.003757088,-0.00029973255,0.016406551,0.018130101,-0.0094794035,-0.0037973858,0.0018329826,-0.010235011,-0.015154759,0.007386979,0.018997634,0.007448165,0.00015694002,-0.018723289,-0.0018237144,0.00028820348,-0.0045562023,-0.020735385,-0.0070062024,-0.013525896,-0.004687285,0.003182461,-0.017545,-0.019460281,-0.009754676,0.011125533,0.009179794,0.025150761
-0.008927064,0.012080252,0.014254824,0.0011684903,-0.0031867498,0.008892878,0.009650002,0.009410463,-0.010662627,-0.018801272,0.008149287,-0.0049284496,-0.0065015643,-0.009570864,0.008381405,0.01233736,-0.0021446138,-0.0065452373,-0.01236047,0.01313729,0.015098985,-0.0014658356,-0.00877124,-0.0057819774,-0.012725225,0.0133246705,-0.009910518,0.003938649,0.014742111,0.0018045611,0.0054187244,0.011518848
-0.01583736,0.0140479235,0.010947903,0.0008946052,0.003757088,-0.00029973255,0.016406551,0.018130101,-0.0094794035,-0.0037973858,0.0018329826,-0.010235011,-0.015154759,0.007386979,0.018997634,0.007448165,0.00015694002,-0.018723289,-0.0018237144,0.00028820348,-0.0045562023,-0.020735385,-0.0070062024,-0.013525896,-0.004687285,0.003182461,-0.017545,-0.019460281,-0.009754676,0.011125533,0.009179794,0.025150761
-0.008927064,0.012080252,0.014254824,0.0011684903,-0.0031867498,0.008892878,0.009650002,0.009410463,-0.010662627,-0.018801272,0.008149287,-0.0049284496,-0.0065015643,-0.009570864,0.008381405,0.01233736,-0.0021446138,-0.0065452373,-0.01236047,0.01313729,0.015098985,-0.0014658356,-0.00877124,-0.0057819774,-0.012725225,0.0133246705,-0.009910518,0.003938649,0.014742111,0.0018045611,0.0054187244,0.011518848
-0.01583736,0.0140479235,0.010947903,0.0008946052,0.003757088,-0.00029973255,0.016406551,0.018130101,-0.0094794035,-0.0037973858,0.0018329826,-0.010235011,-0.015154759,0.007386979,0.018997634,0.007448165,0.00015694002,-0.018723289,-0.0018237144,0.00028820348,-0.0045562023,-0.020735385,-0.0070062024,-0.013525896,-0.004687285,0.003182461,-0.017545,-0.019460281,-0.009754676,0.011125533,0.009179794,0.025150761
-0.008927064,0.012080252,0.014254824,0.0011684903,-0.0031867498,0.008892878,0.009650002,0.009410463,-0.010662627,-0.018801272,0.008149287,-0.0049284496,-0.0065015643,-0.009570864,0.008381405,0.01233736,-0.0021446138,-0.0065452373,-0.01236047,0.01313729,0.015098985,-0.0014658356,-0.00877124,-0.0057819774,-0.012725225,0.0133246705,-0.009910518,0.003938649,0.014742111,0.0018045611,0.0054187244,0.011518848
-0.01583736,0.0140479235,0.010947903,0.0008946052,0.003757088,-0.00029973255,0.016406551,0.018130101,-0.0094794035,-0.0037973858,0.0018329826,-0.010235011,-0.015154759,0.007386979,0.018997634,0.007448165,0.00015694002,-0.018723289,-0.0018237144,0.00028820348,-0.0045562023,-0.020735385,-0.0070062024,-0.013525896,-0.004687285,0.003182461,-0.017545,-0.019460281,-0.009754676,0.011125533,0.009179794,0.025150761
-0.008927064,0.012080252,0.014254824,0.0011684903,-0.0031867498,0.008892878,0.009650002,0.009410463,-0.010662627,-0.018801272,0.008149287,-0.0049284496,-0.0065015643,-0.009570864,0.008381405,0.01233736,-0.0021446138,-0.0065452373,-0.01236047,0.01313729,0.015098985,-0.0014658356,-0.00877124,-0.0057819774,-0.012725225,0.0133246705,-0.009910518,0.003938649,0.014742111,0.0018045611,0.0054187244,0.011518848
-0.01583736,0.0140479235,0.010947903,0.0008946052,0.003757088,-0.00029973255,0.016406551,0.018130101,-0.0094794035,-0.0037973858,0.0018329826,-0.010235011,-0.015154759,0.007386979,0.018997634,0.007448165,0.00015694002,-0.018723289,-0.0018237144,0.00028820348,-0.0045562023,-0.020735385,-0.0070062024,-0.013525896,-0.004687285,0.003182461,-0.017545,-0.019460281,-0.009754676,0.011125533,0.009179794,0.025150761
-0.008927064,0.012080252,0.014254824,0.0011684903,-0.0031867498,0.008892878,0.009650002,0.009410463,-0.010662627,-0.018801272,0.008149287,-0.0049284496,-0.0065015643,-0.009570864,0.008381405,0.01233736,-0.0021446138,-0.0065452373,-0.01236047,0.01313729,0.015098985,-0.0014658356,-0.00877124,-0.0057819774,-0.012725225,0.0133246705,-0.009910518,0.003938649,0.014742111,0.0018045611,0.0054187244,0.011518848
-0.01583736,0.0140479235,0.010947903,0.0008946052,0.003757088,-0.00029973255,0.016406551,0.018130101,-0.0094794035,-0.0037973858,0.0018329826,-0.010235011,-0.015154759,0.007386979,0.018997634,0.007448165,0.00015694002,-0.018723289,-0.0018237144,0.00028820348,-0.0045562023,-0.020735385,-0.0070062024,-0.013525896,-0.004687285,0.003182461,-0.017545,-0.019460281,-0.009754676,0.011125533,0.009179794,0.025150761
-0.008927064,0.012080252,0.014254824,0.0011684903,-0.0031867498,0.008892878,0.009650002,0.009410463,-0.010662627,-0.018801272,0.008149287,-0.0049284496,-0.0065015643,-0.009570864,0.008381405,0.01233736,-0.0021446138,-0.0065452373,-0.01236047,0.01313729,0.015098985,-0.0014658356,-0.00877124,-0.0057819774,-0.012725225,0.0133246705,-0.009910518,0.003938649,0.014742111,0.0018045611,0.0054187244,0.011518848
-0.01583736,0.0140479235,0.010947903,0.0008946052,0.003757088,-0.00029973255,0.016406551,0.018130101,-0.0094794035,-0.0037973858,0.0018329826,-0.010235011,-0.015154759,0.007386979,0.018997634,0.007448165,0.00015694002,-0.018723289,-0.0018237144,0.00028820348,-0.0045562023,-0.020735385,-0.0070062024,-0.013525896,-0.004687285,0.003182461,-0.017545,-0.019460281,-0.009754676,0.011125533,0.009179794,0.025150761
-0.008927064,0.012080252,0.014254824,0.0011684903,-0.0031867498,0.008892878,0.009650002,0.009410463,-0.010662627,-0.018801272,0.008149287,-0.0049284496,-0.0065015643,-0.009570864,0.008381405,0.01233736,-0.0021446138,-0.0065452373,-0.01236047,0.01313729,0.015098985,-0.0014658356,-0.00877124,-0.0057819774,-0.012725225,0.0133246705,-0.009910518,0.003938649,0.014742111,0.0018045611,0.0054187244,0.011518848
-0.01583736,0.0140479235,0.010947903,0.0008946052,0.003757088,-0.00029973255,0.016406551,0.018130101,-0.0094794035,-0.0037973858,0.0018329826,-0.010235011,-0.015154759,0.007386979,0.018997634,0.007448165,0.00015694002,-0.018723289,-0.0018237144,0.00028820348,-0.0045562023,-0.020735385,-0.0070062024,-0.013525896,-0.004687285,0.003182461,-0.017545,-0.019460281,-0.009754676,0.011125533,0.009179794,0.025150761
-0.008927064,0.012080252,0.014254824,0.0011684903,-0.0031867498,0.008892878,0.009650002,0.009410463,-0.010662627,-0.018801272,0.008149287,-0.0049284496,-0.0065015643,-0.009570864,0.008381405,0.01233736,-0.0021446138,-0.0065452373,-0.01236047,0.01313729,0.015098985,-0.0014658356,-0.00877124,-0.0057819774,-0.012725225,0.0133246705,-0.009910518,0.003938649,0.014742111,0.0018045611,0.0054187244,0.011518848
-0.01583736,0.0140479235,0.010947903,0.0008946052,0.003757088,-0.00029973255,0.016406551,0.018130101,-0.0094794035,-0.0037973858,0.0018329826,-0.010235011,-0.015154759,0.007386979,0.018997634,0.007448165,0.00015694002,-0.018723289,-0.0018237144,0.00028820348,-0.0045562023,-0.020735385,-0.0070062024,-0.013525896,-0.004687285,0.003182461,-0.017545,-0.019460281,-0.009754676,0.011125533,0.009179794,0.025150761
-0.008927064,0.012080252,0.014254824,0.0011684903,-0.0031867498,0.008892878,0.009650002,0.009410463,-0.010662627,-0.018801272,0.008149287,-0.0049284496,-0.0065015643,-0.009570864,0.008381405,0.01233736,-0.0021446138,-0.0065452373,-0.01236047,0.01313729,0.015098985,-0.0014658356,-0.00877124,-0.0057819774,-0.012725225,0.0133246705,-0.009910518,0.003938649,0.014742111,0.0018045611,0.0054187244,0.011518848
-0.01583736,0.0140479235,0.010947903,0.0008946052,0.003757088,-0.00029973255,0.016406551,0.018130101,-0.0094794035,-0.0037973858,0.0018329826,-0.010235011,-0.015154759,0.007386979,0.018997634,0.007448165,0.00015694002,-0.018723289,-0.0018237144,0.00028820348,-0.0045562023,-0.020735385,-0.0070062024,-0.013525896,-0.004687285,0.003182461,-0.017545,-0.019460281,-0.009754676,0.011125533,0.009179794,0.025150761
-0.008927064,0.012080252,0.014254824,0.0011684903,-0.0031867498,0.008892878,0.009650002,0.009410463,-0.010662627,-0.018801272,0.008149287,-0.0049284496,-0.0065015643,-0.009570864,0.008381405,0.01233736,-0.0021446138,-0.0065452373,-0.01236047,0.01313729,0.015098985,-0.0014658356,-0.00877124,-0.0057819774,-0.012725225,0.0133246705,-0.009910518,0.003938649,0.014742111,0.0018045611,0.0054187244,0.011518848
-0.01583736,0.0140479235,0.010947903,0.0008946052,0.003757088,-0.00029973255,0.016406551,0.018130101,-0.0094794035,-0.0037973858,0.0018329826,-0.010235011,-0.015154759,0.007386979,0.018997634,0.007448165,0.00015694002,-0.018723289,-0.0018237144,0.00028820348,-0.0045562023,-0.020735385,-0.0070062024,-0.013525896,-0.004687285,0.003182461,-0.017545,-0.019460281,-0.009754676,0.011125533,0.009179794,0.025150761
-0.008927064,0.012080252,0.014254824,0.0011684903,-0.0031867498,0.008892878,0.009650002,0.009410463,-0.010662627,-0.018801272,0.008149287,-0.0049284496,-0.0065015643,-0.009570864,0.008381405,0.01233736,-0.0021446138,-0.0065452373,-0.01236047,0.01313729,0.015098985,-0.0014658356,-0.00877124,-0.0057819774,-0.012725225,0.0133246705,-0.009910518,0.003938649,0.014742111,0.0018045611,0.0054187244,0.011518848
-0.01583736,0.0140479235,0.010947903,0.0008946052,0.003757088,-0.00029973255,0.016406551,0.018130101,-0.0094794035,-0.0037973858,0.0018329826,-0.010235011,-0.015154759,0.007386979,0.018997634,0.007448165,0.00015694002,-0.018723289,-0.0018237144,0.00028820348,-0.0045562023,-0.020735385,-0.0070062024,-0.013525896,-0.004687285,0.003182461,-0.017545,-0.019460281,-0.009754676,0.011125533,0.009179794,0.025150761
-0.008927064,0.012080252,0.014254824,0.0011684903,-0.0031867498,0.008892878,0.009650002,0.009410463,-0.010662627,-0.018801272,0.008149287,-0.0049284496,-0.0065015643,-0.009570864,0.008381405,0.01233736,-0.0021446138,-0.0065452373,-0.01236047,0.01313729,0.015098985,-0.0014658356,-0.00877124,-0.0057819774,-0.012725225,0.0133246705,-0.009910518,0.003938649,0.014742111,0.0018045611,0.0054187244,0.011518848
-0.01583736,0.0140479235,0.010947903,0.0008946052,0.003757088,-0.00029973255,0.016406551,0.018130101,-0.0094794035,-0.0037973858,0.0018329826,-0.010235011,-0.015154759,0.007386979,0.018997634,0.007448165,0.00015694002,-0.018723289,-0.0018237144,0.00028820348,-0.0045562023,-0.020735385,-0.0070062024,-0.013525896,-0.004687285,0.003182461,-0.017545,-0.019460281,-0.009754676,0.011125533,0.009179794,0.025150761
-0.008927064,0.012080252,0.014254824,0.0011684903,-0.0031867498,0.008892878,0.009650002,0.009410463,-0.010662627,-0.018801272,0.008149287,-0.0049284496,-0.0065015643,-0.009570864,0.008381405,0.01233736,-0.0021446138,-0.0065452373,-0.01236047,0.01313729,0.015098985,-0.0014658356,-0.00877124,-0.0057819774,-0.012725225,0.0133246705,-0.009910518,0.003938649,0.014742111,0.0018045611,0.0054187244,0.011518848
-0.01583736,0.0140479235,0.010947903,0.0008946052,0.003757088,-0.00029973255,0.016406551,0.018130101,-0.0094794035,-0.0037973858,0.0018329826,-0.010235011,-0.015154759,0.007386979,0.018997634,0.007448165,0.00015694002,-0.018723289,-0.0018237144,0.00028820348,-0.0045562023,-0.020735385,-0.0070062024,-0.013525896,-0.004687285,0.003182461,-0.017545,-0.019460281,-0.009754676,0.011125533,0.009179794,0.025150761
-0.008927064,0.012080252,0.014254824,0.0011684903,-0.0031867498,0.008892878,0.009650002,0.009410463,-0.010662627,-0.018801272,0.008149287,-0.0049284496,-0.0065015643,-0.009570864,0.008381405,0.01233736,-0.0021446138,-0.0065452373,-0.01236047,0.01313729,0.015098985,-0.0014658356,-0.00877124,-0.0057819774,-0.012725225,0.0133246705,-0.009910518,0.003938649,0.014742111,0.0018045611,0.0054187244,0.011518848
-0.01583736,0.0140479235,0.010947903,0.0008946052,0.003757088,-0.00029973255,0.016406551,0.018130101,-0.0094794035,-0.0037973858,0.0018329826,-0.010235011,-0.015154759,0.007386979,0.018997634,0.007448165,0.00015694002,-0.018723289,-0.0018237144,0.00028820348,-0.0045562023,-0.020735385,-0.0070062024,-0.013525896,-0.004687285,0.003182461,-0.017545,-0.019460281,-0.009754676,0.011125533,0.009179794,0.025150761
-0.008927064,0.012080252,0.014254824,0.0011684903,-0.0031867498,0.008892878,0.009650002,0.009410463,-0.010662627,-0.018801272,0.008149287,-0.0049284496,-0.0065015643,-0.009570864,0.008381405,0.01233736,-0.0021446138,-0.0065452373,-0.01236047,0.01313729,0.015098985,-0.0014658356,-0.00877124,-0.0057819774,-0.012725225,0.0133246705,-0.009910518,0.003938649,0.014742111,0.0018045611,0.0054187244,0.011518848
-0.01583736,0.0140479235,0.010947903,0.0008946052,0.003757088,-0.00029973255,0.016406551,0.018130101,-0.0094794035,-0.0037973858,0.0018329826,-0.010235011,-0.015154759,0.007386979,0.018997634,0.007448165,0.00015694002,-0.018723289,-0.0018237144,0.00028820348,-0.0045562023,-0.020735385,-0.0070062024,-0.013525896,-0.004687285,0.003182461,-0.017545,-0.019460281,-0.009754676,0.011125533,0.009179794,0.025150761
-0.008927064,0.012080252,0.014254824,0.0011684903,-0.0031867498,0.008892878,0.009650002,0.009410463,-0.010662627,-0.018801272,0.008149287,-0.0049284496,-0.0065015643,-0.009570864,0.008381405,0.01233736,-0.0021446138,-0.0065452373,-0.01236047,0.01313729,0.015098985,-0.0014658356,-0.00877124,-0.0057819774,-0.012725225,0.0133246705,-0.009910518,0.003938649,0.014742111,0.0018045611,0.0054187244,0.011518848
-0.01583736,0.0140479235,0.010947903,0.0008946052,0.003757088,-0.00029973255,0.016406551,0.018130101,-0.0094794035,-0.0037973858,0.0018329826,-0.010235011,-0.015154759,0.007386979,0.018997634,0.007448165,0.00015694002,-0.018723289,-0.0018237144,0.00028820348,-0.0045562023,-0.020735385,-0.0070062024,-0.013525896,-0.004687285,0.003182461,-0.017545,-0.019460281,-0.009754676,0.011125533,0.009179794,0.025150761
-0.008927064,0.012080252,0.014254824,0.0011684903,-0.0031867498,0.008892878,0.009650002,0.009410463,-0.010662627,-0.018801272,0.008149287,-0.0049284496,-0.0065015643,-0.009570864,0.008381405,0.01233736,-0.0021446138,-0.0065452373,-0.01236047,0.01313729,0.015098985,-0.0014658356,-0.00877124,-0.0057819774,-0.012725225,0.0133246705,-0.009910518,0.003938649,0.014742111,0.0018045611,0.0054187244,0.011518848
-0.01583736,0.0140479235,0.010947903,0.0008946052,0.003757088,-0.00029973255,0.016406551,0.018130101,-0.0094794035,-0.0037973858,0.0018329826,-0.010235011,-0.015154759,0.007386979,0.018997634,0.007448165,0.00015694002,-0.018723289,-0.0018237144,0.00028820348,-0.0045562023,-0.020735385,-0.0070062024,-0.013525896,-0.004687285,0.003182461,-0.017545,-0.019460281,-0.009754676,0.011125533,0.009179794,0.025150761
-0.008927064,0.012080252,0.014254824,0.0011684903,-0.0031867498,0.008892878,0.009650002,0.009410463,-0.010662627,-0.018801272,0.008149287,-0.0049284496,-0.0065015643,-0.009570864,0.008381405,0.01233736,-0.0021446138,-0.0065452373,-0.01236047,0.01313729,0.015098985,-0.0014658356,-0.00877124,-0.0057819774,-0.012725225,0.0133246705,-0.009910518,0.003938649,0.014742111,0.0018045611,0.0054187244,0.011518848
-0.01583736,0.0140479235,0.010947903,0.0008946052,0.003757088,-0.00029973255,0.016406551,0.018130101,-0.0094794035,-0.0037973858,0.0018329826,-0.010235011,-0.015154759,0.007386979,0.018997634,0.007448165,0.00015694002,-0.018723289,-0.0018237144,0.00028820348,-0.0045562023,-0.020735385,-0.0070062024,-0.013525896,-0.004687285,0.003182461,-0.017545,-0.019460281,-0.009754676,0.011125533,0.009179794,0.025150761
-0.008927064,0.012080252,0.014254824,0.0011684903,-0.0031867498,0.008892878,0.009650002,0.009410463,-0.010662627,-0.018801272,0.008149287,-0.0049284496,-0.0065015643,-0.009570864,0.008381405,0.01233736,-0.0021446138,-0.0065452373,-0.01236047,0.01313729,0.015098985,-0.0014658356,-0.00877124,-0.0057819774,-0.012725225,0.0133246705,-0.009910518,0.003938649,0.014742111,0.0018045611,0.0054187244,0.011518848
-0.01583736,0.0140479235,0.010947903,0.0008946052,0.003757088,-0.00029973255,0.016406551,0.018130101,-0.0094794035,-0.0037973858,0.0018329826,-0.010235011,-0.015154759,0.007386979,0.018997634,0.007448165,0.00015694002,-0.018723289,-0.0018237144,0.00028820348,-0.0045562023,-0.020735385,-0.0070062024,-0.013525896,-0.004687285,0.003182461,-0.017545,-0.019460281,-0.009754676,0.011125533,0.009179794,0.025150761
-0.008927064,0.012080252,0.014254824,0.0011684903,-0.0031867498,0.008892878,0.009650002,0.009410463,-0.010662627,-0.018801272,0.008149287,-0.0049284496,-0.0065015643,-0.009570864,0.008381405,0.01233736,-0.0021446138,-0.0065452373,-0.01236047,0.01313729,0.015098985,-0.0014658356,-0.00877124,-0.0057819774,-0.012725225,0.0133246705,-0.009910518,0.003938649,0.014742111,0.0018045611,0.0054187244,0.011518848
-0.01583736,0.0140479235,0.010947903,0.0008946052,0.003757088,-0.00029973255,0.016406551,0.018130101,-0.0094794035,-0.0037973858,0.0018329826,-0.010235011,-0.015154759,0.007386979,0.018997634,0.007448165,0.00015694002,-0.018723289,-0.0018237144,0.00028820348,-0.0045562023,-0.020735385,-0.0070062024,-0.013525896,-0.004687285,0.003182461,-0.017545,-0.019460281,-0.009754676,0.011125533,0.009179794,0.025150761
-0.008927064,0.012080252,0.014254824,0.0011684903,-0.0031867498,0.008892878,0.009650002,0.009410463,-0.010662627,-0.018801272,0.008149287,-0.0049284496,-0.0065015643,-0.009570864,0.008381405,0.01233736,-0.0021446138,-0.0065452373,-0.01236047,0.01313729,0.015098985,-0.0014658356,-0.00877124,-0.0057819774,-0.012725225,0.0133246705,-0.009910518,0.003938649,0.014742111,0.0018045611,0.0054187244,0.011518848
0.4621318,0.34389746,-0.2443534,0.22084469,0.21997547,-0.28857535,0.21644968,-0.05083376,0.3206811,0.5060928,0.028251892,-0.11374765,0.28346467,-0.3968856,0.09127698,-0.06308161,0.3391629,-0.9331179,0.21555817,0.18370798,-0.54056686,0.43158516,-0.6933153,-0.36682862,-0.31936076,-0.022156892,0.66705745,0.0994463,-0.13478859,0.1622273,-0.041825946,0.16409843
-0.2748606,-0.21508864,0.33580932,0.03771638,0.39857852,0.28174183,-0.23494296,-0.05567293,-0.18677965,-0.9346228,0.45436916,-0.10837327,-0.47001153,0.3087801,0.44560358,0.78367966,0.3845993,0.08281585,-0.08678802,0.24952371,0.46973515,-0.049268223,-0.3806909,0.08687006,-0.47288412,0.079339534,0.09930321,0.1926379,-0.02747761,-0.36881837,-0.5319649,0.23236544
0.16565971,-0.22082157,-0.23163888,-0.95333,-0.21272524,0.13862546,0.36775076,0.3240358,0.15158334,-0.5755163,0.36718306,-0.03948781,0.7563007,-0.030742351,0.14811523,0.31993154,-0.00069142034,-0.04150535,0.6008648,0.058657452,0.43569884,0.31553236,-0.37682718,-0.43277133,-0.2997637,-0.16542727,-0.28897965,-0.009767136,0.12777533,-0.20235327,-0.10834875,-0.2940638
-0.54971343,0.49402267,0.50216144,0.55134845,0.5333771,0.5431329,0.06659925,-0.41890654,-0.2725703,-0.85170805,0.3624657,-0.011239657,-0.23590422,1.2303809,0.7139828,-0.16549599,0.4856435,0.25676236,-0.19294767,-0.37870896,0.6805372,-0.009891635,0.0716583,0.005590462,-0.18596347,-0.05785007,-0.3985725,-0.037812352,-0.16059831,-0.53966296,0.799421,0.6568666
-0.4273399,0.21289732,-0.20947501,-0.4488649,-0.05094106,0.07046069,-0.029300787,0.17535922,0.18954247,-0.0794519,0.37537622,0.17683432,0.044548873,0.11148067,-0.039050147,0.3933495,-0.27261245,0.41060764,0.5640279,0.028247245,0.21237956,-0.47411442,-0.26899946,-0.21599549,0.31489316,0.11651134,-0.39828694,-0.48910758,-0.2767837,-0.47161305,0.42318118,-0.09851163
-0.06139683,0.34228456,0.3728175,-0.04753573,0.15451834,-0.058900647,0.19660139,0.18271613,-0.07229277,-0.44530022,0.072169,-0.49723914,-0.39935988,0.5267903,-0.008664996,-0.2986698,-0.07956055,-0.055033945,0.012262156,0.15028839,0.58076304,0.40666792,0.01688997,0.14910804,-0.0062888316,-0.2080499,-0.10966906,-0.5487334,-0.031226601,-0.4304272,0.3626369,0.560023
-0.01583736,0.0140479235,0.010947903,0.0008946052,0.003757088,-0.00029973255,0.016406551,0.018130101,-0.0094794035,-0.0037973858,0.0018329826,-0.010235011,-0.015154759,0.007386979,0.018997634,0.007448165,0.00015694002,-0.018723289,-0.0018237144,0.00028820348,-0.0045562023,-0.020735385,-0.0070062024,-0.013525896,-0.004687285,0.003182461,-0.017545,-0.019460281,-0.009754676,0.011125533,0.009179794,0.025150761
-0.008927064,0.012080252,0.014254824,0.0011684903,-0.0031867498,0.008892878,0.009650002,0.009410463,-0.010662627,-0.018801272,0.008149287,-0.0049284496,-0.0065015643,-0.009570864,0.008381405,0.01233736,-0.0021446138,-0.0065452373,-0.01236047,0.01313729,0.015098985,-0.0014658356,-0.00877124,-0.0057819774,-0.012725225,0.0133246705,-0.009910518,0.003938649,0.014742111,0.0018045611,0.0054187244,0.011518848
-0.01583736,0.0140479235,0.010947903,0.0008946052,0.003757088,-0.00029973255,0.016406551,0.018130101,-0.0094794035,-0.0037973858,0.0018329826,-0.010235011,-0.015154759,0.007386979,0.018997634,0.007448165,0.00015694002,-0.018723289,-0.0018237144,0.00028820348,-0.0045562023,-0.020735385,-0.0070062024,-0.013525896,-0.004687285,0.003182461,-0.017545,-0.019460281,-0.009754676,0.011125533,0.009179794,0.025150761
-0.008927064,0.012080252,0.014254824,0.0011684903,-0.0031867498,0.008892878,0.009650002,0.009410463,-0.010662627,-0.018801272,0.008149287,-0.0049284496,-0.0065015643,-0.009570864,0.008381405,0.01233736,-0.0021446138,-0.0065452373,-0.01236047,0.01313729,0.015098985,-0.0014658356,-0.00877124,-0.0057819774,-0.012725225,0.0133246705,-0.009910518,0.003938649,0.014742111,0.0018045611,0.0054187244,0.011518848
-0.01583736,0.0140479235,0.010947903,0.0008946052,0.003757088,-0.00029973255,0.016406551,0.018130101,-0.0094794035,-0.0037973858,0.0018329826,-0.010235011,-0.015154759,0.007386979,0.018997634,0.007448165,0.00015694002,-0.018723289,-0.0018237144,0.00028820348,-0.0045562023,-0.020735385,-0.0070062024,-0.013525896,-0.004687285,0.003182461,-0.017545,-0.019460281,-0.009754676,0.011125533,0.009179794,0.025150761
-0.008927064,0.012080252,0.014254824,0.0011684903,-0.0031867498,0.008892878,0.009650002,0.009410463,-0.010662627,-0.018801272,0.008149287,-0.0049284496,-0.0065015643,-0.009570864,0.008381405,0.01233736,-0.0021446138,-0.0065452373,-0.01236047,0.01313729,0.015098985,-0.0014658356,-0.00877124,-0.0057819774,-0.012725225,0.0133246705,-0.009910518,0.003938649,0.014742111,0.0018045611,0.0054187244,0.011518848
-0.01583736,0.0140479235,0.010947903,0.0008946052,0.003757088,-0.00029973255,0.016406551,0.018130101,-0.0094794035,-0.0037973858,0.0018329826,-0.010235011,-0.015154759,0.007386979,0.018997634,0.007448165,0.00015694002,-0.018723289,-0.0018237144,0.00028820348,-0.0045562023,-0.020735385,-0.0070062024,-0.013525896,-0.004687285,0.003182461,-0.017545,-0.019460281,-0.009754676,0.011125533,0.009179794,0.025150761
-0.008927064,0.012080252,0.014254824,0.0011684903,-0.0031867498,0.008892878,0.009650002,0.009410463,-0.010662627,-0.018801272,0.008149287,-0.0049284496,-0.0065015643,-0.009570864,0.008381405,0.01233736,-0.0021446138,-0.0065452373,-0.01236047,0.01313729,0.015098985,-0.0014658356,-0.00877124,-0.0057819774,-0.012725225,0.0133246705,-0.009910518,0.003938649,0.014742111,0.0018045611,0.0054187244,0.011518848
-0.01583736,0.0140479235,0.010947903,0.0008946052,0.003757088,-0.00029973255,0.016406551,0.018130101,-0.0094794035,-0.0037973858,0.0018329826,-0.010235011,-0.015154759,0.007386979,0.018997634,0.007448165,0.00015694002,-0.018723289,-0.0018237144,0.00028820348,-0.0045562023,-0.020735385,-0.0070062024,-0.013525896,-0.004687285,0.003182461,-0.017545,-0.019460281,-0.009754676,0.011125533,0.009179794,0.025150761
-0.008927064,0.012080252,0.014254824,0.0011684903,-0.0031867498,0.008892878,0.009650002,0.009410463,-0.010662627,-0.018801272,0.008149287,-0.0049284496,-0.0065015643,-0.009570864,0.008381405,0.01233736,-0.0021446138,-0.0065452373,-0.01236047,0.01313729,0.015098985,-0.0014658356,-0.00877124,-0.0057819774,-0.012725225,0.0133246705,-0.009910518,0.003938649,0.014742111,0.0018045611,0.0054187244,0.011518848
-0.01583736,0.0140479235,0.010947903,0.0008946052,0.003757088,-0.00029973255,0.016406551,0.018130101,-0.0094794035,-0.0037973858,0.0018329826,-0.010235011,-0.015154759,0.007386979,0.018997634,0.007448165,0.00015694002,-0.018723289,-0.0018237144,0.00028820348,-0.0045562023,-0.020735385,-0.0070062024,-0.013525896,-0.004687285,0.003182461,-0.017545,-0.019460281,-0.009754676,0.011125533,0.009179794,0.025150761
-0.008927064,0.012080252,0.014254824,0.0011684903,-0.0031867498,0.008892878,0.009650002,0.009410463,-0.010662627,-0.018801272,0.008149287,-0.0049284496,-0.0065015643,-0.009570864,0.008381405,0.01233736,-0.0021446138,-0.0065452373,-0.01236047,0.01313729,0.015098985,-0.0014658356,-0.00877124,-0.0057819774,-0.012725225,0.0133246705,-0.009910518,0.003938649,0.014742111,0.0018045611,0.0054187244,0.011518848
-0.01583736,0.0140479235,0.010947903,0.0008946052,0.003757088,-0.00029973255,0.016406551,0.018130101,-0.0094794035,-0.0037973858,0.0018329826,-0.010235011,-0.015154759,0.007386979,0.018997634,0.007448165,0.00015694002,-0.018723289,-0.0018237144,0.00028820348,-0.0045562023,-0.020735385,-0.0070062024,-0.013525896,-0.004687285,0.003182461,-0.017545,-0.019460281,-0.009754676,0.011125533,0.009179794,0.025150761
-0.008927064,0.012080252,0.014254824,0.0011684903,-0.0031867498,0.008892878,0.009650002,0.009410463,-0.010662627,-0.018801272,0.008149287,-0.0049284496,-0.0065015643,-0.009570864,0.008381405,0.01233736,-0.0021446138,-0.0065452373,-0.01236047,0.01313729,0.015098985,-0.0014658356,-0.00877124,-0.0057819774,-0.012725225,0.0133246705,-0.009910518,0.003938649,0.014742111,0.0018045611,0.0054187244,0.011518848
-0.01583736,0.0140479235,0.010947903,0.0008946052,0.003757088,-0.00029973255,0.016406551,0.018130101,-0.0094794035,-0.0037973858,0.0018329826,-0.010235011,-0.015154759,0.007386979,0.018997634,0.007448165,0.00015694002,-0.018723289,-0.0018237144,0.00028820348,-0.0045562023,-0.020735385,-0.0070062024,-0.013525896,-0.004687285,0.003182461,-0.017545,-0.019460281,-0.009754676,0.011125533,0.009179794,0.025150761
-0.008927064,0.012080252,0.014254824,0.0011684903,-0.0031867498,0.008892878,0.009650002,0.009410463,-0.010662627,-0.018801272,0.008149287,-0.0049284496,-0.0065015643,-0.009570864,0.008381405,0.01233736,-0.0021446138,-0.0065452373,-0.01236047,0.01313729,0.015098985,-0.0014658356,-0.00877124,-0.0057819774,-0.012725225,0.0133246705,-0.009910518,0.003938649,0.014742111,0.0018045611,0.0054187244,0.011518848
-0.01583736,0.0140479235,0.010947903,0.0008946052,0.003757088,-0.00029973255,0.016406551,0.018130101,-0.0094794035,-0.0037973858,0.0018329826,-0.010235011,-0.015154759,0.007386979,0.018997634,0.007448165,0.00015694002,-0.018723289,-0.0018237144,0.00028820348,-0.0045562023,-0.020735385,-0.0070062024,-0.013525896,-0.004687285,0.003182461,-0.017545,-0.019460281,-0.009754676,0.011125533,0.009179794,0.025150761
-0.008927064,0.012080252,0.014254824,0.0011684903,-0.0031867498,0.008892878,0.009650002,0.009410463,-0.010662627,-0.018801272,0.008149287,-0.0049284496,-0.0065015643,-0.009570864,0.008381405,0.01233736,-0.0021446138,-0.0065452373,-0.01236047,0.01313729,0.015098985,-0.0014658356,-0.00877124,-0.0057819774,-0.012725225,0.0133246705,-0.009910518,0.003938649,0.014742111,0.0018045611,0.0054187244,0.011518848
-0.01583736,0.0140479235,0.010947903,0.0008946052,0.003757088,-0.00029973255,0.016406551,0.018130101,-0.0094794035,-0.0037973858,0.0018329826,-0.010235011,-0.015154759,0.007386979,0.018997634,0.007448165,0.00015694002,-0.018723289,-0.0018237144,0.00028820348,-0.0045562023,-0.020735385,-0.0070062024,-0.013525896,-0.004687285,0.003182461,-0.017545,-0.019460281,-0.009754676,0.011125533,0.009179794,0.025150761
-0.008927064,0.012080252,0.014254824,0.0011684903,-0.0031867498,0.008892878,0.009650002,0.009410463,-0.010662627,-0.018801272,0.008149287,-0.0049284496,-0.0065015643,-0.009570864,0.008381405,0.01233736,-0.0021446138,-0.0065452373,-0.01236047,0.01313729,0.015098985,-0.0014658356,-0.00877124,-0.0057819774,-0.012725225,0.0133246705,-0.009910518,0.003938649,0.014742111,0.0018045611,0.0054187244,0.011518848
-0.01583736,0.0140479235,0.010947903,0.0008946052,0.003757088,-0.00029973255,0.016406551,0.018130101,-0.0094794035,-0.0037973858,0.0018329826,-0.010235011,-0.015154759,0.007386979,0.018997634,0.007448165,0.00015694002,-0.018723289,-0.0018237144,0.00028820348,-0.0045562023,-0.020735385,-0.0070062024,-0.013525896,-0.004687285,0.003182461,-0.017545,-0.019460281,-0.009754676,0.011125533,0.009179794,0.025150761
-0.008927064,0.012080252,0.014254824,0.0011684903,-0.0031867498,0.008892878,0.009650002,0.009410463,-0.010662627,-0.018801272,0.008149287,-0.0049284496,-0.0065015643,-0.009570864,0.008381405,0.01233736,-0.0021446138,-0.0065452373,-0.01236047,0.01313729,0.015098985,-0.0014658356,-0.00877124,-0.0057819774,-0.012725225,0.0133246705,-0.009910518,0.003938649,0.014742111,0.0018045611,0.0054187244,0.011518848
-0.01583736,0.0140479235,0.010947903,0.0008946052,0.003757088,-0.00029973255,0.016406551,0.018130101,-0.0094794035,-0.0037973858,0.0018329826,-0.010235011,-0.015154759,0.007386979,0.018997634,0.007448165,0.00015694002,-0.018723289,-0.0018237144,0.00028820348,-0.0045562023,-0.020735385,-0.0070062024,-0.013525896,-0.004687285,0.003182461,-0.017545,-0.019460281,-0.009754676,0.011125533,0.009179794,0.025150761
-0.008927064,0.012080252,0.014254824,0.0011684903,-0.0031867498,0.008892878,0.009650002,0.009410463,-0.010662627,-0.018801272,0.008149287,-0.0049284496,-0.0065015643,-0.009570864,0.008381405,0.01233736,-0.0021446138,-0.0065452373,-0.01236047,0.01313729,0.015098985,-0.0014658356,-0.00877124,-0.0057819774,-0.012725225,0.0133246705,-0.009910518,0.003938649,0.014742111,0.0018045611,0.0054187244,0.011518848
-0.01583736,0.0140479235,0.010947903,0.0008946052,0.003757088,-0.00029973255,0.016406551,0.018130101,-0.0094794035,-0.0037973858,0.0018329826,-0.010235011,-0.015154759,0.007386979,0.018997634,0.007448165,0.00015694002,-0.018723289,-0.0018237144,0.00028820348,-0.0045562023,-0.020735385,-0.0070062024,-0.013525896,-0.004687285,0.003182461,-0.017545,-0.019460281,-0.009754676,0.011125533,0.009179794,0.025150761
-0.008927064,0.012080252,0.014254824,0.0011684903,-0.0031867498,0.008892878,0.009650002,0.009410463,-0.010662627,-0.018801272,0.008149287,-0.0049284496,-0.0065015643,-0.009570864,0.008381405,0.01233736,-0.0021446138,-0.0065452373,-0.01236047,0.01313729,0.015098985,-0.0014658356,-0.00877124,-0.0057819774,-0.012725225,0.0133246705,-0.009910518,0.003938649,0.014742111,0.0018045611,0.0054187244,0.011518848
-0.01583736,0.0140479235,0.010947903,0.0008946052,0.003757088,-0.00029973255,0.016406551,0.018130101,-0.0094794035,-0.0037973858,0.0018329826,-0.010235011,-0.015154759,0.007386979,0.018997634,0.007448165,0.00015694002,-0.018723289,-0.0018237144,0.00028820348,-0.0045562023,-0.020735385,-0.0070062024,-0.013525896,-0.004687285,0.003182461,-0.017545,-0.019460281,-0.009754676,0.011125533,0.009179794,0.025150761
-0.008927064,0.012080252,0.014254824,0.0011684903,-0.0031867498,0.008892878,0.009650002,0.009410463,-0.010662627,-0.018801272,0.008149287,-0.0049284496,-0.0065015643,-0.009570864,0.008381405,0.01233736,-0.0021446138,-0.0065452373,-0.01236047,0.01313729,0.015098985,-0.0014658356,-0.00877124,-0.0057819774,-0.012725225,0.0133246705,-0.009910518,0.003938649,0.014742111,0.0018045611,0.0054187244,0.011518848
-0.01583736,0.0140479235,0.010947903,0.0008946052,0.003757088,-0.00029973255,0.016406551,0.018130101,-0.0094794035,-0.0037973858,0.0018329826,-0.010235011,-0.015154759,0.007386979,0.018997634,0.007448165,0.00015694002,-0.018723289,-0.0018237144,0.00028820348,-0.0045562023,-0.020735385,-0.0070062024,-0.013525896,-0.004687285,0.003182461,-0.017545,-0.019460281,-0.009754676,0.011125533,0.009179794,0.025150761
-0.008927064,0.012080252,0.014254824,0.0011684903,-0.0031867498,0.008892878,0.009650002,0.009410463,-0.010662627,-0.018801272,0.008149287,-0.0049284496,-0.0065015643,-0.009570864,0.008381405,0.01233736,-0.0021446138,-0.0065452373,-0.01236047,0.01313729,0.015098985,-0.0014658356,-0.00877124,-0.0057819774,-0.012725225,0.0133246705,-0.009910518,0.003938649,0.014742111,0.0018045611,0.0054187244,0.011518848
-0.01583736,0.0140479235,0.010947903,0.0008946052,0.003757088,-0.00029973255,0.016406551,0.018130101,-0.0094794035,-0.0037973858,0.0018329826,-0.010235011,-0.015154759,0.007386979,0.018997634,0.007448165,0.00015694002,-0.018723289,-0.0018237144,0.00028820348,-0.0045562023,-0.020735385,-0.0070062024,-0.013525896,-0.004687285,0.003182461,-0.017545,-0.019460281,-0.009754676,0.011125533,0.009179794,0.025150761
-0.008927064,0.012080252,0.014254824,0.0011684903,-0.0031867498,0.008892878,0.009650002,0.009410463,-0.010662627,-0.018801272,0.008149287,-0.0049284496,-0.0065015643,-0.009570864,0.008381405,0.01233736,-0.0021446138,-0.0065452373,-0.01236047,0.01313729,0.015098985,-0.0014658356,-0.00877124,-0.0057819774,-0.012725225,0.0133246705,-0.009910518,0.003938649,0.014742111,0.0018045611,0.0054187244,0.011518848
-0.01583736,0.0140479235,0.010947903,0.0008946052,0.003757088,-0.00029973255,0.016406551,0.018130101,-0.0094794035,-0.0037973858,0.0018329826,-0.010235011,-0.015154759,0.007386979,0.018997634,0.007448165,0.00015694002,-0.018723289,-0.0018237144,0.00028820348,-0.0045562023,-0.020735385,-0.0070062024,-0.013525896,-0.004687285,0.003182461,-0.017545,-0.019460281,-0.009754676,0.011125533,0.009179794,0.025150761
-0.008927064,0.012080252,0.014254824,0.0011684903,-0.0031867498,0.008892878,0.009650002,0.009410463,-0.010662627,-0.018801272,0.008149287,-0.0049284496,-0.0065015643,-0.009570864,0.008381405,0.01233736,-0.0021446138,-0.0065452373,-0.01236047,0.01313729,0.015098985,-0.0014658356,-0.00877124,-0.0057819774,-0.012725225,0.0133246705,-0.009910518,0.003938649,0.014742111,0.0018045611,0.0054187244,0.011518848
-0.01583736,0.0140479235,0.010947903,0.0008946052,0.003757088,-0.00029973255,0.016406551,0.018130101,-0.0094794035,-0.0037973858,0.0018329826,-0.010235011,-0.015154759,0.007386979,0.018997634,0.007448165,0.00015694002,-0.018723289,-0.0018237144,0.00028820348,-0.0045562023,-0.020735385,-0.0070062024,-0.013525896,-0.004687285,0.003182461,-0.017545,-0.019460281,-0.009754676,0.011125533,0.009179794,0.025150761
-0.008927064,0.012080252,0.014254824,0.0011684903,-0.0031867498,0.008892878,0.009650002,0.009410463,-0.010662627,-0.018801272,0.008149287,-0.0049284496,-0.0065015643,-0.009570864,0.008381405,0.01233736,-0.0021446138,-0.0065452373,-0.01236047,0.01313729,0.015098985,-0.0014658356,-0.00877124,-0.0057819774,-0.012725225,0.0133246705,-0.009910518,0.003938649,0.014742111,0.0018045611,0.0054187244,0.011518848
-0.01583736,0.0140479235,0.010947903,0.0008946052,0.003757088,-0.00029973255,0.016406551,0.018130101,-0.0094794035,-0.0037973858,0.0018329826,-0.010235011,-0.015154759,0.007386979,0.018997634,0.007448165,0.00015694002,-0.018723289,-0.0018237144,0.00028820348,-0.0045562023,-0.020735385,-0.0070062024,-0.013525896,-0.004687285,0.003182461,-0.017545,-0.019460281,-0.009754676,0.011125533,0.009179794,0.025150761
-0.008927064,0.012080252,0.014254824,0.0011684903,-0.0031867498,0.008892878,0.009650002,0.009410463,-0.010662627,-0.018801272,0.008149287,-0.0049284496,-0.0065015643,-0.009570864,0.008381405,0.01233736,-0.0021446138,-0.0065452373,-0.01236047,0.01313729,0.015098985,-0.0014658356,-0.00877124,-0.0057819774,-0.012725225,0.0133246705,-0.009910518,0.003938649,0.014742111,0.0018045611,0.0054187244,0.011518848
-0.01583736,0.0140479235,0.010947903,0.0008946052,0.003757088,-0.00029973255,0.016406551,0.018130101,-0.0094794035,-0.0037973858,0.0018329826,-0.010235011,-0.015154759,0.007386979,0.018997634,0.007448165,0.00015694002,-0.018723289,-0.0018237144,0.00028820348,-0.0045562023,-0.020735385,-0.0070062024,-0.013525896,-0.004687285,0.003182461,-0.017545,-0.019460281,-0.009754676,0.011125533,0.009179794,0.025150761
-0.008927064,0.012080252,0.014254824,0.0011684903,-0.0031867498,0.008892878,0.009650002,0.009410463,-0.010662627,-0.018801272,0.008149287,-0.0049284496,-0.0065015643,-0.009570864,0.008381405,0.01233736,-0.0021446138,-0.0065452373,-0.01236047,0.01313729,0.015098985,-0.0014658356,-0.00877124,-0.0057819774,-0.012725225,0.0133246705,-0.009910518,0.003938649,0.014742111,0.0018045611,0.0054187244,0.011518848
-0.01583736,0.0140479235,0.010947903,0.0008946052,0.003757088,-0.00029973255,0.016406551,0.018130101,-0.0094794035,-0.0037973858,0.0018329826,-0.010235011,-0.015154759,0.007386979,0.018997634,0.007448165,0.00015694002,-0.018723289,-0.0018237144,0.00028820348,-0.0045562023,-0.020735385,-0.0070062024,-0.013525896,-0.004687285,0.003182461,-0.017545,-0.019460281,-0.009754676,0.011125533,0.009179794,0.025150761
-0.008927064,0.012080252,0.014254824,0.0011684903,-0.0031867498,0.008892878,0.009650002,0.009410463,-0.010662627,-0.018801272,0.008149287,-0.0049284496,-0.0065015643,-0.009570864,0.008381405,0.01233736,-0.0021446138,-0.0065452373,-0.01236047,0.01313729,0.015098985,-0.0014658356,-0.00877124,-0.0057819774,-0.012725225,0.0133246705,-0.009910518,0.003938649,0.014742111,0.0018045611,0.0054187244,0.011518848
-0.01583736,0.0140479235,0.010947903,0.0008946052,0.003757088,-0.00029973255,0.016406551,0.018130101,-0.0094794035,-0.0037973858,0.0018329826,-0.010235011,-0.015154759,0.007386979,0.018997634,0.007448165,0.00015694002,-0.018723289,-0.0018237144,0.00028820348,-0.0045562023,-0.020735385,-0.0070062024,-0.013525896,-0.004687285,0.003182461,-0.017545,-0.019460281,-0.009754676,0.011125533,0.009179794,0.025150761
-0.008927064,0.012080252,0.014254824,0.0011684903,-0.0031867498,0.008892878,0.009650002,0.009410463,-0.010662627,-0.018801272,0.008149287,-0.0049284496,-0.0065015643,-0.009570864,0.008381405,0.01233736,-0.0021446138,-0.0065452373,-0.01236047,0.01313729,0.015098985,-0.0014658356,-0.00877124,-0.0057819774,-0.012725225,0.0133246705,-0.009910518,0.003938649,0.014742111,0.0018045611,0.0054187244,0.011518848
-0.01583736,0.0140479235,0.010947903,0.0008946052,0.003757088,-0.00029973255,0.016406551,0.018130101,-0.0094794035,-0.0037973858,0.0018329826,-0.010235011,-0.015154759,0.007386979,0.018997634,0.007448165,0.00015694002,-0.018723289,-0.0018237144,0.00028820348,-0.0045562023,-0.020735385,-0.0070062024,-0.013525896,-0.004687285,0.003182461,-0.017545,-0.019460281,-0.009754676,0.011125533,0.009179794,0.025150761
-0.008927064,0.012080252,0.014254824,0.0011684903,-0.0031867498,0.008892878,0.009650002,0.009410463,-0.010662627,-0.018801272,0.008149287,-0.0049284496,-0.0065015643,-0.009570864,0.008381405,0.01233736,-0.0021446138,-0.0065452373,-0.01236047,0.01313729,0.015098985,-0.0014658356,-0.00877124,-0.0057819774,-0.012725225,0.0133246705,-0.009910518,0.003938649,0.014742111,0.0018045611,0.0054187244,0.011518848
-0.01583736,0.0140479235,0.010947903,0.0008946052,0.003757088,-0.00029973255,0.016406551,0.018130101,-0.0094794035,-0.0037973858,0.0018329826,-0.010235011,-0.015154759,0.007386979,0.018997634,0.007448165,0.00015694002,-0.018723289,-0.0018237144,0.00028820348,-0.0045562023,-0.020735385,-0.0070062024,-0.013525896,-0.004687285,0.003182461,-0.017545,-0.019460281,-0.009754676,0.011125533,0.009179794,0.025150761
-0.008927064,0.012080252,0.014254824,0.0011684903,-0.0031867498,0.008892878,0.009650002,0.009410463,-0.010662627,-0.018801272,0.008149287,-0.0049284496,-0.0065015643,-0.009570864,0.008381405,0.01233736,-0.0021446138,-0.0065452373,-0.01236047,0.01313729,0.015098985,-0.0014658356,-0.00877124,-0.0057819774,-0.012725225,0.0133246705,-0.009910518,0.003938649,0.014742111,0.0018045611,0.0054187244,0.011518848
-0.01583736,0.0140479235,0.010947903,0.0008946052,0.003757088,-0.00029973255,0.016406551,0.018130101,-0.0094794035,-0.0037973858,0.0018329826,-0.010235011,-0.015154759,0.007386979,0.018997634,0.007448165,0.00015694002,-0.018723289,-0.0018237144,0.00028820348,-0.0045562023,-0.020735385,-0.0070062024,-0.013525896,-0.004687285,0.003182461,-0.017545,-0.019460281,-0.009754676,0.011125533,0.009179794,0.025150761
-0.008927064,0.012080252,0.014254824,0.0011684903,-0.0031867498,0.008892878,0.009650002,0.009410463,-0.010662627,-0.018801272,0.008149287,-0.0049284496,-0.0065015643,-0.009570864,0.008381405,0.01233736,-0.0021446138,-0.0065452373,-0.01236047,0.01313729,0.015098985,-0.0014658356,-0.00877124,-0.0057819774,-0.012725225,0.0133246705,-0.009910518,0.003938649,0.014742111,0.0018045611,0.0054187244,0.011518848
-0.01583736,0.0140479235,0.010947903,0.0008946052,0.003757088,-0.00029973255,0.016406551,0.018130101,-0.0094794035,-0.0037973858,0.0018329826,-0.010235011,-0.015154759,0.007386979,0.018997634,0.007448165,0.00015694002,-0.018723289,-0.0018237144,0.00028820348,-0.0045562023,-0.020735385,-0.0070062024,-0.013525896,-0.004687285,0.003182461,-0.017545,-0.019460281,-0.009754676,0.011125533,0.009179794,0.025150761
-0.008927064,0.012080252,0.014254824,0.0011684903,-0.0031867498,0.008892878,0.009650002,0.009410463,-0.010662627,-0.018801272,0.008149287,-0.0049284496,-0.0065015643,-0.009570864,0.008381405,0.01233736,-0.0021446138,-0.0065452373,-0.01236047,0.01313729,0.015098985,-0.0014658356,-0.00877124,-0.0057819774,-0.012725225,0.0133246705,-0.009910518,0.003938649,0.014742111,0.0018045611,0.0054187244,0.011518848
-0.01583736,0.0140479235,0.010947903,0.0008946052,0.003757088,-0.00029973255,0.016406551,0.018130101,-0.0094794035,-0.0037973858,0.0018329826,-0.010235011,-0.015154759,0.007386979,0.018997634,0.007448165,0.00015694002,-0.018723289,-0.0018237144,0.00028820348,-0.0045562023,-0.020735385,-0.0070062024,-0.013525896,-0.004687285,0.003182461,-0.017545,-0.019460281,-0.009754676,0.011125533,0.009179794,0.025150761
-0.008927064,0.012080252,0.014254824,0.0011684903,-0.0031867498,0.008892878,0.009650002,0.009410463,-0.010662627,-0.018801272,0.008149287,-0.0049284496,-0.0065015643,-0.009570864,0.008381405,0.01233736,-0.0021446138,-0.0065452373,-0.01236047,0.01313729,0.015098985,-0.0014658356,-0.00877124,-0.0057819774,-0.012725225,0.0133246705,-0.009910518,0.003938649,0.014742111,0.0018045611,0.0054187244,0.011518848
-0.01583736,0.0140479235,0.010947903,0.0008946052,0.003757088,-0.00029973255,0.016406551,0.018130101,-0.0094794035,-0.0037973858,0.0018329826,-0.010235011,-0.015154759,0.007386979,0.018997634,0.007448165,0.00015694002,-0.018723289,-0.0018237144,0.00028820348,-0.0045562023,-0.020735385,-0.0070062024,-0.013525896,-0.004687285,0.003182461,-0.017545,-0.019460281,-0.009754676,0.011125533,0.009179794,0.025150761
-0.008927064,0.012080252,0.014254824,0.0011684903,-0.0031867498,0.008892878,0.009650002,0.009410463,-0.010662627,-0.018801272,0.008149287,-0.0049284496,-0.0065015643,-0.009570864,0.008381405,0.01233736,-0.0021446138,-0.0065452373,-0.01236047,0.01313729,0.015098985,-0.0014658356,-0.00877124,-0.0057819774,-0.012725225,0.0133246705,-0.009910518,0.003938649,0.014742111,0.0018045611,0.0054187244,0.011518848
0.4360043,0.4661988,0.18225077,0.9943598,0.58136684,0.47569853,0.1467739,0.3970566,-0.36985394,0.06794995,-0.51425594,-0.20563161,0.3084786,-0.84759045,0.21312624,-0.43636745,0.21509025,-0.26312095,0.26706606,-0.05185002,-0.41658264,0.35698116,-0.6412983,0.11674226,0.2633368,0.08606609,-0.38287163,0.023675928,0.12649122,0.3818048,0.13474296,-0.42278683
-0.73218346,-0.15010656,0.38147417,-0.1342492,0.25609145,0.040417016,0.044002883,0.013227586,0.10004657,-0.3077171,0.13711707,-0.01632655,-0.38208094,-0.026153155,0.0539831,0.58324736,-0.32717296,0.25830185,0.18375336,-0.04647562,0.017630585,-0.039452177,-0.33466643,0.2979978,-0.3926521,-0.0006517079,-0.4730154,0.02584731,-0.33910382,0.007850429,0.3222007,0.13888572
0.61600626,-0.19424812,-0.13964422,-0.3323803,-0.22153781,0.25960898,0.13686173,1.0776496,0.14085665,-0.32315016,0.07895817,-0.3647112,0.41588438,-0.07885313,-0.5781482,-0.083081216,-0.27015746,-0.019226238,0.4966075,-0.09482458,0.24985102,0.09032917,-0.39147776,-0.49144095,-0.10055709,-0.15325731,-0.6016829,0.13434006,0.54178005,0.22124323,0.80748546,0.13702261
-0.627475,-0.123961344,0.6403345,0.44759628,0.35241804,0.5127538,0.35263732,-0.83935094,-0.1982235,-0.53632504,0.08888224,0.32884946,-0.44363096,0.7356532,0.05436612,-0.15970029,0.40964115,0.5096226,-0.052856468,-0.25419408,0.09128618,-0.081383035,-0.29627958,-0.30587828,-0.35532966,-0.34493962,-0.20351304,-0.1737351,0.63491344,-0.3582041,0.46108085,0.29340988
0.6517589,-0.8493984,0.015118853,-0.17885616,-0.2073367,0.45184213,-0.07424105,0.55697674,0.30330622,-0.37329134,-0.20641594,0.111679845,-0.072133444,0.25803053,0.23507558,0.12132464,0.116477266,0.22515155,-0.19306268,-0.32211396,0.019756883,-0.4772478,0.28765184,-0.32300895,-0.04134082,-0.2968966,-0.081923425,-0.18955965,-0.065700814,-0.41494635,0.34715715,-0.25046146
-0.24102867,0.44663265,0.025111139,-0.23647134,0.18459758,0.299579,0.17808102,0.026552496,0.013945508,0.034997117,0.47688988,0.049784485,-0.137488,0.11024902,-0.0013660388,-0.057516042,-0.22360815,0.14641365,0.075953096,-0.1914288,0.29921854,0.20426078,0.28599155,0.054273903,-0.20594564,-0.00028306246,-0.12676583,-0.21918404,0.05195028,-0.21661039,0.41981727,-0.12802322
-0.01583736,0.0140479235,0.010947903,0.0008946052,0.003757088,-0.00029973255,0.016406551,0.018130101,-0.0094794035,-0.0037973858,0.0018329826,-0.010235011,-0.015154759,0.007386979,0.018997634,0.007448165,0.00015694002,-0.018723289,-0.0018237144,0.00028820348,-0.0045562023,-0.020735385,-0.0070062024,-0.013525896,-0.004687285,0.003182461,-0.017545,-0.019460281,-0.009754676,0.011125533,0.009179794,0.025150761
-0.008927064,0.012080252,0.014254824,0.0011684903,-0.0031867498,0.008892878,0.009650002,0.009410463,-0.010662627,-0.018801272,0.008149287,-0.0049284496,-0.0065015643,-0.009570864,0.008381405,0.01233736,-0.0021446138,-0.0065452373,-0.01236047,0.01313729,0.015098985,-0.0014658356,-0.00877124,-0.0057819774,-0.012725225,0.0133246705,-0.009910518,0.003938649,0.014742111,0.0018045611,0.0054187244,0.011518848
-0.01583736,0.0140479235,0.010947903,0.0008946052,0.003757088,-0.00029973255,0.016406551,0.018130101,-0.0094794035,-0.0037973858,0.0018329826,-0.010235011,-0.015154759,0.007386979,0.018997634,0.007448165,0.00015694002,-0.018723289,-0.0018237144,0.00028820348,-0.0045562023,-0.020735385,-0.0070062024,-0.013525896,-0.004687285,0.003182461,-0.017545,-0.019460281,-0.009754676,0.011125533,0.009179794,0.025150761
-0.008927064,0.012080252,0.014254824,0.0011684903,-0.0031867498,0.008892878,0.009650002,0.009410463,-0.010662627,-0.018801272,0.008149287,-0.0049284496,-0.0065015643,-0.009570864,0.008381405,0.01233736,-0.0021446138,-0.0065452373,-0.01236047,0.01313729,0.015098985,-0.0014658356,-0.00877124,-0.0057819774,-0.012725225,0.0133246705,-0.009910518,0.003938649,0.014742111,0.0018045611,0.0054187244,0.011518848
-0.01583736,0.0140479235,0.010947903,0.0008946052,0.003757088,-0.00029973255,0.016406551,0.018130101,-0.0094794035,-0.0037973858,0.0018329826,-0.010235011,-0.015154759,0.007386979,0.018997634,0.007448165,0.00015694002,-0.018723289,-0.0018237144,0.00028820348,-0.0045562023,-0.020735385,-0.0070062024,-0.013525896,-0.004687285,0.003182461,-0.017545,-0.019460281,-0.009754676,0.011125533,0.009179794,0.025150761
-0.008927064,0.012080252,0.014254824,0.0011684903,-0.0031867498,0.008892878,0.009650002,0.009410463,-0.010662627,-0.018801272,0.008149287,-0.0049284496,-0.0065015643,-0.009570864,0.008381405,0.01233736,-0.0021446138,-0.0065452373,-0.01236047,0.01313729,0.015098985,-0.0014658356,-0.00877124,-0.0057819774,-0.012725225,0.0133246705,-0.009910518,0.003938649,0.014742111,0.0018045611,0.0054187244,0.011518848
-0.01583736,0.0140479235,0.010947903,0.0008946052,0.003757088,-0.00029973255,0.016406551,0.018130101,-0.0094794035,-0.0037973858,0.0018329826,-0.010235011,-0.015154759,0.007386979,0.018997634,0.007448165,0.00015694002,-0.018723289,-0.0018237144,0.00028820348,-0.0045562023,-0.020735385,-0.0070062024,-0.013525896,-0.004687285,0.003182461,-0.017545,-0.019460281,-0.009754676,0.011125533,0.009179794,0.025150761
-0.008927064,0.012080252,0.014254824,0.0011684903,-0.0031867498,0.008892878,0.009650002,0.009410463,-0.010662627,-0.018801272,0.008149287,-0.0049284496,-0.0065015643,-0.009570864,0.008381405,0.01233736,-0.0021446138,-0.0065452373,-0.01236047,0.01313729,0.015098985,-0.0014658356,-0.00877124,-0.0057819774,-0.012725225,0.0133246705,-0.009910518,0.003938649,0.014742111,0.0018045611,0.0054187244,0.011518848
-0.01583736,0.0140479235,0.010947903,0.0008946052,0.003757088,-0.00029973255,0.016406551,0.018130101,-0.0094794035,-0.0037973858,0.0018329826,-0.010235011,-0.015154759,0.007386979,0.018997634,0.007448165,0.00015694002,-0.018723289,-0.0018237144,0.00028820348,-0.0045562023,-0.020735385,-0.0070062024,-0.013525896,-0.004687285,0.003182461,-0.017545,-0.019460281,-0.009754676,0.011125533,0.009179794,0.025150761
-0.008927064,0.012080252,0.014254824,0.0011684903,-0.0031867498,0.008892878,0.009650002,0.009410463,-0.010662627,-0.018801272,0.008149287,-0.0049284496,-0.0065015643,-0.009570864,0.008381405,0.01233736,-0.0021446138,-0.0065452373,-0.01236047,0.01313729,0.015098985,-0.0014658356,-0.00877124,-0.0057819774,-0.012725225,0.0133246705,-0.009910518,0.003938649,0.014742111,0.0018045611,0.0054187244,0.011518848
-0.01583736,0.0140479235,0.010947903,0.0008946052,0.003757088,-0.00029973255,0.016406551,0.018130101,-0.0094794035,-0.0037973858,0.0018329826,-0.010235011,-0.015154759,0.007386979,0.018997634,0.007448165,0.00015694002,-0.018723289,-0.0018237144,0.00028820348,-0.0045562023,-0.020735385,-0.0070062024,-0.013525896,-0.004687285,0.003182461,-0.017545,-0.019460281,-0.009754676,0.011125533,0.009179794,0.025150761
-0.008927064,0.012080252,0.014254824,0.0011684903,-0.0031867498,0.008892878,0.009650002,0.009410463,-0.010662627,-0.018801272,0.008149287,-0.0049284496,-0.0065015643,-0.009570864,0.008381405,0.01233736,-0.0021446138,-0.0065452373,-0.01236047,0.01313729,0.015098985,-0.0014658356,-0.00877124,-0.0057819774,-0.012725225,0.0133246705,-0.009910518,0.003938649,0.014742111,0.0018045611,0.0054187244,0.011518848
-0.01583736,0.0140479235,0.010947903,0.0008946052,0.003757088,-0.00029973255,0.016406551,0.018130101,-0.0094794035,-0.0037973858,0.0018329826,-0.010235011,-0.015154759,0.007386979,0.018997634,0.007448165,0.00015694002,-0.018723289,-0.0018237144,0.00028820348,-0.0045562023,-0.020735385,-0.0070062024,-0.013525896,-0.004687285,0.003182461,-0.017545,-0.019460281,-0.009754676,0.011125533,0.009179794,0.025150761
-0.008927064,0.012080252,0.014254824,0.0011684903,-0.0031867498,0.008892878,0.009650002,0.009410463,-0.010662627,-0.018801272,0.008149287,-0.0049284496,-0.0065015643,-0.009570864,0.008381405,0.01233736,-0.0021446138,-0.0065452373,-0.01236047,0.01313729,0.015098985,-0.0014658356,-0.00877124,-0.0057819774,-0.012725225,0.0133246705,-0.009910518,0.003938649,0.014742111,0.0018045611,0.0054187244,0.011518848
-0.01583736,0.0140479235,0.010947903,0.0008946052,0.003757088,-0.00029973255,0.016406551,0.018130101,-0.0094794035,-0.0037973858,0.0018329826,-0.010235011,-0.015154759,0.007386979,0.018997634,0.007448165,0.00015694002,-0.018723289,-0.0018237144,0.00028820348,-0.0045562023,-0.020735385,-0.0070062024,-0.013525896,-0.004687285,0.003182461,-0.017545,-0.019460281,-0.009754676,0.011125533,0.009179794,0.025150761
-0.008927064,0.012080252,0.014254824,0.0011684903,-0.0031867498,0.008892878,0.009650002,0.009410463,-0.010662627,-0.018801272,0.008149287,-0.0049284496,-0.0065015643,-0.009570864,0.008381405,0.01233736,-0.0021446138,-0.0065452373,-0.01236047,0.01313729,0.015098985,-0.0014658356,-0.00877124,-0.0057819774,-0.012725225,0.0133246705,-0.009910518,0.003938649,0.014742111,0.0018045611,0.0054187244,0.011518848
-0.01583736,0.0140479235,0.010947903,0.0008946052,0.003757088,-0.00029973255,0.016406551,0.018130101,-0.0094794035,-0.0037973858,0.0018329826,-0.010235011,-0.015154759,0.007386979,0.018997634,0.007448165,0.00015694002,-0.018723289,-0.0018237144,0.00028820348,-0.0045562023,-0.020735385,-0.0070062024,-0.013525896,-0.004687285,0.003182461,-0.017545,-0.019460281,-0.009754676,0.011125533,0.009179794,0.025150761
-0.008927064,0.012080252,0.014254824,0.0011684903,-0.0031867498,0.008892878,0.009650002,0.009410463,-0.010662627,-0.018801272,0.008149287,-0.0049284496,-0.0065015643,-0.009570864,0.008381405,0.01233736,-0.0021446138,-0.0065452373,-0.01236047,0.01313729,0.015098985,-0.0014658356,-0.00877124,-0.0057819774,-0.012725225,0.0133246705,-0.009910518,0.003938649,0.014742111,0.0018045611,0.0054187244,0.011518848
-0.01583736,0.0140479235,0.010947903,0.0008946052,0.003757088,-0.00029973255,0.016406551,0.018130101,-0.0094794035,-0.0037973858,0.0018329826,-0.010235011,-0.015154759,0.007386979,0.018997634,0.007448165,0.00015694002,-0.018723289,-0.0018237144,0.00028820348,-0.0045562023,-0.020735385,-0.0070062024,-0.013525896,-0.004687285,0.003182461,-0.017545,-0.019460281,-0.009754676,0.011125533,0.009179794,0.025150761
-0.008927064,0.012080252,0.014254824,0.0011684903,-0.0031867498,0.008892878,0.009650002,0.009410463,-0.010662627,-0.018801272,0.008149287,-0.0049284496,-0.0065015643,-0.009570864,0.008381405,0.01233736,-0.0021446138,-0.0065452373,-0.01236047,0.01313729,0.015098985,-0.0014658356,-0.00877124,-0.0057819774,-0.012725225,0.0133246705,-0.009910518,0.003938649,0.014742111,0.0018045611,0.0054187244,0.011518848
-0.01583736,0.0140479235,0.010947903,0.0008946052,0.003757088,-0.00029973255,0.016406551,0.018130101,-0.0094794035,-0.0037973858,0.0018329826,-0.010235011,-0.015154759,0.007386979,0.018997634,0.007448165,0.00015694002,-0.018723289,-0.0018237144,0.00028820348,-0.0045562023,-0.020735385,-0.0070062024,-0.013525896,-0.004687285,0.003182461,-0.017545,-0.019460281,-0.009754676,0.011125533,0.009179794,0.025150761
-0.008927064,0.012080252,0.014254824,0.0011684903,-0.0031867498,0.008892878,0.009650002,0.009410463,-0.010662627,-0.018801272,0.008149287,-0.0049284496,-0.0065015643,-0.009570864,0.008381405,0.01233736,-0.0021446138,-0.0065452373,-0.01236047,0.01313729,0.015098985,-0.0014658356,-0.00877124,-0.0057819774,-0.012725225,0.0133246705,-0.009910518,0.003938649,0.014742111,0.0018045611,0.0054187244,0.011518848
-0.01583736,0.0140479235,0.010947903,0.0008946052,0.003757088,-0.00029973255,0.016406551,0.018130101,-0.0094794035,-0.0037973858,0.0018329826,-0.010235011,-0.015154759,0.007386979,0.018997634,0.007448165,0.00015694002,-0.018723289,-0.0018237144,0.00028820348,-0.0045562023,-0.020735385,-0.0070062024,-0.013525896,-0.004687285,0.003182461,-0.017545,-0.019460281,-0.009754676,0.011125533,0.009179794,0.025150761
-0.008927064,0.012080252,0.014254824,0.0011684903,-0.0031867498,0.008892878,0.009650002,0.009410463,-0.010662627,-0.018801272,0.008149287,-0.0049284496,-0.0065015643,-0.009570864,0.008381405,0.01233736,-0.0021446138,-0.0065452373,-0.01236047,0.01313729,0.015098985,-0.0014658356,-0.00877124,-0.0057819774,-0.012725225,0.0133246705,-0.009910518,0.003938649,0.014742111,0.0018045611,0.0054187244,0.011518848
-0.01583736,0.0140479235,0.010947903,0.0008946052,0.003757088,-0.00029973255,0.016406551,0.018130101,-0.0094794035,-0.0037973858,0.0018329826,-0.010235011,-0.015154759,0.007386979,0.018997634,0.007448165,0.00015694002,-0.018723289,-0.0018237144,0.00028820348,-0.0045562023,-0.020735385,-0.0070062024,-0.013525896,-0.004687285,0.003182461,-0.017545,-0.019460281,-0.009754676,0.011125533,0.009179794,0.025150761
-0.008927064,0.012080252,0.014254824,0.0011684903,-0.0031867498,0.008892878,0.009650002,0.009410463,-0.010662627,-0.018801272,0.008149287,-0.0049284496,-0.0065015643,-0.009570864,0.008381405,0.01233736,-0.0021446138,-0.0065452373,-0.01236047,0.01313729,0.015098985,-0.0014658356,-0.00877124,-0.0057819774,-0.012725225,0.0133246705,-0.009910518,0.003938649,0.014742111,0.0018045611,0.0054187244,0.011518848
-0.01583736,0.0140479235,0.010947903,0.0008946052,0.003757088,-0.00029973255,0.016406551,0.018130101,-0.0094794035,-0.0037973858,0.0018329826,-0.010235011,-0.015154759,0.007386979,0.018997634,0.007448165,0.00015694002,-0.018723289,-0.0018237144,0.00028820348,-0.0045562023,-0.020735385,-0.0070062024,-0.013525896,-0.004687285,0.003182461,-0.017545,-0.019460281,-0.009754676,0.011125533,0.009179794,0.025150761
-0.008927064,0.012080252,0.014254824,0.0011684903,-0.0031867498,0.008892878,0.009650002,0.009410463,-0.010662627,-0.018801272,0.008149287,-0.0049284496,-0.0065015643,-0.009570864,0.008381405,0.01233736,-0.0021446138,-0.0065452373,-0.01236047,0.01313729,0.015098985,-0.0014658356,-0.00877124,-0.0057819774,-0.012725225,0.0133246705,-0.009910518,0.003938649,0.014742111,0.0018045611,0.0054187244,0.011518848
-0.01583736,0.0140479235,0.010947903,0.0008946052,0.003757088,-0.00029973255,0.016406551,0.018130101,-0.0094794035,-0.0037973858,0.0018329826,-0.010235011,-0.015154759,0.007386979,0.018997634,0.007448165,0.00015694002,-0.018723289,-0.0018237144,0.00028820348,-0.0045562023,-0.020735385,-0.0070062024,-0.013525896,-0.004687285,0.003182461,-0.017545,-0.019460281,-0.009754676,0.011125533,0.009179794,0.025150761
-0.008927064,0.012080252,0.014254824,0.0011684903,-0.0031867498,0.008892878,0.009650002,0.009410463,-0.010662627,-0.018801272,0.008149287,-0.0049284496,-0.0065015643,-0.009570864,0.008381405,0.01233736,-0.0021446138,-0.0065452373,-0.01236047,0.01313729,0.015098985,-0.0014658356,-0.00877124,-0.0057819774,-0.012725225,0.0133246705,-0.009910518,0.003938649,0.014742111,0.0018045611,0.0054187244,0.011518848
-0.01583736,0.0140479235,0.010947903,0.0008946052,0.003757088,-0.00029973255,0.016406551,0.018130101,-0.0094794035,-0.0037973858,0.0018329826,-0.010235011,-0.015154759,0.007386979,0.018997634,0.007448165,0.00015694002,-0.018723289,-0.0018237144,0.00028820348,-0.0045562023,-0.020735385,-0.0070062024,-0.013525896,-0.004687285,0.003182461,-0.017545,-0.019460281,-0.009754676,0.011125533,0.009179794,0.025150761
-0.008927064,0.012080252,0.014254824,0.0011684903,-0.0031867498,0.008892878,0.009650002,0.009410463,-0.010662627,-0.018801272,0.008149287,-0.0049284496,-0.0065015643,-0.009570864,0.008381405,0.01233736,-0.0021446138,-0.0065452373,-0.01236047,0.01313729,0.015098985,-0.0014658356,-0.00877124,-0.0057819774,-0.012725225,0.0133246705,-0.009910518,0.003938649,0.014742111,0.0018045611,0.0054187244,0.011518848
-0.01583736,0.0140479235,0.010947903,0.0008946052,0.003757088,-0.00029973255,0.016406551,0.018130101,-0.0094794035,-0.0037973858,0.0018329826,-0.010235011,-0.015154759,0.007386979,0.018997634,0.007448165,0.00015694002,-0.018723289,-0.0018237144,0.00028820348,-0.0045562023,-0.020735385,-0.0070062024,-0.013525896,-0.004687285,0.003182461,-0.017545,-0.019460281,-0.009754676,0.011125533,0.009179794,0.025150761
-0.008927064,0.012080252,0.014254824,0.0011684903,-0.0031867498,0.008892878,0.009650002,0.009410463,-0.010662627,-0.018801272,0.008149287,-0.0049284496,-0.0065015643,-0.009570864,0.008381405,0.01233736,-0.0021446138,-0.0065452373,-0.01236047,0.01313729,0.015098985,-0.0014658356,-0.00877124,-0.0057819774,-0.012725225,0.0133246705,-0.009910518,0.003938649,0.014742111,0.0018045611,0.0054187244,0.011518848
-0.01583736,0.0140479235,0.010947903,0.0008946052,0.003757088,-0.00029973255,0.016406551,0.018130101,-0.0094794035,-0.0037973858,0.0018329826,-0.010235011,-0.015154759,0.007386979,0.018997634,0.007448165,0.00015694002,-0.018723289,-0.0018237144,0.00028820348,-0.0045562023,-0.020735385,-0.0070062024,-0.013525896,-0.004687285,0.003182461,-0.017545,-0.019460281,-0.009754676,0.011125533,0.009179794,0.025150761
-0.008927064,0.012080252,0.014254824,0.0011684903,-0.0031867498,0.008892878,0.009650002,0.009410463,-0.010662627,-0.018801272,0.008149287,-0.0049284496,-0.0065015643,-0.009570864,0.008381405,0.01233736,-0.0021446138,-0.0065452373,-0.01236047,0.01313729,0.015098985,-0.0014658356,-0.00877124,-0.0057819774,-0.012725225,0.0133246705,-0.009910518,0.003938649,0.014742111,0.0018045611,0.0054187244,0.011518848
-0.01583736,0.0140479235,0.010947903,0.0008946052,0.003757088,-0.00029973255,0.016406551,0.018130101,-0.0094794035,-0.0037973858,0.0018329826,-0.010235011,-0.015154759,0.007386979,0.018997634,0.007448165,0.00015694002,-0.018723289,-0.0018237144,0.00028820348,-0.0045562023,-0.020735385,-0.0070062024,-0.013525896,-0.004687285,0.003182461,-0.017545,-0.019460281,-0.009754676,0.011125533,0.009179794,0.025150761
-0.008927064,0.012080252,0.014254824,0.0011684903,-0.0031867498,0.008892878,0.009650002,0.009410463,-0.010662627,-0.018801272,0.008149287,-0.0049284496,-0.0065015643,-0.009570864,0.008381405,0.01233736,-0.0021446138,-0.0065452373,-0.01236047,0.01313729,0.015098985,-0.0014658356,-0.00877124,-0.0057819774,-0.012725225,0.0133246705,-0.009910518,0.003938649,0.014742111,0.0018045611,0.0054187244,0.011518848
-0.01583736,0.0140479235,0.010947903,0.0008946052,0.003757088,-0.00029973255,0.016406551,0.018130101,-0.0094794035,-0.0037973858,0.0018329826,-0.010235011,-0.015154759,0.007386979,0.018997634,0.007448165,0.00015694002,-0.018723289,-0.0018237144,0.00028820348,-0.0045562023,-0.020735385,-0.0070062024,-0.013525896,-0.004687285,0.003182461,-0.017545,-0.019460281,-0.009754676,0.011125533,0.009179794,0.025150761
-0.008927064,0.012080252,0.014254824,0.0011684903,-0.0031867498,0.008892878,0.009650002,0.009410463,-0.010662627,-0.018801272,0.008149287,-0.0049284496,-0.0065015643,-0.009570864,0.008381405,0.01233736,-0.0021446138,-0.0065452373,-0.01236047,0.01313729,0.015098985,-0.0014658356,-0.00877124,-0.0057819774,-0.012725225,0.0133246705,-0.009910518,0.003938649,0.014742111,0.0018045611,0.0054187244,0.011518848
-0.01583736,0.0140479235,0.010947903,0.0008946052,0.003757088,-0.00029973255,0.016406551,0.018130101,-0.0094794035,-0.0037973858,0.0018329826,-0.010235011,-0.015154759,0.007386979,0.018997634,0.007448165,0.00015694002,-0.018723289,-0.0018237144,0.00028820348,-0.0045562023,-0.020735385,-0.0070062024,-0.013525896,-0.004687285,0.003182461,-0.017545,-0.019460281,-0.009754676,0.011125533,0.009179794,0.025150761
-0.008927064,0.012080252,0.014254824,0.0011684903,-0.0031867498,0.008892878,0.009650002,0.009410463,-0.010662627,-0.018801272,0.008149287,-0.0049284496,-0.0065015643,-0.009570864,0.008381405,0.01233736,-0.0021446138,-0.0065452373,-0.01236047,0.01313729,0.015098985,-0.0014658356,-0.00877124,-0.0057819774,-0.012725225,0.0133246705,-0.009910518,0.003938649,0.014742111,0.0018045611,0.0054187244,0.011518848
-0.01583736,0.0140479235,0.010947903,0.0008946052,0.003757088,-0.00029973255,0.016406551,0.018130101,-0.0094794035,-0.0037973858,0.0018329826,-0.010235011,-0.015154759,0.007386979,0.018997634,0.007448165,0.00015694002,-0.018723289,-0.0018237144,0.00028820348,-0.0045562023,-0.020735385,-0.0070062024,-0.013525896,-0.004687285,0.003182461,-0.017545,-0.019460281,-0.009754676,0.011125533,0.009179794,0.025150761
-0.008927064,0.012080252,0.014254824,0.0011684903,-0.0031867498,0.008892878,0.009650002,0.009410463,-0.010662627,-0.018801272,0.008149287,-0.0049284496,-0.0065015643,-0.009570864,0.008381405,0.01233736,-0.0021446138,-0.0065452373,-0.01236047,0.01313729,0.015098985,-0.0014658356,-0.00877124,-0.0057819774,-0.012725225,0.0133246705,-0.009910518,0.003938649,0.014742111,0.0018045611,0.0054187244,0.011518848
-0.01583736,0.0140479235,0.010947903,0.0008946052,0.003757088,-0.00029973255,0.016406551,0.018130101,-0.0094794035,-0.0037973858,0.0018329826,-0.010235011,-0.015154759,0.007386979,0.018997634,0.007448165,0.00015694002,-0.018723289,-0.0018237144,0.00028820348,-0.0045562023,-0.020735385,-0.0070062024,-0.013525896,-0.004687285,0.003182461,-0.017545,-0.019460281,-0.009754676,0.011125533,0.009179794,0.025150761
-0.008927064,0.012080252,0.014254824,0.0011684903,-0.0031867498,0.008892878,0.009650002,0.009410463,-0.010662627,-0.018801272,0.008149287,-0.0049284496,-0.0065015643,-0.009570864,0.008381405,0.01233736,-0.0021446138,-0.0065452373,-0.01236047,0.01313729,0.015098985,-0.0014658356,-0.00877124,-0.0057819774,-0.012725225,0.0133246705,-0.009910518,0.003938649,0.014742111,0.0018045611,0.0054187244,0.011518848
-0.01583736,0.0140479235,0.010947903,0.0008946052,0.003757088,-0.00029973255,0.016406551,0.018130101,-0.0094794035,-0.0037973858,0.0018329826,-0.010235011,-0.015154759,0.007386979,0.018997634,0.007448165,0.00015694002,-0.018723289,-0.0018237144,0.00028820348,-0.0045562023,-0.020735385,-0.0070062024,-0.013525896,-0.004687285,0.003182461,-0.017545,-0.019460281,-0.009754676,0.011125533,0.009179794,0.025150761
-0.008927064,0.012080252,0.014254824,0.0011684903,-0.0031867498,0.008892878,0.009650002,0.009410463,-0.010662627,-0.018801272,0.008149287,-0.0049284496,-0.0065015643,-0.009570864,0.008381405,0.01233736,-0.0021446138,-0.0065452373,-0.01236047,0.01313729,0.015098985,-0.0014658356,-0.00877124,-0.0057819774,-0.012725225,0.0133246705,-0.009910518,0.003938649,0.014742111,0.0018045611,0.0054187244,0.011518848
-0.01583736,0.0140479235,0.010947903,0.0008946052,0.003757088,-0.00029973255,0.016406551,0.018130101,-0.0094794035,-0.0037973858,0.0018329826,-0.010235011,-0.015154759,0.007386979,0.018997634,0.007448165,0.00015694002,-0.018723289,-0.0018237144,0.00028820348,-0.0045562023,-0.020735385,-0.0070062024,-0.013525896,-0.004687285,0.003182461,-0.017545,-0.019460281,-0.009754676,0.011125533,0.009179794,0.025150761
-0.008927064,0.012080252,0.014254824,0.0011684903,-0.0031867498,0.008892878,0.009650002,0.009410463,-0.010662627,-0.018801272,0.008149287,-0.0049284496,-0.0065015643,-0.009570864,0.008381405,0.01233736,-0.0021446138,-0.0065452373,-0.01236047,0.01313729,0.015098985,-0.0014658356,-0.00877124,-0.0057819774,-0.012725225,0.0133246705,-0.009910518,0.003938649,0.014742111,0.0018045611,0.0054187244,0.011518848
-0.01583736,0.0140479235,0.010947903,0.0008946052,0.003757088,-0.00029973255,0.016406551,0.018130101,-0.0094794035,-0.0037973858,0.0018329826,-0.010235011,-0.015154759,0.007386979,0.018997634,0.007448165,0.00015694002,-0.018723289,-0.0018237144,0.00028820348,-0.0045562023,-0.020735385,-0.0070062024,-0.013525896,-0.004687285,0.003182461,-0.017545,-0.019460281,-0.009754676,0.011125533,0.009179794,0.025150761
-0.008927064,0.012080252,0.014254824,0.0011684903,-0.0031867498,0.008892878,0.009650002,0.009410463,-0.010662627,-0.018801272,0.008149287,-0.0049284496,-0.0065015643,-0.009570864,0.008381405,0.01233736,-0.0021446138,-0.0065452373,-0.01236047,0.01313729,0.015098985,-0.0014658356,-0.00877124,-0.0057819774,-0.012725225,0.0133246705,-0.009910518,0.003938649,0.014742111,0.0018045611,0.0054187244,0.011518848
-0.01583736,0.0140479235,0.010947903,0.0008946052,0.003757088,-0.00029973255,0.016406551,0.018130101,-0.0094794035,-0.0037973858,0.0018329826,-0.010235011,-0.015154759,0.007386979,0.018997634,0.007448165,0.00015694002,-0.018723289,-0.0018237144,0.00028820348,-0.0045562023,-0.020735385,-0.0070062024,-0.013525896,-0.004687285,0.003182461,-0.017545,-0.019460281,-0.009754676,0.011125533,0.009179794,0.025150761
-0.008927064,0.012080252,0.014254824,0.0011684903,-0.0031867498,0.008892878,0.009650002,0.009410463,-0.010662627,-0.018801272,0.008149287,-0.0049284496,-0.0065015643,-0.009570864,0.008381405,0.01233736,-0.0021446138,-0.0065452373,-0.01236047,0.01313729,0.015098985,-0.0014658356,-0.00877124,-0.0057819774,-0.012725225,0.0133246705,-0.009910518,0.003938649,0.014742111,0.0018045611,0.0054187244,0.011518848
-0.01583736,0.0140479235,0.010947903,0.0008946052,0.003757088,-0.00029973255,0.016406551,0.018130101,-0.0094794035,-0.0037973858,0.0018329826,-0.010235011,-0.015154759,0.007386979,0.018997634,0.007448165,0.00015694002,-0.018723289,-0.0018237144,0.00028820348,-0.0045562023,-0.020735385,-0.0070062024,-0.013525896,-0.004687285,0.003182461,-0.017545,-0.019460281,-0.009754676,0.011125533,0.009179794,0.025150761
-0.008927064,0.012080252,0.014254824,0.0011684903,-0.0031867498,0.008892878,0.009650002,0.009410463,-0.010662627,-0.018801272,0.008149287,-0.0049284496,-0.0065015643,-0.009570864,0.008381405,0.01233736,-0.0021446138,-0.0065452373,-0.01236047,0.01313729,0.015098985,-0.0014658356,-0.00877124,-0.0057819774,-0.012725225,0.0133246705,-0.009910518,0.003938649,0.014742111,0.0018045611,0.0054187244,0.011518848
0.03129035,0.5698081,0.120156266,0.56835496,0.20448296,0.6923297,0.26626056,0.2431272,0.5731715,0.52063286,-0.49702853,-0.49461564,0.48228788,-0.67729706,-0.14184386,-0.70857996,0.17516662,-0.62490046,0.1695859,0.35956413,-0.6657701,0.017037889,-0.45996138,-0.07153795,-0.14826086,0.34212574,-0.035193384,0.3503567,0.15847148,0.42710713,0.1283355,-0.24827139
-1.3270521,-0.14037237,0.27554038,-0.32039815,-0.07848144,0.50977755,0.282651,-0.26650083,0.06500935,-0.3741868,0.17260188,-0.50468403,-0.47911498,0.5455255,0.14622967,0.4281541,0.3671449,0.43156815,-0.22967541,-0.31895328,0.075702414,-0.18473683,-0.4005707,-0.1490831,-0.4800272,-0.26803002,-0.3870158,0.7877335,0.10375605,-0.14213502,0.5790945,0.035678063
0.3313847,-0.2532429,-0.18423826,-0.3297345,-0.0016002161,0.21850443,-0.010035289,0.8526527,-0.014279392,-0.6452518,-0.5300885,-0.41052157,0.6056815,-0.721353,-0.01989756,-0.08428029,-0.30650595,-0.1405548,0.012450406,0.21848388,0.016409196,-0.31062728,-0.5243892,-0.35276178,0.12212577,-0.16332954,-0.15257141,-0.033032063,0.19554622,0.31980044,0.37316325,-0.40080392
-0.704481,0.4824597,0.32848683,0.5185159,0.4308249,0.45918998,0.13907467,-0.07967696,0.043900456,-0.88558793,0.49028587,0.635443,-0.41291803,0.8724398,-0.0013377136,-0.26263022,0.18276666,0.5187057,0.12196505,-0.38805264,0.078233406,-0.06357826,0.091629654,-0.49173817,-0.054725513,-0.018155996,-0.3904075,0.04528542,-0.019421302,-0.049658135,0.6530852,0.52918386
0.1746585,-0.3390416,-0.25143284,-0.38558847,-0.09940667,-0.002918675,-0.02244924,0.34640622,0.2509742,-0.36659408,-0.033164278,-0.35020253,0.26542416,0.38412756,0.14117454,-0.12405002,-0.29180264,0.37115422,0.06447965,-0.14987746,0.23918492,-0.2581975,0.016850341,-0.44260332,0.33523175,-0.2611789,-0.63091964,-0.007372628,0.21961163,0.010324585,0.37865537,0.08112526
-0.37916732,0.43028754,-0.09085685,-0.15667851,0.31918696,0.09751671,0.32918966,-0.23766935,-0.25318298,0.31416324,0.20735689,-0.24268843,-0.20663527,-0.03787719,0.011683268,-0.5575075,-0.4716389,0.35094807,-0.089319505,0.14076355,0.22842483,0.08381952,0.4589537,-0.17126662,-0.032738592,-0.1402123,0.15487856,-0.16858271,0.1813492,-0.12023165,-0.11106042,-0.07021101
-0.01583736,0.0140479235,0.010947903,0.0008946052,0.003757088,-0.00029973255,0.016406551,0.018130101,-0.0094794035,-0.0037973858,0.0018329826,-0.010235011,-0.015154759,0.007386979,0.018997634,0.007448165,0.00015694002,-0.018723289,-0.0018237144,0.00028820348,-0.0045562023,-0.020735385,-0.0070062024,-0.013525896,-0.004687285,0.003182461,-0.017545,-0.019460281,-0.009754676,0.011125533,0.009179794,0.025150761
-0.008927064,0.012080252,0.014254824,0.0011684903,-0.0031867498,0.008892878,0.009650002,0.009410463,-0.010662627,-0.018801272,0.008149287,-0.0049284496,-0.0065015643,-0.009570864,0.008381405,0.01233736,-0.0021446138,-0.0065452373,-0.01236047,0.01313729,0.015098985,-0.0014658356,-0.00877124,-0.0057819774,-0.012725225,0.0133246705,-0.009910518,0.003938649,0.014742111,0.0018045611,0.0054187244,0.011518848
-0.01583736,0.0140479235,0.010947903,0.0008946052,0.003757088,-0.00029973255,0.016406551,0.018130101,-0.0094794035,-0.0037973858,0.0018329826,-0.010235011,-0.015154759,0.007386979,0.018997634,0.007448165,0.00015694002,-0.018723289,-0.0018237144,0.00028820348,-0.0045562023,-0.020735385,-0.0070062024,-0.013525896,-0.004687285,0.003182461,-0.017545,-0.019460281,-0.009754676,0.011125533,0.009179794,0.025150761
-0.008927064,0.012080252,0.014254824,0.0011684903,-0.0031867498,0.008892878,0.009650002,0.009410463,-0.010662627,-0.018801272,0.008149287,-0.0049284496,-0.0065015643,-0.009570864,0.008381405,0.01233736,-0.0021446138,-0.0065452373,-0.01236047,0.01313729,0.015098985,-0.0014658356,-0.00877124,-0.0057819774,-0.012725225,0.0133246705,-0.009910518,0.003938649,0.014742111,0.0018045611,0.0054187244,0.011518848
-0.01583736,0.0140479235,0.010947903,0.0008946052,0.003757088,-0.00029973255,0.016406551,0.018130101,-0.0094794035,-0.0037973858,0.0018329826,-0.010235011,-0.015154759,0.007386979,0.018997634,0.007448165,0.00015694002,-0.018723289,-0.0018237144,0.00028820348,-0.0045562023,-0.020735385,-0.0070062024,-0.013525896,-0.004687285,0.003182461,-0.017545,-0.019460281,-0.009754676,0.011125533,0.009179794,0.025150761
-0.008927064,0.012080252,0.014254824,0.0011684903,-0.0031867498,0.008892878,0.009650002,0.009410463,-0.010662627,-0.018801272,0.008149287,-0.0049284496,-0.0065015643,-0.009570864,0.008381405,0.01233736,-0.0021446138,-0.0065452373,-0.01236047,0.01313729,0.015098985,-0.0014658356,-0.00877124,-0.0057819774,-0.012725225,0.0133246705,-0.009910518,0.003938649,0.014742111,0.0018045611,0.0054187244,0.011518848
-0.01583736,0.0140479235,0.010947903,0.0008946052,0.003757088,-0.00029973255,0.016406551,0.018130101,-0.0094794035,-0.0037973858,0.0018329826,-0.010235011,-0.015154759,0.007386979,0.018997634,0.007448165,0.00015694002,-0.018723289,-0.0018237144,0.00028820348,-0.0045562023,-0.020735385,-0.0070062024,-0.013525896,-0.004687285,0.003182461,-0.017545,-0.019460281,-0.009754676,0.011125533,0.009179794,0.025150761
-0.008927064,0.012080252,0.014254824,0.0011684903,-0.0031867498,0.008892878,0.009650002,0.009410463,-0.010662627,-0.018801272,0.008149287,-0.0049284496,-0.0065015643,-0.009570864,0.008381405,0.01233736,-0.0021446138,-0.0065452373,-0.01236047,0.01313729,0.015098985,-0.0014658356,-0.00877124,-0.0057819774,-0.012725225,0.0133246705,-0.009910518,0.003938649,0.014742111,0.0018045611,0.0054187244,0.011518848
-0.01583736,0.0140479235,0.010947903,0.0008946052,0.003757088,-0.00029973255,0.016406551,0.018130101,-0.0094794035,-0.0037973858,0.0018329826,-0.010235011,-0.015154759,0.007386979,0.018997634,0.007448165,0.00015694002,-0.018723289,-0.0018237144,0.00028820348,-0.0045562023,-0.020735385,-0.0070062024,-0.013525896,-0.004687285,0.003182461,-0.017545,-0.019460281,-0.009754676,0.011125533,0.009179794,0.025150761
-0.008927064,0.012080252,0.014254824,0.0011684903,-0.0031867498,0.008892878,0.009650002,0.009410463,-0.010662627,-0.018801272,0.008149287,-0.0049284496,-0.0065015643,-0.009570864,0.008381405,0.01233736,-0.0021446138,-0.0065452373,-0.01236047,0.01313729,0.015098985,-0.0014658356,-0.00877124,-0.0057819774,-0.012725225,0.0133246705,-0.009910518,0.003938649,0.014742111,0.0018045611,0.0054187244,0.011518848
-0.01583736,0.0140479235,0.010947903,0.0008946052,0.003757088,-0.00029973255,0.016406551,0.018130101,-0.0094794035,-0.0037973858,0.0018329826,-0.010235011,-0.015154759,0.007386979,0.018997634,0.007448165,0.00015694002,-0.018723289,-0.0018237144,0.00028820348,-0.0045562023,-0.020735385,-0.0070062024,-0.013525896,-0.004687285,0.003182461,-0.017545,-0.019460281,-0.009754676,0.011125533,0.009179794,0.025150761
-0.008927064,0.012080252,0.014254824,0.0011684903,-0.0031867498,0.008892878,0.009650002,0.009410463,-0.010662627,-0.018801272,0.008149287,-0.0049284496,-0.0065015643,-0.009570864,0.008381405,0.01233736,-0.0021446138,-0.0065452373,-0.01236047,0.01313729,0.015098985,-0.0014658356,-0.00877124,-0.0057819774,-0.012725225,0.0133246705,-0.009910518,0.003938649,0.014742111,0.0018045611,0.0054187244,0.011518848
-0.01583736,0.0140479235,0.010947903,0.0008946052,0.003757088,-0.00029973255,0.016406551,0.018130101,-0.0094794035,-0.0037973858,0.0018329826,-0.010235011,-0.015154759,0.007386979,0.018997634,0.007448165,0.00015694002,-0.018723289,-0.0018237144,0.00028820348,-0.0045562023,-0.020735385,-0.0070062024,-0.013525896,-0.004687285,0.003182461,-0.017545,-0.019460281,-0.009754676,0.011125533,0.009179794,0.025150761
-0.008927064,0.012080252,0.014254824,0.0011684903,-0.0031867498,0.008892878,0.009650002,0.009410463,-0.010662627,-0.018801272,0.008149287,-0.0049284496,-0.0065015643,-0.009570864,0.008381405,0.01233736,-0.0021446138,-0.0065452373,-0.01236047,0.01313729,0.015098985,-0.0014658356,-0.00877124,-0.0057819774,-0.012725225,0.0133246705,-0.009910518,0.003938649,0.014742111,0.0018045611,0.0054187244,0.011518848
-0.01583736,0.0140479235,0.010947903,0.0008946052,0.003757088,-0.00029973255,0.016406551,0.018130101,-0.0094794035,-0.0037973858,0.0018329826,-0.010235011,-0.015154759,0.007386979,0.018997634,0.007448165,0.00015694002,-0.018723289,-0.0018237144,0.00028820348,-0.0045562023,-0.020735385,-0.0070062024,-0.013525896,-0.004687285,0.003182461,-0.017545,-0.019460281,-0.009754676,0.011125533,0.009179794,0.025150761
-0.008927064,0.012080252,0.014254824,0.0011684903,-0.0031867498,0.008892878,0.009650002,0.009410463,-0.010662627,-0.018801272,0.008149287,-0.0049284496,-0.0065015643,-0.009570864,0.008381405,0.01233736,-0.0021446138,-0.0065452373,-0.01236047,0.01313729,0.015098985,-0.0014658356,-0.00877124,-0.0057819774,-0.012725225,0.0133246705,-0.009910518,0.003938649,0.014742111,0.0018045611,0.0054187244,0.011518848
-0.01583736,0.0140479235,0.010947903,0.0008946052,0.003757088,-0.00029973255,0.016406551,0.018130101,-0.0094794035,-0.0037973858,0.0018329826,-0.010235011,-0.015154759,0.007386979,0.018997634,0.007448165,0.00015694002,-0.018723289,-0.0018237144,0.00028820348,-0.0045562023,-0.020735385,-0.0070062024,-0.013525896,-0.004687285,0.003182461,-0.017545,-0.019460281,-0.009754676,0.011125533,0.009179794,0.025150761
-0.008927064,0.012080252,0.014254824,0.0011684903,-0.0031867498,0.008892878,0.009650002,0.009410463,-0.010662627,-0.018801272,0.008149287,-0.0049284496,-0.0065015643,-0.009570864,0.008381405,0.01233736,-0.0021446138,-0.0065452373,-0.01236047,0.01313729,0.015098985,-0.0014658356,-0.00877124,-0.0057819774,-0.012725225,0.0133246705,-0.009910518,0.003938649,0.014742111,0.0018045611,0.0054187244,0.011518848
-0.01583736,0.0140479235,0.010947903,0.0008946052,0.003757088,-0.00029973255,0.016406551,0.018130101,-0.0094794035,-0.0037973858,0.0018329826,-0.010235011,-0.015154759,0.007386979,0.018997634,0.007448165,0.00015694002,-0.018723289,-0.0018237144,0.00028820348,-0.0045562023,-0.020735385,-0.0070062024,-0.013525896,-0.004687285,0.003182461,-0.017545,-0.019460281,-0.009754676,0.011125533,0.009179794,0.025150761
-0.008927064,0.012080252,0.014254824,0.0011684903,-0.0031867498,0.008892878,0.009650002,0.009410463,-0.010662627,-0.018801272,0.008149287,-0.0049284496,-0.0065015643,-0.009570864,0.008381405,0.01233736,-0.0021446138,-0.0065452373,-0.01236047,0.01313729,0.015098985,-0.0014658356,-0.00877124,-0.0057819774,-0.012725225,0.0133246705,-0.009910518,0.003938649,0.014742111,0.0018045611,0.0054187244,0.011518848
-0.01583736,0.0140479235,0.010947903,0.0008946052,0.003757088,-0.00029973255,0.016406551,0.018130101,-0.0094794035,-0.0037973858,0.0018329826,-0.010235011,-0.015154759,0.007386979,0.018997634,0.007448165,0.00015694002,-0.018723289,-0.0018237144,0.00028820348,-0.0045562023,-0.020735385,-0.0070062024,-0.013525896,-0.004687285,0.003182461,-0.017545,-0.019460281,-0.009754676,0.011125533,0.009179794,0.025150761
-0.008927064,0.012080252,0.014254824,0.0011684903,-0.0031867498,0.008892878,0.009650002,0.009410463,-0.010662627,-0.018801272,0.008149287,-0.0049284496,-0.0065015643,-0.009570864,0.008381405,0.01233736,-0.0021446138,-0.0065452373,-0.01236047,0.01313729,0.015098985,-0.0014658356,-0.00877124,-0.0057819774,-0.012725225,0.0133246705,-0.009910518,0.003938649,0.014742111,0.0018045611,0.0054187244,0.011518848
-0.01583736,0.0140479235,0.010947903,0.0008946052,0.003757088,-0.00029973255,0.016406551,0.018130101,-0.0094794035,-0.0037973858,0.0018329826,-0.010235011,-0.015154759,0.007386979,0.018997634,0.007448165,0.00015694002,-0.018723289,-0.0018237144,0.00028820348,-0.0045562023,-0.020735385,-0.0070062024,-0.013525896,-0.004687285,0.003182461,-0.017545,-0.019460281,-0.009754676,0.011125533,0.009179794,0.025150761
-0.008927064,0.012080252,0.014254824,0.0011684903,-0.0031867498,0.008892878,0.009650002,0.009410463,-0.010662627,-0.018801272,0.008149287,-0.0049284496,-0.0065015643,-0.009570864,0.008381405,0.01233736,-0.0021446138,-0.0065452373,-0.01236047,0.01313729,0.015098985,-0.0014658356,-0.00877124,-0.0057819774,-0.012725225,0.0133246705,-0.009910518,0.003938649,0.014742111,0.0018045611,0.0054187244,0.011518848
-0.01583736,0.0140479235,0.010947903,0.0008946052,0.003757088,-0.00029973255,0.016406551,0.018130101,-0.0094794035,-0.0037973858,0.0018329826,-0.010235011,-0.015154759,0.007386979,0.018997634,0.007448165,0.00015694002,-0.018723289,-0.0018237144,0.00028820348,-0.0045562023,-0.020735385,-0.0070062024,-0.013525896,-0.004687285,0.003182461,-0.017545,-0.019460281,-0.009754676,0.011125533,0.009179794,0.025150761
-0.008927064,0.012080252,0.014254824,0.0011684903,-0.0031867498,0.008892878,0.009650002,0.009410463,-0.010662627,-0.018801272,0.008149287,-0.0049284496,-0.0065015643,-0.009570864,0.008381405,0.01233736,-0.0021446138,-0.0065452373,-0.01236047,0.01313729,0.015098985,-0.0014658356,-0.00877124,-0.0057819774,-0.012725225,0.0133246705,-0.009910518,0.003938649,0.014742111,0.0018045611,0.0054187244,0.011518848
-0.01583736,0.0140479235,0.010947903,0.0008946052,0.003757088,-0.00029973255,0.016406551,0.018130101,-0.0094794035,-0.0037973858,0.0018329826,-0.010235011,-0.015154759,0.007386979,0.018997634,0.007448165,0.00015694002,-0.018723289,-0.0018237144,0.00028820348,-0.0045562023,-0.020735385,-0.0070062024,-0.013525896,-0.004687285,0.003182461,-0.017545,-0.019460281,-0.009754676,0.011125533,0.009179794,0.025150761
-0.008927064,0.012080252,0.014254824,0.0011684903,-0.0031867498,0.008892878,0.009650002,0.009410463,-0.010662627,-0.018801272,0.008149287,-0.0049284496,-0.0065015643,-0.009570864,0.008381405,0.01233736,-0.0021446138,-0.0065452373,-0.01236047,0.01313729,0.015098985,-0.0014658356,-0.00877124,-0.0057819774,-0.012725225,0.0133246705,-0.009910518,0.003938649,0.014742111,0.0018045611,0.0054187244,0.011518848
-0.01583736,0.0140479235,0.010947903,0.0008946052,0.003757088,-0.00029973255,0.016406551,0.018130101,-0.0094794035,-0.0037973858,0.0018329826,-0.010235011,-0.015154759,0.007386979,0.018997634,0.007448165,0.00015694002,-0.018723289,-0.0018237144,0.00028820348,-0.0045562023,-0.020735385,-0.0070062024,-0.013525896,-0.004687285,0.003182461,-0.017545,-0.019460281,-0.009754676,0.011125533,0.009179794,0.025150761
-0.008927064,0.012080252,0.014254824,0.0011684903,-0.0031867498,0.008892878,0.009650002,0.009410463,-0.010662627,-0.018801272,0.008149287,-0.0049284496,-0.0065015643,-0.009570864,0.008381405,0.01233736,-0.0021446138,-0.0065452373,-0.01236047,0.01313729,0.015098985,-0.0014658356,-0.00877124,-0.0057819774,-0.012725225,0.0133246705,-0.009910518,0.003938649,0.014742111,0.0018045611,0.0054187244,0.011518848
-0.01583736,0.0140479235,0.010947903,0.0008946052,0.003757088,-0.00029973255,0.016406551,0.018130101,-0.0094794035,-0.0037973858,0.0018329826,-0.010235011,-0.015154759,0.007386979,0.018997634,0.007448165,0.00015694002,-0.018723289,-0.0018237144,0.00028820348,-0.0045562023,-0.020735385,-0.0070062024,-0.013525896,-0.004687285,0.003182461,-0.017545,-0.019460281,-0.009754676,0.011125533,0.009179794,0.025150761
-0.008927064,0.012080252,0.014254824,0.0011684903,-0.0031867498,0.008892878,0.009650002,0.009410463,-0.010662627,-0.018801272,0.008149287,-0.0049284496,-0.0065015643,-0.009570864,0.008381405,0.01233736,-0.0021446138,-0.0065452373,-0.01236047,0.01313729,0.015098985,-0.0014658356,-0.00877124,-0.0057819774,-0.012725225,0.0133246705,-0.009910518,0.003938649,0.014742111,0.0018045611,0.0054187244,0.011518848
-0.01583736,0.0140479235,0.010947903,0.0008946052,0.003757088,-0.00029973255,0.016406551,0.018130101,-0.0094794035,-0.0037973858,0.0018329826,-0.010235011,-0.015154759,0.007386979,0.018997634,0.007448165,0.00015694002,-0.018723289,-0.0018237144,0.00028820348,-0.0045562023,-0.020735385,-0.0070062024,-0.013525896,-0.004687285,0.003182461,-0.017545,-0.019460281,-0.009754676,0.011125533,0.009179794,0.025150761
-0.008927064,0.012080252,0.014254824,0.0011684903,-0.0031867498,0.008892878,0.009650002,0.009410463,-0.010662627,-0.018801272,0.008149287,-0.0049284496,-0.0065015643,-0.009570864,0.008381405,0.01233736,-0.0021446138,-0.0065452373,-0.01236047,0.01313729,0.015098985,-0.0014658356,-0.00877124,-0.0057819774,-0.012725225,0.0133246705,-0.009910518,0.003938649,0.014742111,0.0018045611,0.0054187244,0.011518848
-0.01583736,0.0140479235,0.010947903,0.0008946052,0.003757088,-0.00029973255,0.016406551,0.018130101,-0.0094794035,-0.0037973858,0.0018329826,-0.010235011,-0.015154759,0.007386979,0.018997634,0.007448165,0.00015694002,-0.018723289,-0.0018237144,0.00028820348,-0.0045562023,-0.020735385,-0.0070062024,-0.013525896,-0.004687285,0.003182461,-0.017545,-0.019460281,-0.009754676,0.011125533,0.009179794,0.025150761
-0.008927064,0.012080252,0.014254824,0.0011684903,-0.0031867498,0.008892878,0.009650002,0.009410463,-0.010662627,-0.018801272,0.008149287,-0.0049284496,-0.0065015643,-0.009570864,0.008381405,0.01233736,-0.0021446138,-0.0065452373,-0.01236047,0.01313729,0.015098985,-0.0014658356,-0.00877124,-0.0057819774,-0.012725225,0.0133246705,-0.009910518,0.003938649,0.014742111,0.0018045611,0.0054187244,0.011518848
-0.01583736,0.0140479235,0.010947903,0.0008946052,0.003757088,-0.00029973255,0.016406551,0.018130101,-0.0094794035,-0.0037973858,0.0018329826,-0.010235011,-0.015154759,0.007386979,0.018997634,0.007448165,0.00015694002,-0.018723289,-0.0018237144,0.00028820348,-0.0045562023,-0.020735385,-0.0070062024,-0.013525896,-0.004687285,0.003182461,-0.017545,-0.019460281,-0.009754676,0.011125533,0.009179794,0.025150761
-0.008927064,0.012080252,0.014254824,0.0011684903,-0.0031867498,0.008892878,0.009650002,0.009410463,-0.010662627,-0.018801272,0.008149287,-0.0049284496,-0.0065015643,-0.009570864,0.008381405,0.01233736,-0.0021446138,-0.0065452373,-0.01236047,0.01313729,0.015098985,-0.0014658356,-0.00877124,-0.0057819774,-0.012725225,0.0133246705,-0.009910518,0.003938649,0.014742111,0.0018045611,0.0054187244,0.011518848
-0.01583736,0.0140479235,0.010947903,0.0008946052,0.003757088,-0.00029973255,0.016406551,0.018130101,-0.0094794035,-0.0037973858,0.0018329826,-0.010235011,-0.015154759,0.007386979,0.018997634,0.007448165,0.00015694002,-0.018723289,-0.0018237144,0.00028820348,-0.0045562023,-0.020735385,-0.0070062024,-0.013525896,-0.004687285,0.003182461,-0.017545,-0.019460281,-0.009754676,0.011125533,0.009179794,0.025150761
-0.008927064,0.012080252,0.014254824,0.0011684903,-0.0031867498,0.008892878,0.009650002,0.009410463,-0.010662627,-0.018801272,0.008149287,-0.0049284496,-0.0065015643,-0.009570864,0.008381405,0.01233736,-0.0021446138,-0.0065452373,-0.01236047,0.01313729,0.015098985,-0.0014658356,-0.00877124,-0.0057819774,-0.012725225,0.0133246705,-0.009910518,0.003938649,0.014742111,0.0018045611,0.0054187244,0.011518848
-0.01583736,0.0140479235,0.010947903,0.0008946052,0.003757088,-0.00029973255,0.016406551,0.018130101,-0.0094794035,-0.0037973858,0.0018329826,-0.010235011,-0.015154759,0.007386979,0.018997634,0.007448165,0.00015694002,-0.018723289,-0.0018237144,0.00028820348,-0.0045562023,-0.020735385,-0.0070062024,-0.013525896,-0.004687285,0.003182461,-0.017545,-0.019460281,-0.009754676,0.011125533,0.009179794,0.025150761
-0.008927064,0.012080252,0.014254824,0.0011684903,-0.0031867498,0.008892878,0.009650002,0.009410463,-0.010662627,-0.018801272,0.008149287,-0.0049284496,-0.0065015643,-0.009570864,0.008381405,0.01233736,-0.0021446138,-0.0065452373,-0.01236047,0.01313729,0.015098985,-0.0014658356,-0.00877124,-0.0057819774,-0.012725225,0.0133246705,-0.009910518,0.003938649,0.014742111,0.0018045611,0.0054187244,0.011518848
-0.01583736,0.0140479235,0.010947903,0.0008946052,0.003757088,-0.00029973255,0.016406551,0.018130101,-0.0094794035,-0.0037973858,0.0018329826,-0.010235011,-0.015154759,0.007386979,0.018997634,0.007448165,0.00015694002,-0.018723289,-0.0018237144,0.00028820348,-0.0045562023,-0.020735385,-0.0070062024,-0.013525896,-0.004687285,0.003182461,-0.017545,-0.019460281,-0.009754676,0.011125533,0.009179794,0.025150761
-0.008927064,0.012080252,0.014254824,0.0011684903,-0.0031867498,0.008892878,0.009650002,0.009410463,-0.010662627,-0.018801272,0.008149287,-0.0049284496,-0.0065015643,-0.009570864,0.008381405,0.01233736,-0.0021446138,-0.0065452373,-0.01236047,0.01313729,0.015098985,-0.0014658356,-0.00877124,-0.0057819774,-0.012725225,0.0133246705,-0.009910518,0.003938649,0.014742111,0.0018045611,0.0054187244,0.011518848
-0.01583736,0.0140479235,0.010947903,0.0008946052,0.003757088,-0.00029973255,0.016406551,0.018130101,-0.0094794035,-0.0037973858,0.0018329826,-0.010235011,-0.015154759,0.007386979,0.018997634,0.007448165,0.00015694002,-0.018723289,-0.0018237144,0.00028820348,-0.0045562023,-0.020735385,-0.0070062024,-0.013525896,-0.004687285,0.003182461,-0.017545,-0.019460281,-0.009754676,0.011125533,0.009179794,0.025150761
-0.008927064,0.012080252,0.014254824,0.0011684903,-0.0031867498,0.008892878,0.009650002,0.009410463,-0.010662627,-0.018801272,0.008149287,-0.0049284496,-0.0065015643,-0.009570864,0.008381405,0.01233736,-0.0021446138,-0.0065452373,-0.01236047,0.01313729,0.015098985,-0.0014658356,-0.00877124,-0.0057819774,-0.012725225,0.0133246705,-0.009910518,0.003938649,0.014742111,0.0018045611,0.0054187244,0.011518848
-0.01583736,0.0140479235,0.010947903,0.0008946052,0.003757088,-0.00029973255,0.016406551,0.018130101,-0.0094794035,-0.0037973858,0.0018329826,-0.010235011,-0.015154759,0.007386979,0.018997634,0.007448165,0.00015694002,-0.018723289,-0.0018237144,0.00028820348,-0.0045562023,-0.020735385,-0.0070062024,-0.013525896,-0.004687285,0.003182461,-0.017545,-0.019460281,-0.009754676,0.011125533,0.009179794,0.025150761
-0.008927064,0.012080252,0.014254824,0.0011684903,-0.0031867498,0.008892878,0.009650002,0.009410463,-0.010662627,-0.018801272,0.008149287,-0.0049284496,-0.0065015643,-0.009570864,0.008381405,0.01233736,-0.0021446138,-0.0065452373,-0.01236047,0.01313729,0.015098985,-0.0014658356,-0.00877124,-0.0057819774,-0.012725225,0.0133246705,-0.009910518,0.003938649,0.014742111,0.0018045611,0.0054187244,0.011518848
-0.01583736,0.0140479235,0.010947903,0.0008946052,0.003757088,-0.00029973255,0.016406551,0.018130101,-0.0094794035,-0.0037973858,0.0018329826,-0.010235011,-0.015154759,0.007386979,0.018997634,0.007448165,0.00015694002,-0.018723289,-0.0018237144,0.00028820348,-0.0045562023,-0.020735385,-0.0070062024,-0.013525896,-0.004687285,0.003182461,-0.017545,-0.019460281,-0.009754676,0.011125533,0.009179794,0.025150761
-0.008927064,0.012080252,0.014254824,0.0011684903,-0.0031867498,0.008892878,0.009650002,0.009410463,-0.010662627,-0.018801272,0.008149287,-0.0049284496,-0.0065015643,-0.009570864,0.008381405,0.01233736,-0.0021446138,-0.0065452373,-0.01236047,0.01313729,0.015098985,-0.0014658356,-0.00877124,-0.0057819774,-0.012725225,0.0133246705,-0.009910518,0.003938649,0.014742111,0.0018045611,0.0054187244,0.011518848
-0.01583736,0.0140479235,0.010947903,0.0008946052,0.003757088,-0.00029973255,0.016406551,0.018130101,-0.0094794035,-0.0037973858,0.0018329826,-0.010235011,-0.015154759,0.007386979,0.018997634,0.007448165,0.00015694002,-0.018723289,-0.0018237144,0.00028820348,-0.0045562023,-0.020735385,-0.0070062024,-0.013525896,-0.004687285,0.003182461,-0.017545,-0.019460281,-0.009754676,0.011125533,0.009179794,0.025150761
-0.008927064,0.012080252,0.014254824,0.0011684903,-0.0031867498,0.008892878,0.009650002,0.009410463,-0.010662627,-0.018801272,0.008149287,-0.0049284496,-0.0065015643,-0.009570864,0.008381405,0.01233736,-0.0021446138,-0.0065452373,-0.01236047,0.01313729,0.015098985,-0.0014658356,-0.00877124,-0.0057819774,-0.012725225,0.0133246705,-0.009910518,0.003938649,0.014742111,0.0018045611,0.0054187244,0.011518848
-0.01583736,0.0140479235,0.010947903,0.0008946052,0.003757088,-0.00029973255,0.016406551,0.018130101,-0.0094794035,-0.0037973858,0.0018329826,-0.010235011,-0.015154759,0.007386979,0.018997634,0.007448165,0.00015694002,-0.018723289,-0.0018237144,0.00028820348,-0.0045562023,-0.020735385,-0.0070062024,-0.013525896,-0.004687285,0.003182461,-0.017545,-0.019460281,-0.009754676,0.011125533,0.009179794,0.025150761
-0.008927064,0.012080252,0.014254824,0.0011684903,-0.0031867498,0.008892878,0.009650002,0.009410463,-0.010662627,-0.018801272,0.008149287,-0.0049284496,-0.0065015643,-0.009570864,0.008381405,0.01233736,-0.0021446138,-0.0065452373,-0.01236047,0.01313729,0.015098985,-0.0014658356,-0.00877124,-0.0057819774,-0.012725225,0.0133246705,-0.009910518,0.003938649,0.014742111,0.0018045611,0.0054187244,0.011518848
-0.01583736,0.0140479235,0.010947903,0.0008946052,0.003757088,-0.00029973255,0.016406551,0.018130101,-0.0094794035,-0.0037973858,0.0018329826,-0.010235011,-0.015154759,0.007386979,0.018997634,0.007448165,0.00015694002,-0.018723289,-0.0018237144,0.00028820348,-0.0045562023,-0.020735385,-0.0070062024,-0.013525896,-0.004687285,0.003182461,-0.017545,-0.019460281,-0.009754676,0.011125533,0.009179794,0.025150761
-0.008927064,0.012080252,0.014254824,0.0011684903,-0.0031867498,0.008892878,0.009650002,0.009410463,-0.010662627,-0.018801272,0.008149287,-0.0049284496,-0.0065015643,-0.009570864,0.008381405,0.01233736,-0.0021446138,-0.0065452373,-0.01236047,0.01313729,0.015098985,-0.0014658356,-0.00877124,-0.0057819774,-0.012725225,0.0133246705,-0.009910518,0.003938649,0.014742111,0.0018045611,0.0054187244,0.011518848
0.18487245,0.3684013,0.3097191,0.7434986,0.38193488,0.6926986,0.31059945,0.2690123,0.53442127,0.40757883,-0.38627458,-0.41954246,-0.005784641,-0.6593687,-0.120166875,-0.77494323,0.23818076,-0.72607857,0.06657349,0.65662056,-0.49097186,-0.1031504,-0.38952935,-0.34013358,0.12160476,0.22733061,-0.5123763,0.055534028,0.3439845,0.46498412,-0.041710272,-0.39784855
-0.7607911,-0.135869,-0.17536668,0.04180025,0.15462448,0.36560255,0.019792361,-0.68746114,-0.19123293,0.05780346,-0.045567386,0.0014427267,-0.12720017,0.6462246,0.6079628,0.13662964,-0.08673501,0.4157829,-0.2589381,-0.09830643,-0.006088458,-0.17742705,-0.18563321,-0.5911726,0.04895532,0.42796487,-0.49228087,-0.010736656,-0.4186519,0.121261336,0.6240371,-0.20887409
0.49643123,-0.3899594,-0.3146997,-0.19990084,0.09089066,0.39222065,0.45417678,0.7168186,0.14270395,-0.24746785,-0.43938953,-0.80589914,0.7895676,-0.41142303,0.03901038,-0.25602293,-0.35133445,-0.065819494,-0.021275308,0.06690851,0.015698917,0.13713315,-0.3070414,-0.13890275,0.21488586,0.0529566,-0.45196426,0.09152118,0.17370999,0.55726767,0.30928636,-0.17241527
-0.26875973,-0.09954193,0.31980973,0.06056011,0.42648977,0.24181147,0.46217522,-0.15746397,-0.031995192,-0.22112516,-0.10634821,0.12521347,-0.39732796,0.19386809,-0.103235915,0.12879927,-0.13022862,0.2192414,-0.5006064,-0.019147092,0.18686712,0.17408329,0.27520764,-0.15514457,0.02709196,-0.2083703,-0.014665519,-0.6206933,0.5739192,-0.02213107,-0.29213998,0.4529525
0.32982558,-0.30889142,0.033962134,-0.46710262,-0.17780173,0.23415235,0.2965706,0.49603432,0.26078042,-0.28996003,-0.024672588,-0.33899823,0.4778042,0.5271419,-0.13961509,0.3691755,-0.44744062,0.2101162,-0.07322104,-0.17167568,0.21555278,-0.10265683,0.016638,-0.22856194,0.041958377,-0.17152928,-0.45167845,-0.14026912,0.34361747,-0.027748423,0.25060526,-0.015772376
0.05075831,0.34140605,0.21673349,0.07266599,0.0671366,0.078862526,0.37948003,-0.35439345,0.0554989,0.48981953,-0.010179628,-0.19107746,0.064358175,-0.06340532,0.11367186,-0.011759912,-0.2682683,0.26913157,-0.21473664,-0.18742833,-0.11571813,0.46490306,0.15530823,-0.3135748,-0.44325283,0.2092328,0.4710869,-0.12047759,0.08817573,0.35549313,0.025147442,-0.035233893
-0.01583736,0.0140479235,0.010947903,0.0008946052,0.003757088,-0.00029973255,0.016406551,0.018130101,-0.0094794035,-0.0037973858,0.0018329826,-0.010235011,-0.015154759,0.007386979,0.018997634,0.007448165,0.00015694002,-0.018723289,-0.0018237144,0.00028820348,-0.0045562023,-0.020735385,-0.0070062024,-0.013525896,-0.004687285,0.003182461,-0.017545,-0.019460281,-0.009754676,0.011125533,0.009179794,0.025150761
-0.008927064,0.012080252,0.014254824,0.0011684903,-0.0031867498,0.008892878,0.009650002,0.009410463,-0.010662627,-0.018801272,0.008149287,-0.0049284496,-0.0065015643,-0.009570864,0.008381405,0.01233736,-0.0021446138,-0.0065452373,-0.01236047,0.01313729,0.015098985,-0.0014658356,-0.00877124,-0.0057819774,-0.012725225,0.0133246705,-0.009910518,0.003938649,0.014742111,0.0018045611,0.0054187244,0.011518848
-0.01583736,0.0140479235,0.010947903,0.0008946052,0.003757088,-0.00029973255,0.016406551,0.018130101,-0.0094794035,-0.0037973858,0.0018329826,-0.010235011,-0.015154759,0.007386979,0.018997634,0.007448165,0.00015694002,-0.018723289,-0.0018237144,0.00028820348,-0.0045562023,-0.020735385,-0.0070062024,-0.013525896,-0.004687285,0.003182461,-0.017545,-0.019460281,-0.009754676,0.011125533,0.009179794,0.025150761
-0.008927064,0.012080252,0.014254824,0.0011684903,-0.0031867498,0.008892878,0.009650002,0.009410463,-0.010662627,-0.018801272,0.008149287,-0.0049284496,-0.0065015643,-0.009570864,0.008381405,0.01233736,-0.0021446138,-0.0065452373,-0.01236047,0.01313729,0.015098985,-0.0014658356,-0.00877124,-0.0057819774,-0.012725225,0.0133246705,-0.009910518,0.003938649,0.014742111,0.0018045611,0.0054187244,0.011518848
-0.01583736,0.0140479235,0.010947903,0.0008946052,0.003757088,-0.00029973255,0.016406551,0.018130101,-0.0094794035,-0.0037973858,0.0018329826,-0.010235011,-0.015154759,0.007386979,0.018997634,0.007448165,0.00015694002,-0.018723289,-0.0018237144,0.00028820348,-0.0045562023,-0.020735385,-0.0070062024,-0.013525896,-0.004687285,0.003182461,-0.017545,-0.019460281,-0.009754676,0.011125533,0.009179794,0.025150761
-0.008927064,0.012080252,0.014254824,0.0011684903,-0.0031867498,0.008892878,0.009650002,0.009410463,-0.010662627,-0.018801272,0.008149287,-0.0049284496,-0.0065015643,-0.009570864,0.008381405,0.01233736,-0.0021446138,-0.0065452373,-0.01236047,0.01313729,0.015098985,-0.0014658356,-0.00877124,-0.0057819774,-0.012725225,0.0133246705,-0.009910518,0.003938649,0.014742111,0.0018045611,0.0054187244,0.011518848
-0.01583736,0.0140479235,0.010947903,0.0008946052,0.003757088,-0.00029973255,0.016406551,0.018130101,-0.0094794035,-0.0037973858,0.0018329826,-0.010235011,-0.015154759,0.007386979,0.018997634,0.007448165,0.00015694002,-0.018723289,-0.0018237144,0.00028820348,-0.0045562023,-0.020735385,-0.0070062024,-0.013525896,-0.004687285,0.003182461,-0.017545,-0.019460281,-0.009754676,0.011125533,0.009179794,0.025150761
-0.008927064,0.012080252,0.014254824,0.0011684903,-0.0031867498,0.008892878,0.009650002,0.009410463,-0.010662627,-0.018801272,0.008149287,-0.0049284496,-0.0065015643,-0.009570864,0.008381405,0.01233736,-0.0021446138,-0.0065452373,-0.01236047,0.01313729,0.015098985,-0.0014658356,-0.00877124,-0.0057819774,-0.012725225,0.0133246705,-0.009910518,0.003938649,0.014742111,0.0018045611,0.0054187244,0.011518848
-0.01583736,0.0140479235,0.010947903,0.0008946052,0.003757088,-0.00029973255,0.016406551,0.018130101,-0.0094794035,-0.0037973858,0.0018329826,-0.010235011,-0.015154759,0.007386979,0.018997634,0.007448165,0.00015694002,-0.018723289,-0.0018237144,0.00028820348,-0.0045562023,-0.020735385,-0.0070062024,-0.013525896,-0.004687285,0.003182461,-0.017545,-0.019460281,-0.009754676,0.011125533,0.009179794,0.025150761
-0.008927064,0.012080252,0.014254824,0.0011684903,-0.0031867498,0.008892878,0.009650002,0.009410463,-0.010662627,-0.018801272,0.008149287,-0.0049284496,-0.0065015643,-0.009570864,0.008381405,0.01233736,-0.0021446138,-0.0065452373,-0.01236047,0.01313729,0.015098985,-0.0014658356,-0.00877124,-0.0057819774,-0.012725225,0.0133246705,-0.009910518,0.003938649,0.014742111,0.0018045611,0.0054187244,0.011518848
-0.01583736,0.0140479235,0.010947903,0.0008946052,0.003757088,-0.00029973255,0.016406551,0.018130101,-0.0094794035,-0.0037973858,0.0018329826,-0.010235011,-0.015154759,0.007386979,0.018997634,0.007448165,0.00015694002,-0.018723289,-0.0018237144,0.00028820348,-0.0045562023,-0.020735385,-0.0070062024,-0.013525896,-0.004687285,0.003182461,-0.017545,-0.019460281,-0.009754676,0.011125533,0.009179794,0.025150761
-0.008927064,0.012080252,0.014254824,0.0011684903,-0.0031867498,0.008892878,0.009650002,0.009410463,-0.010662627,-0.018801272,0.008149287,-0.0049284496,-0.0065015643,-0.009570864,0.008381405,0.01233736,-0.0021446138,-0.0065452373,-0.01236047,0.01313729,0.015098985,-0.0014658356,-0.00877124,-0.0057819774,-0.012725225,0.0133246705,-0.009910518,0.003938649,0.014742111,0.0018045611,0.0054187244,0.011518848
-0.01583736,0.0140479235,0.010947903,0.0008946052,0.003757088,-0.00029973255,0.016406551,0.018130101,-0.0094794035,-0.0037973858,0.0018329826,-0.010235011,-0.015154759,0.007386979,0.018997634,0.007448165,0.00015694002,-0.018723289,-0.0018237144,0.00028820348,-0.0045562023,-0.020735385,-0.0070062024,-0.013525896,-0.004687285,0.003182461,-0.017545,-0.019460281,-0.009754676,0.011125533,0.009179794,0.025150761
-0.008927064,0.012080252,0.014254824,0.0011684903,-0.0031867498,0.008892878,0.009650002,0.009410463,-0.010662627,-0.018801272,0.008149287,-0.0049284496,-0.0065015643,-0.009570864,0.008381405,0.01233736,-0.0021446138,-0.0065452373,-0.01236047,0.01313729,0.015098985,-0.0014658356,-0.00877124,-0.0057819774,-0.012725225,0.0133246705,-0.009910518,0.003938649,0.014742111,0.0018045611,0.0054187244,0.011518848
-0.01583736,0.0140479235,0.010947903,0.0008946052,0.003757088,-0.00029973255,0.016406551,0.018130101,-0.0094794035,-0.0037973858,0.0018329826,-0.010235011,-0.015154759,0.007386979,0.018997634,0.007448165,0.00015694002,-0.018723289,-0.0018237144,0.00028820348,-0.0045562023,-0.020735385,-0.0070062024,-0.013525896,-0.004687285,0.003182461,-0.017545,-0.019460281,-0.009754676,0.011125533,0.009179794,0.025150761
-0.008927064,0.012080252,0.014254824,0.0011684903,-0.0031867498,0.008892878,0.009650002,0.009410463,-0.010662627,-0.018801272,0.008149287,-0.0049284496,-0.0065015643,-0.009570864,0.008381405,0.01233736,-0.0021446138,-0.0065452373,-0.01236047,0.01313729,0.015098985,-0.0014658356,-0.00877124,-0.0057819774,-0.012725225,0.0133246705,-0.009910518,0.003938649,0.014742111,0.0018045611,0.0054187244,0.011518848
-0.01583736,0.0140479235,0.010947903,0.0008946052,0.003757088,-0.00029973255,0.016406551,0.018130101,-0.0094794035,-0.0037973858,0.0018329826,-0.010235011,-0.015154759,0.007386979,0.018997634,0.007448165,0.00015694002,-0.018723289,-0.0018237144,0.00028820348,-0.0045562023,-0.020735385,-0.0070062024,-0.013525896,-0.004687285,0.003182461,-0.017545,-0.019460281,-0.009754676,0.011125533,0.009179794,0.025150761
-0.008927064,0.012080252,0.014254824,0.0011684903,-0.0031867498,0.008892878,0.009650002,0.009410463,-0.010662627,-0.018801272,0.008149287,-0.0049284496,-0.0065015643,-0.009570864,0.008381405,0.01233736,-0.0021446138,-0.0065452373,-0.01236047,0.01313729,0.015098985,-0.0014658356,-0.00877124,-0.0057819774,-0.012725225,0.0133246705,-0.009910518,0.003938649,0.014742111,0.0018045611,0.0054187244,0.011518848
-0.01583736,0.0140479235,0.010947903,0.0008946052,0.003757088,-0.00029973255,0.016406551,0.018130101,-0.0094794035,-0.0037973858,0.0018329826,-0.010235011,-0.015154759,0.007386979,0.018997634,0.007448165,0.00015694002,-0.018723289,-0.0018237144,0.00028820348,-0.0045562023,-0.020735385,-0.0070062024,-0.013525896,-0.004687285,0.003182461,-0.017545,-0.019460281,-0.009754676,0.011125533,0.009179794,0.025150761
-0.008927064,0.012080252,0.014254824,0.0011684903,-0.0031867498,0.008892878,0.009650002,0.009410463,-0.010662627,-0.018801272,0.008149287,-0.0049284496,-0.0065015643,-0.009570864,0.008381405,0.01233736,-0.0021446138,-0.0065452373,-0.01236047,0.01313729,0.015098985,-0.0014658356,-0.00877124,-0.0057819774,-0.012725225,0.0133246705,-0.009910518,0.003938649,0.014742111,0.0018045611,0.0054187244,0.011518848
-0.01583736,0.0140479235,0.010947903,0.0008946052,0.003757088,-0.00029973255,0.016406551,0.018130101,-0.0094794035,-0.0037973858,0.0018329826,-0.010235011,-0.015154759,0.007386979,0.018997634,0.007448165,0.00015694002,-0.018723289,-0.0018237144,0.00028820348,-0.0045562023,-0.020735385,-0.0070062024,-0.013525896,-0.004687285,0.003182461,-0.017545,-0.019460281,-0.009754676,0.011125533,0.009179794,0.025150761
-0.008927064,0.012080252,0.014254824,0.0011684903,-0.0031867498,0.008892878,0.009650002,0.009410463,-0.010662627,-0.018801272,0.008149287,-0.0049284496,-0.0065015643,-0.009570864,0.008381405,0.01233736,-0.0021446138,-0.0065452373,-0.01236047,0.01313729,0.015098985,-0.0014658356,-0.00877124,-0.0057819774,-0.012725225,0.0133246705,-0.009910518,0.003938649,0.014742111,0.0018045611,0.0054187244,0.011518848
-0.01583736,0.0140479235,0.010947903,0.0008946052,0.003757088,-0.00029973255,0.016406551,0.018130101,-0.0094794035,-0.0037973858,0.0018329826,-0.010235011,-0.015154759,0.007386979,0.018997634,0.007448165,0.00015694002,-0.018723289,-0.0018237144,0.00028820348,-0.0045562023,-0.020735385,-0.0070062024,-0.013525896,-0.004687285,0.003182461,-0.017545,-0.019460281,-0.009754676,0.011125533,0.009179794,0.025150761
-0.008927064,0.012080252,0.014254824,0.0011684903,-0.0031867498,0.008892878,0.009650002,0.009410463,-0.010662627,-0.018801272,0.008149287,-0.0049284496,-0.0065015643,-0.009570864,0.008381405,0.01233736,-0.0021446138,-0.0065452373,-0.01236047,0.01313729,0.015098985,-0.0014658356,-0.00877124,-0.0057819774,-0.012725225,0.0133246705,-0.009910518,0.003938649,0.014742111,0.0018045611,0.0054187244,0.011518848
-0.01583736,0.0140479235,0.010947903,0.0008946052,0.003757088,-0.00029973255,0.016406551,0.018130101,-0.0094794035,-0.0037973858,0.0018329826,-0.010235011,-0.015154759,0.007386979,0.018997634,0.007448165,0.00015694002,-0.018723289,-0.0018237144,0.00028820348,-0.0045562023,-0.020735385,-0.0070062024,-0.013525896,-0.004687285,0.003182461,-0.017545,-0.019460281,-0.009754676,0.011125533,0.009179794,0.025150761
-0.008927064,0.012080252,0.014254824,0.0011684903,-0.0031867498,0.008892878,0.009650002,0.009410463,-0.010662627,-0.018801272,0.008149287,-0.0049284496,-0.0065015643,-0.009570864,0.008381405,0.01233736,-0.0021446138,-0.0065452373,-0.01236047,0.01313729,0.015098985,-0.0014658356,-0.00877124,-0.0057819774,-0.012725225,0.0133246705,-0.009910518,0.003938649,0.014742111,0.0018045611,0.0054187244,0.011518848
-0.01583736,0.0140479235,0.010947903,0.0008946052,0.003757088,-0.00029973255,0.016406551,0.018130101,-0.0094794035,-0.0037973858,0.0018329826,-0.010235011,-0.015154759,0.007386979,0.018997634,0.007448165,0.00015694002,-0.018723289,-0.0018237144,0.00028820348,-0.0045562023,-0.020735385,-0.0070062024,-0.013525896,-0.004687285,0.003182461,-0.017545,-0.019460281,-0.009754676,0.011125533,0.009179794,0.025150761
-0.008927064,0.012080252,0.014254824,0.0011684903,-0.0031867498,0.008892878,0.009650002,0.009410463,-0.010662627,-0.018801272,0.008149287,-0.0049284496,-0.0065015643,-0.009570864,0.008381405,0.01233736,-0.0021446138,-0.0065452373,-0.01236047,0.01313729,0.015098985,-0.0014658356,-0.00877124,-0.0057819774,-0.012725225,0.0133246705,-0.009910518,0.003938649,0.014742111,0.0018045611,0.0054187244,0.011518848
-0.01583736,0.0140479235,0.010947903,0.0008946052,0.003757088,-0.00029973255,0.016406551,0.018130101,-0.0094794035,-0.0037973858,0.0018329826,-0.010235011,-0.015154759,0.007386979,0.018997634,0.007448165,0.00015694002,-0.018723289,-0.0018237144,0.00028820348,-0.0045562023,-0.020735385,-0.0070062024,-0.013525896,-0.004687285,0.003182461,-0.017545,-0.019460281,-0.009754676,0.011125533,0.009179794,0.025150761
-0.008927064,0.012080252,0.014254824,0.0011684903,-0.0031867498,0.008892878,0.009650002,0.009410463,-0.010662627,-0.018801272,0.008149287,-0.0049284496,-0.0065015643,-0.009570864,0.008381405,0.01233736,-0.0021446138,-0.0065452373,-0.01236047,0.01313729,0.015098985,-0.0014658356,-0.00877124,-0.0057819774,-0.012725225,0.0133246705,-0.009910518,0.003938649,0.014742111,0.0018045611,0.0054187244,0.011518848
-0.01583736,0.0140479235,0.010947903,0.0008946052,0.003757088,-0.00029973255,0.016406551,0.018130101,-0.0094794035,-0.0037973858,0.0018329826,-0.010235011,-0.015154759,0.007386979,0.018997634,0.007448165,0.00015694002,-0.018723289,-0.0018237144,0.00028820348,-0.0045562023,-0.020735385,-0.0070062024,-0.013525896,-0.004687285,0.003182461,-0.017545,-0.019460281,-0.009754676,0.011125533,0.009179794,0.025150761
-0.008927064,0.012080252,0.014254824,0.0011684903,-0.0031867498,0.008892878,0.009650002,0.009410463,-0.010662627,-0.018801272,0.008149287,-0.0049284496,-0.0065015643,-0.009570864,0.008381405,0.01233736,-0.0021446138,-0.0065452373,-0.01236047,0.01313729,0.015098985,-0.0014658356,-0.00877124,-0.0057819774,-0.012725225,0.0133246705,-0.009910518,0.003938649,0.014742111,0.0018045611,0.0054187244,0.011518848
-0.01583736,0.0140479235,0.010947903,0.0008946052,0.003757088,-0.00029973255,0.016406551,0.018130101,-0.0094794035,-0.0037973858,0.0018329826,-0.010235011,-0.015154759,0.007386979,0.018997634,0.007448165,0.00015694002,-0.018723289,-0.0018237144,0.00028820348,-0.0045562023,-0.020735385,-0.0070062024,-0.013525896,-0.004687285,0.003182461,-0.017545,-0.019460281,-0.009754676,0.011125533,0.009179794,0.025150761
-0.008927064,0.012080252,0.014254824,0.0011684903,-0.0031867498,0.008892878,0.009650002,0.009410463,-0.010662627,-0.018801272,0.008149287,-0.0049284496,-0.0065015643,-0.009570864,0.008381405,0.01233736,-0.0021446138,-0.0065452373,-0.01236047,0.01313729,0.015098985,-0.0014658356,-0.00877124,-0.0057819774,-0.012725225,0.0133246705,-0.009910518,0.003938649,0.014742111,0.0018045611,0.0054187244,0.011518848
-0.01583736,0.0140479235,0.010947903,0.0008946052,0.003757088,-0.00029973255,0.016406551,0.018130101,-0.0094794035,-0.0037973858,0.0018329826,-0.010235011,-0.015154759,0.007386979,0.018997634,0.007448165,0.00015694002,-0.018723289,-0.0018237144,0.00028820348,-0.0045562023,-0.020735385,-0.0070062024,-0.013525896,-0.004687285,0.003182461,-0.017545,-0.019460281,-0.009754676,0.011125533,0.009179794,0.025150761
-0.008927064,0.012080252,0.014254824,0.0011684903,-0.0031867498,0.008892878,0.009650002,0.009410463,-0.010662627,-0.018801272,0.008149287,-0.0049284496,-0.0065015643,-0.009570864,0.008381405,0.01233736,-0.0021446138,-0.0065452373,-0.01236047,0.01313729,0.015098985,-0.0014658356,-0.00877124,-0.0057819774,-0.012725225,0.0133246705,-0.009910518,0.003938649,0.014742111,0.0018045611,0.0054187244,0.011518848
-0.01583736,0.0140479235,0.010947903,0.0008946052,0.003757088,-0.00029973255,0.016406551,0.018130101,-0.0094794035,-0.0037973858,0.0018329826,-0.010235011,-0.015154759,0.007386979,0.018997634,0.007448165,0.00015694002,-0.018723289,-0.0018237144,0.00028820348,-0.0045562023,-0.020735385,-0.0070062024,-0.013525896,-0.004687285,0.003182461,-0.017545,-0.019460281,-0.009754676,0.011125533,0.009179794,0.025150761
-0.008927064,0.012080252,0.014254824,0.0011684903,-0.0031867498,0.008892878,0.009650002,0.009410463,-0.010662627,-0.018801272,0.008149287,-0.0049284496,-0.0065015643,-0.009570864,0.008381405,0.01233736,-0.0021446138,-0.0065452373,-0.01236047,0.01313729,0.015098985,-0.0014658356,-0.00877124,-0.0057819774,-0.012725225,0.0133246705,-0.009910518,0.003938649,0.014742111,0.0018045611,0.0054187244,0.011518848
-0.01583736,0.0140479235,0.010947903,0.0008946052,0.003757088,-0.00029973255,0.016406551,0.018130101,-0.0094794035,-0.0037973858,0.0018329826,-0.010235011,-0.015154759,0.007386979,0.018997634,0.007448165,0.00015694002,-0.018723289,-0.0018237144,0.00028820348,-0.0045562023,-0.020735385,-0.0070062024,-0.013525896,-0.004687285,0.003182461,-0.017545,-0.019460281,-0.009754676,0.011125533,0.009179794,0.025150761
-0.008927064,0.012080252,0.014254824,0.0011684903,-0.0031867498,0.008892878,0.009650002,0.009410463,-0.010662627,-0.018801272,0.008149287,-0.0049284496,-0.0065015643,-0.009570864,0.008381405,0.01233736,-0.0021446138,-0.0065452373,-0.01236047,0.01313729,0.015098985,-0.0014658356,-0.00877124,-0.0057819774,-0.012725225,0.0133246705,-0.009910518,0.003938649,0.014742111,0.0018045611,0.0054187244,0.011518848
-0.01583736,0.0140479235,0.010947903,0.0008946052,0.003757088,-0.00029973255,0.016406551,0.018130101,-0.0094794035,-0.0037973858,0.0018329826,-0.010235011,-0.015154759,0.007386979,0.018997634,0.007448165,0.00015694002,-0.018723289,-0.0018237144,0.00028820348,-0.0045562023,-0.020735385,-0.0070062024,-0.013525896,-0.004687285,0.003182461,-0.017545,-0.019460281,-0.009754676,0.011125533,0.009179794,0.025150761
-0.008927064,0.012080252,0.014254824,0.0011684903,-0.0031867498,0.008892878,0.009650002,0.009410463,-0.010662627,-0.018801272,0.008149287,-0.0049284496,-0.0065015643,-0.009570864,0.008381405,0.01233736,-0.0021446138,-0.0065452373,-0.01236047,0.01313729,0.015098985,-0.0014658356,-0.00877124,-0.0057819774,-0.012725225,0.0133246705,-0.009910518,0.003938649,0.014742111,0.0018045611,0.0054187244,0.011518848
-0.01583736,0.0140479235,0.010947903,0.0008946052,0.003757088,-0.00029973255,0.016406551,0.018130101,-0.0094794035,-0.0037973858,0.0018329826,-0.010235011,-0.015154759,0.007386979,0.018997634,0.007448165,0.00015694002,-0.018723289,-0.0018237144,0.00028820348,-0.0045562023,-0.020735385,-0.0070062024,-0.013525896,-0.004687285,0.003182461,-0.017545,-0.019460281,-0.009754676,0.011125533,0.009179794,0.025150761
-0.008927064,0.012080252,0.014254824,0.0011684903,-0.0031867498,0.008892878,0.009650002,0.009410463,-0.010662627,-0.018801272,0.008149287,-0.0049284496,-0.0065015643,-0.009570864,0.008381405,0.01233736,-0.0021446138,-0.0065452373,-0.01236047,0.01313729,0.015098985,-0.0014658356,-0.00877124,-0.0057819774,-0.012725225,0.0133246705,-0.009910518,0.003938649,0.014742111,0.0018045611,0.0054187244,0.011518848
-0.01583736,0.0140479235,0.010947903,0.0008946052,0.003757088,-0.00029973255,0.016406551,0.018130101,-0.0094794035,-0.0037973858,0.0018329826,-0.010235011,-0.015154759,0.007386979,0.018997634,0.007448165,0.00015694002,-0.018723289,-0.0018237144,0.00028820348,-0.0045562023,-0.020735385,-0.0070062024,-0.013525896,-0.004687285,0.003182461,-0.017545,-0.019460281,-0.009754676,0.011125533,0.009179794,0.025150761
-0.008927064,0.012080252,0.014254824,0.0011684903,-0.0031867498,0.008892878,0.009650002,0.009410463,-0.010662627,-0.018801272,0.008149287,-0.0049284496,-0.0065015643,-0.009570864,0.008381405,0.01233736,-0.0021446138,-0.0065452373,-0.01236047,0.01313729,0.015098985,-0.0014658356,-0.00877124,-0.0057819774,-0.012725225,0.0133246705,-0.009910518,0.003938649,0.014742111,0.0018045611,0.0054187244,0.011518848
-0.01583736,0.0140479235,0.010947903,0.0008946052,0.003757088,-0.00029973255,0.016406551,0.018130101,-0.0094794035,-0.0037973858,0.0018329826,-0.010235011,-0.015154759,0.007386979,0.018997634,0.007448165,0.00015694002,-0.018723289,-0.0018237144,0.00028820348,-0.0045562023,-0.020735385,-0.0070062024,-0.013525896,-0.004687285,0.003182461,-0.017545,-0.019460281,-0.009754676,0.011125533,0.009179794,0.025150761
-0.008927064,0.012080252,0.014254824,0.0011684903,-0.0031867498,0.008892878,0.009650002,0.009410463,-0.010662627,-0.018801272,0.008149287,-0.0049284496,-0.0065015643,-0.009570864,0.008381405,0.01233736,-0.0021446138,-0.0065452373,-0.01236047,0.01313729,0.015098985,-0.0014658356,-0.00877124,-0.0057819774,-0.012725225,0.0133246705,-0.009910518,0.003938649,0.014742111,0.0018045611,0.0054187244,0.011518848
-0.01583736,0.0140479235,0.010947903,0.0008946052,0.003757088,-0.00029973255,0.016406551,0.018130101,-0.0094794035,-0.0037973858,0.0018329826,-0.010235011,-0.015154759,0.007386979,0.018997634,0.007448165,0.00015694002,-0.018723289,-0.0018237144,0.00028820348,-0.0045562023,-0.020735385,-0.0070062024,-0.013525896,-0.004687285,0.003182461,-0.017545,-0.019460281,-0.009754676,0.011125533,0.009179794,0.025150761
-0.008927064,0.012080252,0.014254824,0.0011684903,-0.0031867498,0.008892878,0.009650002,0.009410463,-0.010662627,-0.018801272,0.008149287,-0.0049284496,-0.0065015643,-0.009570864,0.008381405,0.01233736,-0.0021446138,-0.0065452373,-0.01236047,0.01313729,0.015098985,-0.0014658356,-0.00877124,-0.0057819774,-0.012725225,0.0133246705,-0.009910518,0.003938649,0.014742111,0.0018045611,0.0054187244,0.011518848
-0.01583736,0.0140479235,0.010947903,0.0008946052,0.003757088,-0.00029973255,0.016406551,0.018130101,-0.0094794035,-0.0037973858,0.0018329826,-0.010235011,-0.015154759,0.007386979,0.018997634,0.007448165,0.00015694002,-0.018723289,-0.0018237144,0.00028820348,-0.0045562023,-0.020735385,-0.0070062024,-0.013525896,-0.004687285,0.003182461,-0.017545,-0.019460281,-0.009754676,0.011125533,0.009179794,0.025150761
-0.008927064,0.012080252,0.014254824,0.0011684903,-0.0031867498,0.008892878,0.009650002,0.009410463,-0.010662627,-0.018801272,0.008149287,-0.0049284496,-0.0065015643,-0.009570864,0.008381405,0.01233736,-0.0021446138,-0.0065452373,-0.01236047,0.01313729,0.015098985,-0.0014658356,-0.00877124,-0.0057819774,-0.012725225,0.0133246705,-0.009910518,0.003938649,0.014742111,0.0018045611,0.0054187244,0.011518848
-0.01583736,0.0140479235,0.010947903,0.0008946052,0.003757088,-0.00029973255,0.016406551,0.018130101,-0.0094794035,-0.0037973858,0.0018329826,-0.010235011,-0.015154759,0.007386979,0.018997634,0.007448165,0.00015694002,-0.018723289,-0.0018237144,0.00028820348,-0.0045562023,-0.020735385,-0.0070062024,-0.013525896,-0.004687285,0.003182461,-0.017545,-0.019460281,-0.009754676,0.011125533,0.009179794,0.025150761
-0.008927064,0.012080252,0.014254824,0.0011684903,-0.0031867498,0.008892878,0.009650002,0.009410463,-0.010662627,-0.018801272,0.008149287,-0.0049284496,-0.0065015643,-0.009570864,0.008381405,0.01233736,-0.0021446138,-0.0065452373,-0.01236047,0.01313729,0.015098985,-0.0014658356,-0.00877124,-0.0057819774,-0.012725225,0.0133246705,-0.009910518,0.003938649,0.014742111,0.0018045611,0.0054187244,0.011518848
-0.01583736,0.0140479235,0.010947903,0.0008946052,0.003757088,-0.00029973255,0.016406551,0.018130101,-0.0094794035,-0.0037973858,0.0018329826,-0.010235011,-0.015154759,0.007386979,0.018997634,0.007448165,0.00015694002,-0.018723289,-0.0018237144,0.00028820348,-0.0045562023,-0.020735385,-0.0070062024,-0.013525896,-0.004687285,0.003182461,-0.017545,-0.019460281,-0.009754676,0.011125533,0.009179794,0.025150761
-0.008927064,0.012080252,0.014254824,0.0011684903,-0.0031867498,0.008892878,0.009650002,0.009410463,-0.010662627,-0.018801272,0.008149287,-0.0049284496,-0.0065015643,-0.009570864,0.008381405,0.01233736,-0.0021446138,-0.0065452373,-0.01236047,0.01313729,0.015098985,-0.0014658356,-0.00877124,-0.0057819774,-0.012725225,0.0133246705,-0.009910518,0.003938649,0.014742111,0.0018045611,0.0054187244,0.011518848
0.49882543,0.12568311,0.343842,-0.018547606,0.67490715,0.4484081,0.06480793,0.30365014,-0.1991133,-0.002350693,-0.21679893,-0.35639337,-0.1373803,-0.7467954,0.54475147,-0.30255753,0.3188887,-0.4949515,-0.007421294,0.24416919,-0.23631862,0.15166706,-0.40868852,-0.19154999,-0.00406463,0.25552958,-0.2011365,0.12871289,0.30403727,0.09913727,-0.0008561993,-0.44086564
-0.8800417,-0.17177723,0.46582216,-0.15633795,0.034054857,0.19561256,0.11582898,-0.32063815,0.118091896,-0.2804443,0.39167193,0.35032645,-0.38767204,0.11111412,0.60169303,0.45164797,-0.21539822,0.26419336,0.06269153,-0.31129986,0.039792955,-0.117274195,-0.14751966,0.31915542,-0.29261538,0.011510028,-0.48231402,0.17239897,-0.04745635,0.10091839,0.50055057,0.078822896
0.37685606,-0.21109188,0.15382849,-0.042392362,-0.16812097,0.47414735,0.03032659,1.3725749,0.0026095985,-0.56200767,0.0022987234,-0.5039482,0.022981469,-0.32802635,-0.4012325,-0.25816143,0.046453413,0.17381294,0.25530612,0.28089955,0.0681007,-0.147621,-0.2713651,-0.41713977,0.29462308,-0.1480017,-0.45155448,-0.20622435,0.38821477,0.23570155,0.3762331,0.12602007
-0.44358727,-0.2394962,0.5887718,0.61951303,0.23205777,0.7228604,0.42362696,-0.48528445,0.13040218,-0.59119415,0.06315072,0.21858448,-0.3050112,0.47635588,-0.5060056,0.1231709,0.58476883,0.025502529,-0.32356662,-0.43221486,0.40048546,-0.043994498,0.082103476,-0.21754912,-0.3545429,-0.46102774,-0.31052864,-0.35847884,0.7609116,-0.38097706,0.48232204,0.33400223
0.18356332,-0.822426,-0.34750706,-0.11148125,-0.41262084,0.04152272,0.09469293,0.56413114,0.563376,-0.41077492,0.24621096,-0.093236655,-0.25370336,0.1950512,-0.04743699,-0.20050597,0.02678361,-0.13823049,-0.5836164,-0.5187182,0.31514668,-0.30955166,0.1303872,0.047810063,-0.15022726,-0.44509938,0.2987815,-0.08994295,0.24326815,0.21752146,0.1254191,0.043009035
-0.13813983,0.4818763,-0.2609865,-0.123355746,0.1747518,0.12285887,0.046775095,0.08444367,0.20632997,0.20843391,0.0117346635,0.118808776,-0.21167292,0.1460462,0.12607798,0.06975802,-0.31256306,0.12118138,0.03775481,-0.22081557,0.10180631,0.35056102,0.18836911,0.13115901,-0.43885252,0.09618613,0.118276425,-0.34382367,-0.11077034,-0.14254735,0.02369662,-0.33872527
-0.01583736,0.0140479235,0.010947903,0.0008946052,0.003757088,-0.00029973255,0.016406551,0.018130101,-0.0094794035,-0.0037973858,0.0018329826,-0.010235011,-0.015154759,0.007386979,0.018997634,0.007448165,0.00015694002,-0.018723289,-0.0018237144,0.00028820348,-0.0045562023,-0.020735385,-0.0070062024,-0.013525896,-0.004687285,0.003182461,-0.017545,-0.019460281,-0.009754676,0.011125533,0.009179794,0.025150761
-0.008927064,0.012080252,0.014254824,0.0011684903,-0.0031867498,0.008892878,0.009650002,0.009410463,-0.010662627,-0.018801272,0.008149287,-0.0049284496,-0.0065015643,-0.009570864,0.008381405,0.01233736,-0.0021446138,-0.0065452373,-0.01236047,0.01313729,0.015098985,-0.0014658356,-0.00877124,-0.0057819774,-0.012725225,0.0133246705,-0.009910518,0.003938649,0.014742111,0.0018045611,0.0054187244,0.011518848
-0.01583736,0.0140479235,0.010947903,0.0008946052,0.003757088,-0.00029973255,0.016406551,0.018130101,-0.0094794035,-0.0037973858,0.0018329826,-0.010235011,-0.015154759,0.007386979,0.018997634,0.007448165,0.00015694002,-0.018723289,-0.0018237144,0.00028820348,-0.0045562023,-0.020735385,-0.0070062024,-0.013525896,-0.004687285,0.003182461,-0.017545,-0.019460281,-0.009754676,0.011125533,0.009179794,0.025150761
-0.008927064,0.012080252,0.014254824,0.0011684903,-0.0031867498,0.008892878,0.009650002,0.009410463,-0.010662627,-0.018801272,0.008149287,-0.0049284496,-0.0065015643,-0.009570864,0.008381405,0.01233736,-0.0021446138,-0.0065452373,-0.01236047,0.01313729,0.015098985,-0.0014658356,-0.00877124,-0.0057819774,-0.012725225,0.0133246705,-0.009910518,0.003938649,0.014742111,0.0018045611,0.0054187244,0.011518848
-0.01583736,0.0140479235,0.010947903,0.0008946052,0.003757088,-0.00029973255,0.016406551,0.018130101,-0.0094794035,-0.0037973858,0.0018329826,-0.010235011,-0.015154759,0.007386979,0.018997634,0.007448165,0.00015694002,-0.018723289,-0.0018237144,0.00028820348,-0.0045562023,-0.020735385,-0.0070062024,-0.013525896,-0.004687285,0.003182461,-0.017545,-0.019460281,-0.009754676,0.011125533,0.009179794,0.025150761
-0.008927064,0.012080252,0.014254824,0.0011684903,-0.0031867498,0.008892878,0.009650002,0.009410463,-0.010662627,-0.018801272,0.008149287,-0.0049284496,-0.0065015643,-0.009570864,0.008381405,0.01233736,-0.0021446138,-0.0065452373,-0.01236047,0.01313729,0.015098985,-0.0014658356,-0.00877124,-0.0057819774,-0.012725225,0.0133246705,-0.009910518,0.003938649,0.014742111,0.0018045611,0.0054187244,0.011518848
-0.01583736,0.0140479235,0.010947903,0.0008946052,0.003757088,-0.00029973255,0.016406551,0.018130101,-0.0094794035,-0.0037973858,0.0018329826,-0.010235011,-0.015154759,0.007386979,0.018997634,0.007448165,0.00015694002,-0.018723289,-0.0018237144,0.00028820348,-0.0045562023,-0.020735385,-0.0070062024,-0.013525896,-0.004687285,0.003182461,-0.017545,-0.019460281,-0.009754676,0.011125533,0.009179794,0.025150761
-0.008927064,0.012080252,0.014254824,0.0011684903,-0.0031867498,0.008892878,0.009650002,0.009410463,-0.010662627,-0.018801272,0.008149287,-0.0049284496,-0.0065015643,-0.009570864,0.008381405,0.01233736,-0.0021446138,-0.0065452373,-0.01236047,0.01313729,0.015098985,-0.0014658356,-0.00877124,-0.0057819774,-0.012725225,0.0133246705,-0.009910518,0.003938649,0.014742111,0.0018045611,0.0054187244,0.011518848
-0.01583736,0.0140479235,0.010947903,0.0008946052,0.003757088,-0.00029973255,0.016406551,0.018130101,-0.0094794035,-0.0037973858,0.0018329826,-0.010235011,-0.015154759,0.007386979,0.018997634,0.007448165,0.00015694002,-0.018723289,-0.0018237144,0.00028820348,-0.0045562023,-0.020735385,-0.0070062024,-0.013525896,-0.004687285,0.003182461,-0.017545,-0.019460281,-0.009754676,0.011125533,0.009179794,0.025150761
-0.008927064,0.012080252,0.014254824,0.0011684903,-0.0031867498,0.008892878,0.009650002,0.009410463,-0.010662627,-0.018801272,0.008149287,-0.0049284496,-0.0065015643,-0.009570864,0.008381405,0.01233736,-0.0021446138,-0.0065452373,-0.01236047,0.01313729,0.015098985,-0.0014658356,-0.00877124,-0.0057819774,-0.012725225,0.0133246705,-0.009910518,0.003938649,0.014742111,0.0018045611,0.0054187244,0.011518848
-0.01583736,0.0140479235,0.010947903,0.0008946052,0.003757088,-0.00029973255,0.016406551,0.018130101,-0.0094794035,-0.0037973858,0.0018329826,-0.010235011,-0.015154759,0.007386979,0.018997634,0.007448165,0.00015694002,-0.018723289,-0.0018237144,0.00028820348,-0.0045562023,-0.020735385,-0.0070062024,-0.013525896,-0.004687285,0.003182461,-0.017545,-0.019460281,-0.009754676,0.011125533,0.009179794,0.025150761
-0.008927064,0.012080252,0.014254824,0.0011684903,-0.0031867498,0.008892878,0.009650002,0.009410463,-0.010662627,-0.018801272,0.008149287,-0.0049284496,-0.0065015643,-0.009570864,0.008381405,0.01233736,-0.0021446138,-0.0065452373,-0.01236047,0.01313729,0.015098985,-0.0014658356,-0.00877124,-0.0057819774,-0.012725225,0.0133246705,-0.009910518,0.003938649,0.014742111,0.0018045611,0.0054187244,0.011518848
-0.01583736,0.0140479235,0.010947903,0.0008946052,0.003757088,-0.00029973255,0.016406551,0.018130101,-0.0094794035,-0.0037973858,0.0018329826,-0.010235011,-0.015154759,0.007386979,0.018997634,0.007448165,0.00015694002,-0.018723289,-0.0018237144,0.00028820348,-0.0045562023,-0.020735385,-0.0070062024,-0.013525896,-0.004687285,0.003182461,-0.017545,-0.019460281,-0.009754676,0.011125533,0.009179794,0.025150761
-0.008927064,0.012080252,0.014254824,0.0011684903,-0.0031867498,0.008892878,0.009650002,0.009410463,-0.010662627,-0.018801272,0.008149287,-0.0049284496,-0.0065015643,-0.009570864,0.008381405,0.01233736,-0.0021446138,-0.0065452373,-0.01236047,0.01313729,0.015098985,-0.0014658356,-0.00877124,-0.0057819774,-0.012725225,0.0133246705,-0.009910518,0.003938649,0.014742111,0.0018045611,0.0054187244,0.011518848
-0.01583736,0.0140479235,0.010947903,0.0008946052,0.003757088,-0.00029973255,0.016406551,0.018130101,-0.0094794035,-0.0037973858,0.0018329826,-0.010235011,-0.015154759,0.007386979,0.018997634,0.007448165,0.00015694002,-0.018723289,-0.0018237144,0.00028820348,-0.0045562023,-0.020735385,-0.0070062024,-0.013525896,-0.004687285,0.003182461,-0.017545,-0.019460281,-0.009754676,0.011125533,0.009179794,0.025150761
-0.008927064,0.012080252,0.014254824,0.0011684903,-0.0031867498,0.008892878,0.009650002,0.009410463,-0.010662627,-0.018801272,0.008149287,-0.0049284496,-0.0065015643,-0.009570864,0.008381405,0.01233736,-0.0021446138,-0.0065452373,-0.01236047,0.01313729,0.015098985,-0.0014658356,-0.00877124,-0.0057819774,-0.012725225,0.0133246705,-0.009910518,0.003938649,0.014742111,0.0018045611,0.0054187244,0.011518848
-0.01583736,0.0140479235,0.010947903,0.0008946052,0.003757088,-0.00029973255,0.016406551,0.018130101,-0.0094794035,-0.0037973858,0.0018329826,-0.010235011,-0.015154759,0.007386979,0.018997634,0.007448165,0.00015694002,-0.018723289,-0.0018237144,0.00028820348,-0.0045562023,-0.020735385,-0.0070062024,-0.013525896,-0.004687285,0.003182461,-0.017545,-0.019460281,-0.009754676,0.011125533,0.009179794,0.025150761
-0.008927064,0.012080252,0.014254824,0.0011684903,-0.0031867498,0.008892878,0.009650002,0.009410463,-0.010662627,-0.018801272,0.008149287,-0.0049284496,-0.0065015643,-0.009570864,0.008381405,0.01233736,-0.0021446138,-0.0065452373,-0.01236047,0.01313729,0.015098985,-0.0014658356,-0.00877124,-0.0057819774,-0.012725225,0.0133246705,-0.009910518,0.003938649,0.014742111,0.0018045611,0.0054187244,0.011518848
-0.01583736,0.0140479235,0.010947903,0.0008946052,0.003757088,-0.00029973255,0.016406551,0.018130101,-0.0094794035,-0.0037973858,0.0018329826,-0.010235011,-0.015154759,0.007386979,0.018997634,0.007448165,0.00015694002,-0.018723289,-0.0018237144,0.00028820348,-0.0045562023,-0.020735385,-0.0070062024,-0.013525896,-0.004687285,0.003182461,-0.017545,-0.019460281,-0.009754676,0.011125533,0.009179794,0.025150761
-0.008927064,0.012080252,0.014254824,0.0011684903,-0.0031867498,0.008892878,0.009650002,0.009410463,-0.010662627,-0.018801272,0.008149287,-0.0049284496,-0.0065015643,-0.009570864,0.008381405,0.01233736,-0.0021446138,-0.0065452373,-0.01236047,0.01313729,0.015098985,-0.0014658356,-0.00877124,-0.0057819774,-0.012725225,0.0133246705,-0.009910518,0.003938649,0.014742111,0.0018045611,0.0054187244,0.011518848
-0.01583736,0.0140479235,0.010947903,0.0008946052,0.003757088,-0.00029973255,0.016406551,0.018130101,-0.0094794035,-0.0037973858,0.0018329826,-0.010235011,-0.015154759,0.007386979,0.018997634,0.007448165,0.00015694002,-0.018723289,-0.0018237144,0.00028820348,-0.0045562023,-0.020735385,-0.0070062024,-0.013525896,-0.004687285,0.003182461,-0.017545,-0.019460281,-0.009754676,0.011125533,0.009179794,0.025150761
-0.008927064,0.012080252,0.014254824,0.0011684903,-0.0031867498,0.008892878,0.009650002,0.009410463,-0.010662627,-0.018801272,0.008149287,-0.0049284496,-0.0065015643,-0.009570864,0.008381405,0.01233736,-0.0021446138,-0.0065452373,-0.01236047,0.01313729,0.015098985,-0.0014658356,-0.00877124,-0.0057819774,-0.012725225,0.0133246705,-0.009910518,0.003938649,0.014742111,0.0018045611,0.0054187244,0.011518848
-0.01583736,0.0140479235,0.010947903,0.0008946052,0.003757088,-0.00029973255,0.016406551,0.018130101,-0.0094794035,-0.0037973858,0.0018329826,-0.010235011,-0.015154759,0.007386979,0.018997634,0.007448165,0.00015694002,-0.018723289,-0.0018237144,0.00028820348,-0.0045562023,-0.020735385,-0.0070062024,-0.013525896,-0.004687285,0.003182461,-0.017545,-0.019460281,-0.009754676,0.011125533,0.009179794,0.025150761
-0.008927064,0.012080252,0.014254824,0.0011684903,-0.0031867498,0.008892878,0.009650002,0.009410463,-0.010662627,-0.018801272,0.008149287,-0.0049284496,-0.0065015643,-0.009570864,0.008381405,0.01233736,-0.0021446138,-0.0065452373,-0.01236047,0.01313729,0.015098985,-0.0014658356,-0.00877124,-0.0057819774,-0.012725225,0.0133246705,-0.009910518,0.003938649,0.014742111,0.0018045611,0.0054187244,0.011518848
-0.01583736,0.0140479235,0.010947903,0.0008946052,0.003757088,-0.00029973255,0.016406551,0.018130101,-0.0094794035,-0.0037973858,0.0018329826,-0.010235011,-0.015154759,0.007386979,0.018997634,0.007448165,0.00015694002,-0.018723289,-0.0018237144,0.00028820348,-0.0045562023,-0.020735385,-0.0070062024,-0.013525896,-0.004687285,0.003182461,-0.017545,-0.019460281,-0.009754676,0.011125533,0.009179794,0.025150761
-0.008927064,0.012080252,0.014254824,0.0011684903,-0.0031867498,0.008892878,0.009650002,0.009410463,-0.010662627,-0.018801272,0.008149287,-0.0049284496,-0.0065015643,-0.009570864,0.008381405,0.01233736,-0.0021446138,-0.0065452373,-0.01236047,0.01313729,0.015098985,-0.0014658356,-0.00877124,-0.0057819774,-0.012725225,0.0133246705,-0.009910518,0.003938649,0.014742111,0.0018045611,0.0054187244,0.011518848
-0.01583736,0.0140479235,0.010947903,0.0008946052,0.003757088,-0.00029973255,0.016406551,0.018130101,-0.0094794035,-0.0037973858,0.0018329826,-0.010235011,-0.015154759,0.007386979,0.018997634,0.007448165,0.00015694002,-0.018723289,-0.0018237144,0.00028820348,-0.0045562023,-0.020735385,-0.0070062024,-0.013525896,-0.004687285,0.003182461,-0.017545,-0.019460281,-0.009754676,0.011125533,0.009179794,0.025150761
-0.008927064,0.012080252,0.014254824,0.0011684903,-0.0031867498,0.008892878,0.009650002,0.009410463,-0.010662627,-0.018801272,0.008149287,-0.0049284496,-0.0065015643,-0.009570864,0.008381405,0.01233736,-0.0021446138,-0.0065452373,-0.01236047,0.01313729,0.015098985,-0.0014658356,-0.00877124,-0.0057819774,-0.012725225,0.0133246705,-0.009910518,0.003938649,0.014742111,0.0018045611,0.0054187244,0.011518848
-0.01583736,0.0140479235,0.010947903,0.0008946052,0.003757088,-0.00029973255,0.016406551,0.018130101,-0.0094794035,-0.0037973858,0.0018329826,-0.010235011,-0.015154759,0.007386979,0.018997634,0.007448165,0.00015694002,-0.018723289,-0.0018237144,0.00028820348,-0.0045562023,-0.020735385,-0.0070062024,-0.013525896,-0.004687285,0.003182461,-0.017545,-0.019460281,-0.009754676,0.011125533,0.009179794,0.025150761
-0.008927064,0.012080252,0.014254824,0.0011684903,-0.0031867498,0.008892878,0.009650002,0.009410463,-0.010662627,-0.018801272,0.008149287,-0.0049284496,-0.0065015643,-0.009570864,0.008381405,0.01233736,-0.0021446138,-0.0065452373,-0.01236047,0.01313729,0.015098985,-0.0014658356,-0.00877124,-0.0057819774,-0.012725225,0.0133246705,-0.009910518,0.003938649,0.014742111,0.0018045611,0.0054187244,0.011518848
-0.01583736,0.0140479235,0.010947903,0.0008946052,0.003757088,-0.00029973255,0.016406551,0.018130101,-0.0094794035,-0.0037973858,0.0018329826,-0.010235011,-0.015154759,0.007386979,0.018997634,0.007448165,0.00015694002,-0.018723289,-0.0018237144,0.00028820348,-0.0045562023,-0.020735385,-0.0070062024,-0.013525896,-0.004687285,0.003182461,-0.017545,-0.019460281,-0.009754676,0.011125533,0.009179794,0.025150761
-0.008927064,0.012080252,0.014254824,0.0011684903,-0.0031867498,0.008892878,0.009650002,0.009410463,-0.010662627,-0.018801272,0.008149287,-0.0049284496,-0.0065015643,-0.009570864,0.008381405,0.01233736,-0.0021446138,-0.0065452373,-0.01236047,0.01313729,0.015098985,-0.0014658356,-0.00877124,-0.0057819774,-0.012725225,0.0133246705,-0.009910518,0.003938649,0.014742111,0.0018045611,0.0054187244,0.011518848
-0.01583736,0.0140479235,0.010947903,0.0008946052,0.003757088,-0.00029973255,0.016406551,0.018130101,-0.0094794035,-0.0037973858,0.0018329826,-0.010235011,-0.015154759,0.007386979,0.018997634,0.007448165,0.00015694002,-0.018723289,-0.0018237144,0.00028820348,-0.0045562023,-0.020735385,-0.0070062024,-0.013525896,-0.004687285,0.003182461,-0.017545,-0.019460281,-0.009754676,0.011125533,0.009179794,0.025150761
-0.008927064,0.012080252,0.014254824,0.0011684903,-0.0031867498,0.008892878,0.009650002,0.009410463,-0.010662627,-0.018801272,0.008149287,-0.0049284496,-0.0065015643,-0.009570864,0.008381405,0.01233736,-0.0021446138,-0.0065452373,-0.01236047,0.01313729,0.015098985,-0.0014658356,-0.00877124,-0.0057819774,-0.012725225,0.0133246705,-0.009910518,0.003938649,0.014742111,0.0018045611,0.0054187244,0.011518848
-0.01583736,0.0140479235,0.010947903,0.0008946052,0.003757088,-0.00029973255,0.016406551,0.018130101,-0.0094794035,-0.0037973858,0.0018329826,-0.010235011,-0.015154759,0.007386979,0.018997634,0.007448165,0.00015694002,-0.018723289,-0.0018237144,0.00028820348,-0.0045562023,-0.020735385,-0.0070062024,-0.013525896,-0.004687285,0.003182461,-0.017545,-0.019460281,-0.009754676,0.011125533,0.009179794,0.025150761
-0.008927064,0.012080252,0.014254824,0.0011684903,-0.0031867498,0.008892878,0.009650002,0.009410463,-0.010662627,-0.018801272,0.008149287,-0.0049284496,-0.0065015643,-0.009570864,0.008381405,0.01233736,-0.0021446138,-0.0065452373,-0.01236047,0.01313729,0.015098985,-0.0014658356,-0.00877124,-0.0057819774,-0.012725225,0.0133246705,-0.009910518,0.003938649,0.014742111,0.0018045611,0.0054187244,0.011518848
-0.01583736,0.0140479235,0.010947903,0.0008946052,0.003757088,-0.00029973255,0.016406551,0.018130101,-0.0094794035,-0.0037973858,0.0018329826,-0.010235011,-0.015154759,0.007386979,0.018997634,0.007448165,0.00015694002,-0.018723289,-0.0018237144,0.00028820348,-0.0045562023,-0.020735385,-0.0070062024,-0.013525896,-0.004687285,0.003182461,-0.017545,-0.019460281,-0.009754676,0.011125533,0.009179794,0.025150761
-0.008927064,0.012080252,0.014254824,0.0011684903,-0.0031867498,0.008892878,0.009650002,0.009410463,-0.010662627,-0.018801272,0.008149287,-0.0049284496,-0.0065015643,-0.009570864,0.008381405,0.01233736,-0.0021446138,-0.0065452373,-0.01236047,0.01313729,0.015098985,-0.0014658356,-0.00877124,-0.0057819774,-0.012725225,0.0133246705,-0.009910518,0.003938649,0.014742111,0.0018045611,0.0054187244,0.011518848
-0.01583736,0.0140479235,0.010947903,0.0008946052,0.003757088,-0.00029973255,0.016406551,0.018130101,-0.0094794035,-0.0037973858,0.0018329826,-0.010235011,-0.015154759,0.007386979,0.018997634,0.007448165,0.00015694002,-0.018723289,-0.0018237144,0.00028820348,-0.0045562023,-0.020735385,-0.0070062024,-0.013525896,-0.004687285,0.003182461,-0.017545,-0.019460281,-0.009754676,0.011125533,0.009179794,0.025150761
-0.008927064,0.012080252,0.014254824,0.0011684903,-0.0031867498,0.008892878,0.009650002,0.009410463,-0.010662627,-0.018801272,0.008149287,-0.0049284496,-0.0065015643,-0.009570864,0.008381405,0.01233736,-0.0021446138,-0.0065452373,-0.01236047,0.01313729,0.015098985,-0.0014658356,-0.00877124,-0.0057819774,-0.012725225,0.0133246705,-0.009910518,0.003938649,0.014742111,0.0018045611,0.0054187244,0.011518848
-0.01583736,0.0140479235,0.010947903,0.0008946052,0.003757088,-0.00029973255,0.016406551,0.018130101,-0.0094794035,-0.0037973858,0.0018329826,-0.010235011,-0.015154759,0.007386979,0.018997634,0.007448165,0.00015694002,-0.018723289,-0.0018237144,0.00028820348,-0.0045562023,-0.020735385,-0.0070062024,-0.013525896,-0.004687285,0.003182461,-0.017545,-0.019460281,-0.009754676,0.011125533,0.009179794,0.025150761
-0.008927064,0.012080252,0.014254824,0.0011684903,-0.0031867498,0.008892878,0.009650002,0.009410463,-0.010662627,-0.018801272,0.008149287,-0.0049284496,-0.0065015643,-0.009570864,0.008381405,0.01233736,-0.0021446138,-0.0065452373,-0.01236047,0.01313729,0.015098985,-0.0014658356,-0.00877124,-0.0057819774,-0.012725225,0.0133246705,-0.009910518,0.003938649,0.014742111,0.0018045611,0.0054187244,0.011518848
-0.01583736,0.0140479235,0.010947903,0.0008946052,0.003757088,-0.00029973255,0.016406551,0.018130101,-0.0094794035,-0.0037973858,0.0018329826,-0.010235011,-0.015154759,0.007386979,0.018997634,0.007448165,0.00015694002,-0.018723289,-0.0018237144,0.00028820348,-0.0045562023,-0.020735385,-0.0070062024,-0.013525896,-0.004687285,0.003182461,-0.017545,-0.019460281,-0.009754676,0.011125533,0.009179794,0.025150761
-0.008927064,0.012080252,0.014254824,0.0011684903,-0.0031867498,0.008892878,0.009650002,0.009410463,-0.010662627,-0.018801272,0.008149287,-0.0049284496,-0.0065015643,-0.009570864,0.008381405,0.01233736,-0.0021446138,-0.0065452373,-0.01236047,0.01313729,0.015098985,-0.0014658356,-0.00877124,-0.0057819774,-0.012725225,0.0133246705,-0.009910518,0.003938649,0.014742111,0.0018045611,0.0054187244,0.011518848
-0.01583736,0.0140479235,0.010947903,0.0008946052,0.003757088,-0.00029973255,0.016406551,0.018130101,-0.0094794035,-0.0037973858,0.0018329826,-0.010235011,-0.015154759,0.007386979,0.018997634,0.007448165,0.00015694002,-0.018723289,-0.0018237144,0.00028820348,-0.0045562023,-0.020735385,-0.0070062024,-0.013525896,-0.004687285,0.003182461,-0.017545,-0.019460281,-0.009754676,0.011125533,0.009179794,0.025150761
-0.008927064,0.012080252,0.014254824,0.0011684903,-0.0031867498,0.008892878,0.009650002,0.009410463,-0.010662627,-0.018801272,0.008149287,-0.0049284496,-0.0065015643,-0.009570864,0.008381405,0.01233736,-0.0021446138,-0.0065452373,-0.01236047,0.01313729,0.015098985,-0.0014658356,-0.00877124,-0.0057819774,-0.012725225,0.0133246705,-0.009910518,0.003938649,0.014742111,0.0018045611,0.0054187244,0.011518848
-0.01583736,0.0140479235,0.010947903,0.0008946052,0.003757088,-0.00029973255,0.016406551,0.018130101,-0.0094794035,-0.0037973858,0.0018329826,-0.010235011,-0.015154759,0.007386979,0.018997634,0.007448165,0.00015694002,-0.018723289,-0.0018237144,0.00028820348,-0.0045562023,-0.020735385,-0.0070062024,-0.013525896,-0.004687285,0.003182461,-0.017545,-0.019460281,-0.009754676,0.011125533,0.009179794,0.025150761
-0.008927064,0.012080252,0.014254824,0.0011684903,-0.0031867498,0.008892878,0.009650002,0.009410463,-0.010662627,-0.018801272,0.008149287,-0.0049284496,-0.0065015643,-0.009570864,0.008381405,0.01233736,-0.0021446138,-0.0065452373,-0.01236047,0.01313729,0.015098985,-0.0014658356,-0.00877124,-0.0057819774,-0.012725225,0.0133246705,-0.009910518,0.003938649,0.014742111,0.0018045611,0.0054187244,0.011518848
-0.01583736,0.0140479235,0.010947903,0.0008946052,0.003757088,-0.00029973255,0.016406551,0.018130101,-0.0094794035,-0.0037973858,0.0018329826,-0.010235011,-0.015154759,0.007386979,0.018997634,0.007448165,0.00015694002,-0.018723289,-0.0018237144,0.00028820348,-0.0045562023,-0.020735385,-0.0070062024,-0.013525896,-0.004687285,0.003182461,-0.017545,-0.019460281,-0.009754676,0.011125533,0.009179794,0.025150761
-0.008927064,0.012080252,0.014254824,0.0011684903,-0.0031867498,0.008892878,0.009650002,0.009410463,-0.010662627,-0.018801272,0.008149287,-0.0049284496,-0.0065015643,-0.009570864,0.008381405,0.01233736,-0.0021446138,-0.0065452373,-0.01236047,0.01313729,0.015098985,-0.0014658356,-0.00877124,-0.0057819774,-0.012725225,0.0133246705,-0.009910518,0.003938649,0.014742111,0.0018045611,0.0054187244,0.011518848
-0.01583736,0.0140479235,0.010947903,0.0008946052,0.003757088,-0.00029973255,0.016406551,0.018130101,-0.0094794035,-0.0037973858,0.0018329826,-0.010235011,-0.015154759,0.007386979,0.018997634,0.007448165,0.00015694002,-0.018723289,-0.0018237144,0.00028820348,-0.0045562023,-0.020735385,-0.0070062024,-0.013525896,-0.004687285,0.003182461,-0.017545,-0.019460281,-0.009754676,0.011125533,0.009179794,0.025150761
-0.008927064,0.012080252,0.014254824,0.0011684903,-0.0031867498,0.008892878,0.009650002,0.009410463,-0.010662627,-0.018801272,0.008149287,-0.0049284496,-0.0065015643,-0.009570864,0.008381405,0.01233736,-0.0021446138,-0.0065452373,-0.01236047,0.01313729,0.015098985,-0.0014658356,-0.00877124,-0.0057819774,-0.012725225,0.0133246705,-0.009910518,0.003938649,0.014742111,0.0018045611,0.0054187244,0.011518848
-0.01583736,0.0140479235,0.010947903,0.0008946052,0.003757088,-0.00029973255,0.016406551,0.018130101,-0.0094794035,-0.0037973858,0.0018329826,-0.010235011,-0.015154759,0.007386979,0.018997634,0.007448165,0.00015694002,-0.018723289,-0.0018237144,0.00028820348,-0.0045562023,-0.020735385,-0.0070062024,-0.013525896,-0.004687285,0.003182461,-0.017545,-0.019460281,-0.009754676,0.011125533,0.009179794,0.025150761
-0.008927064,0.012080252,0.014254824,0.0011684903,-0.0031867498,0.008892878,0.009650002,0.009410463,-0.010662627,-0.018801272,0.008149287,-0.0049284496,-0.0065015643,-0.009570864,0.008381405,0.01233736,-0.0021446138,-0.0065452373,-0.01236047,0.01313729,0.015098985,-0.0014658356,-0.00877124,-0.0057819774,-0.012725225,0.0133246705,-0.009910518,0.003938649,0.014742111,0.0018045611,0.0054187244,0.011518848
-0.01583736,0.0140479235,0.010947903,0.0008946052,0.003757088,-0.00029973255,0.016406551,0.018130101,-0.0094794035,-0.0037973858,0.0018329826,-0.010235011,-0.015154759,0.007386979,0.018997634,0.007448165,0.00015694002,-0.018723289,-0.0018237144,0.00028820348,-0.0045562023,-0.020735385,-0.0070062024,-0.013525896,-0.004687285,0.003182461,-0.017545,-0.019460281,-0.009754676,0.011125533,0.009179794,0.025150761
-0.008927064,0.012080252,0.014254824,0.0011684903,-0.0031867498,0.008892878,0.009650002,0.009410463,-0.010662627,-0.018801272,0.008149287,-0.0049284496,-0.0065015643,-0.009570864,0.008381405,0.01233736,-0.0021446138,-0.0065452373,-0.01236047,0.01313729,0.015098985,-0.0014658356,-0.00877124,-0.0057819774,-0.012725225,0.0133246705,-0.009910518,0.003938649,0.014742111,0.0018045611,0.0054187244,0.011518848
0.28922215,-0.17304288,-0.21771735,0.28270957,0.38059556,-0.050945092,0.080924734,-0.08744544,0.3856847,0.09759323,-0.10512819,-0.26525554,-0.15375093,-0.5168256,0.10241201,-0.047385577,-0.08484333,-0.8620099,0.1663434,0.83640695,-0.6922332,0.3345953,-0.32650757,-0.74907887,-0.37373045,-0.036615808,-0.0012363642,-0.059778564,-0.22772062,0.05067332,-0.1143501,-0.06510492
-0.41176733,0.12363405,-0.06840784,0.50234765,0.38193592,0.03160024,-0.4474486,-0.006197788,-0.65444994,-0.43389985,0.51949,0.5620044,-0.40628907,0.23370516,0.8135279,0.48175275,0.10661763,0.25348014,-0.1361697,0.037747834,0.42604336,0.0337202,-0.25781587,0.14095293,-0.27797577,0.42519513,-0.23157728,-0.049329747,-0.27500722,-0.16216716,0.019266356,0.25468856
-0.05555784,-0.4176135,-0.4395082,-0.5691561,-0.25981304,-0.108665116,0.020912139,0.5643751,-0.052229002,-0.035950344,-0.30926567,-0.3136223,0.23592393,-0.11758305,-0.18476409,-0.0006420142,0.1867891,0.25745335,0.27090394,0.0844879,0.24973223,0.06641346,-0.24747398,-0.629724,-0.042255223,-0.23497091,0.16028908,-0.0500758,-0.2514871,0.3587648,-0.3324041,-0.06141471
-0.13587043,-0.05751718,0.42089954,0.44016793,0.57481056,0.15910405,0.224257,-0.45765236,-0.24117264,-0.9361784,0.43042028,-0.22049676,-0.23014271,1.0641153,0.01413712,0.49842376,0.52775526,-0.32540268,-0.5827706,-0.017342703,0.6169131,0.36085588,-0.027130987,0.02012726,-0.40787017,-0.41477007,-0.4454382,-0.37350217,0.094178714,-0.56122863,0.34117973,0.48873502
-0.68650895,-0.0768642,0.13555431,-0.35146773,-0.27829626,-0.10536094,0.20428348,0.74610645,0.41179207,-0.20023149,0.08905478,-0.2662138,0.27637568,0.5155576,-0.6442273,0.30364978,-0.2267322,0.14016025,-0.19683631,0.041045323,0.3512049,-0.035211496,0.22063425,-0.08922646,-0.19248828,0.17653644,-0.092841394,-0.1706324,-0.18683104,0.04242964,0.07114642,-0.26937854
-0.026031202,0.68517935,0.06934309,-0.13569865,0.21592557,-0.08443611,0.50034124,-0.21532264,0.115382716,0.19448486,-0.08075003,-0.103088595,-0.17690581,0.5011202,0.32683417,-0.121370986,0.12518294,0.25020504,0.0576979,-0.16077547,0.30534202,0.10330205,-0.065375224,0.18544346,-0.05174642,-0.23599413,-0.24715409,-0.013654374,0.12543072,-0.24464267,0.38215762,0.19241391
-0.01583736,0.0140479235,0.010947903,0.0008946052,0.003757088,-0.00029973255,0.016406551,0.018130101,-0.0094794035,-0.0037973858,0.0018329826,-0.010235011,-0.015154759,0.007386979,0.018997634,0.007448165,0.00015694002,-0.018723289,-0.0018237144,0.00028820348,-0.0045562023,-0.020735385,-0.0070062024,-0.013525896,-0.004687285,0.003182461,-0.017545,-0.019460281,-0.009754676,0.011125533,0.009179794,0.025150761
-0.008927064,0.012080252,0.014254824,0.0011684903,-0.0031867498,0.008892878,0.009650002,0.009410463,-0.010662627,-0.018801272,0.008149287,-0.0049284496,-0.0065015643,-0.009570864,0.008381405,0.01233736,-0.0021446138,-0.0065452373,-0.01236047,0.01313729,0.015098985,-0.0014658356,-0.00877124,-0.0057819774,-0.012725225,0.0133246705,-0.009910518,0.003938649,0.014742111,0.0018045611,0.0054187244,0.011518848
-0.01583736,0.0140479235,0.010947903,0.0008946052,0.003757088,-0.00029973255,0.016406551,0.018130101,-0.0094794035,-0.0037973858,0.0018329826,-0.010235011,-0.015154759,0.007386979,0.018997634,0.007448165,0.00015694002,-0.018723289,-0.0018237144,0.00028820348,-0.0045562023,-0.020735385,-0.0070062024,-0.013525896,-0.004687285,0.003182461,-0.017545,-0.019460281,-0.009754676,0.011125533,0.009179794,0.025150761
-0.008927064,0.012080252,0.014254824,0.0011684903,-0.0031867498,0.008892878,0.009650002,0.009410463,-0.010662627,-0.018801272,0.008149287,-0.0049284496,-0.0065015643,-0.009570864,0.008381405,0.01233736,-0.0021446138,-0.0065452373,-0.01236047,0.01313729,0.015098985,-0.0014658356,-0.00877124,-0.0057819774,-0.012725225,0.0133246705,-0.009910518,0.003938649,0.014742111,0.0018045611,0.0054187244,0.011518848
-0.01583736,0.0140479235,0.010947903,0.0008946052,0.003757088,-0.00029973255,0.016406551,0.018130101,-0.0094794035,-0.0037973858,0.0018329826,-0.010235011,-0.015154759,0.007386979,0.018997634,0.007448165,0.00015694002,-0.018723289,-0.0018237144,0.00028820348,-0.0045562023,-0.020735385,-0.0070062024,-0.013525896,-0.004687285,0.003182461,-0.017545,-0.019460281,-0.009754676,0.011125533,0.009179794,0.025150761
-0.008927064,0.012080252,0.014254824,0.0011684903,-0.0031867498,0.008892878,0.009650002,0.009410463,-0.010662627,-0.018801272,0.008149287,-0.0049284496,-0.0065015643,-0.009570864,0.008381405,0.01233736,-0.0021446138,-0.0065452373,-0.01236047,0.01313729,0.015098985,-0.0014658356,-0.00877124,-0.0057819774,-0.012725225,0.0133246705,-0.009910518,0.003938649,0.014742111,0.0018045611,0.0054187244,0.011518848
-0.01583736,0.0140479235,0.010947903,0.0008946052,0.003757088,-0.00029973255,0.016406551,0.018130101,-0.0094794035,-0.0037973858,0.0018329826,-0.010235011,-0.015154759,0.007386979,0.018997634,0.007448165,0.00015694002,-0.018723289,-0.0018237144,0.00028820348,-0.0045562023,-0.020735385,-0.0070062024,-0.013525896,-0.004687285,0.003182461,-0.017545,-0.019460281,-0.009754676,0.011125533,0.009179794,0.025150761
-0.008927064,0.012080252,0.014254824,0.0011684903,-0.0031867498,0.008892878,0.009650002,0.009410463,-0.010662627,-0.018801272,0.008149287,-0.0049284496,-0.0065015643,-0.009570864,0.008381405,0.01233736,-0.0021446138,-0.0065452373,-0.01236047,0.01313729,0.015098985,-0.0014658356,-0.00877124,-0.0057819774,-0.012725225,0.0133246705,-0.009910518,0.003938649,0.014742111,0.0018045611,0.0054187244,0.011518848
-0.01583736,0.0140479235,0.010947903,0.0008946052,0.003757088,-0.00029973255,0.016406551,0.018130101,-0.0094794035,-0.0037973858,0.0018329826,-0.010235011,-0.015154759,0.007386979,0.018997634,0.007448165,0.00015694002,-0.018723289,-0.0018237144,0.00028820348,-0.0045562023,-0.020735385,-0.0070062024,-0.013525896,-0.004687285,0.003182461,-0.017545,-0.019460281,-0.009754676,0.011125533,0.009179794,0.025150761
-0.008927064,0.012080252,0.014254824,0.0011684903,-0.0031867498,0.008892878,0.009650002,0.009410463,-0.010662627,-0.018801272,0.008149287,-0.0049284496,-0.0065015643,-0.009570864,0.008381405,0.01233736,-0.0021446138,-0.0065452373,-0.01236047,0.01313729,0.015098985,-0.0014658356,-0.00877124,-0.0057819774,-0.012725225,0.0133246705,-0.009910518,0.003938649,0.014742111,0.0018045611,0.0054187244,0.011518848
-0.01583736,0.0140479235,0.010947903,0.0008946052,0.003757088,-0.00029973255,0.016406551,0.018130101,-0.0094794035,-0.0037973858,0.0018329826,-0.010235011,-0.015154759,0.007386979,0.018997634,0.007448165,0.00015694002,-0.018723289,-0.0018237144,0.00028820348,-0.0045562023,-0.020735385,-0.0070062024,-0.013525896,-0.004687285,0.003182461,-0.017545,-0.019460281,-0.009754676,0.011125533,0.009179794,0.025150761
-0.008927064,0.012080252,0.014254824,0.0011684903,-0.0031867498,0.008892878,0.009650002,0.009410463,-0.010662627,-0.018801272,0.008149287,-0.0049284496,-0.0065015643,-0.009570864,0.008381405,0.01233736,-0.0021446138,-0.0065452373,-0.01236047,0.01313729,0.015098985,-0.0014658356,-0.00877124,-0.0057819774,-0.012725225,0.0133246705,-0.009910518,0.003938649,0.014742111,0.0018045611,0.0054187244,0.011518848
-0.01583736,0.0140479235,0.010947903,0.0008946052,0.003757088,-0.00029973255,0.016406551,0.018130101,-0.0094794035,-0.0037973858,0.0018329826,-0.010235011,-0.015154759,0.007386979,0.018997634,0.007448165,0.00015694002,-0.018723289,-0.0018237144,0.00028820348,-0.0045562023,-0.020735385,-0.0070062024,-0.013525896,-0.004687285,0.003182461,-0.017545,-0.019460281,-0.009754676,0.011125533,0.009179794,0.025150761
-0.008927064,0.012080252,0.014254824,0.0011684903,-0.0031867498,0.008892878,0.009650002,0.009410463,-0.010662627,-0.018801272,0.008149287,-0.0049284496,-0.0065015643,-0.009570864,0.008381405,0.01233736,-0.0021446138,-0.0065452373,-0.01236047,0.01313729,0.015098985,-0.0014658356,-0.00877124,-0.0057819774,-0.012725225,0.0133246705,-0.009910518,0.003938649,0.014742111,0.0018045611,0.0054187244,0.011518848
-0.01583736,0.0140479235,0.010947903,0.0008946052,0.003757088,-0.00029973255,0.016406551,0.018130101,-0.0094794035,-0.0037973858,0.0018329826,-0.010235011,-0.015154759,0.007386979,0.018997634,0.007448165,0.00015694002,-0.018723289,-0.0018237144,0.00028820348,-0.0045562023,-0.020735385,-0.0070062024,-0.013525896,-0.004687285,0.003182461,-0.017545,-0.019460281,-0.009754676,0.011125533,0.009179794,0.025150761
-0.008927064,0.012080252,0.014254824,0.0011684903,-0.0031867498,0.008892878,0.009650002,0.009410463,-0.010662627,-0.018801272,0.008149287,-0.0049284496,-0.0065015643,-0.009570864,0.008381405,0.01233736,-0.0021446138,-0.0065452373,-0.01236047,0.01313729,0.015098985,-0.0014658356,-0.00877124,-0.0057819774,-0.012725225,0.0133246705,-0.009910518,0.003938649,0.014742111,0.0018045611,0.0054187244,0.011518848
-0.01583736,0.0140479235,0.010947903,0.0008946052,0.003757088,-0.00029973255,0.016406551,0.018130101,-0.0094794035,-0.0037973858,0.0018329826,-0.010235011,-0.015154759,0.007386979,0.018997634,0.007448165,0.00015694002,-0.018723289,-0.0018237144,0.00028820348,-0.0045562023,-0.020735385,-0.0070062024,-0.013525896,-0.004687285,0.003182461,-0.017545,-0.019460281,-0.009754676,0.011125533,0.009179794,0.025150761
-0.008927064,0.012080252,0.014254824,0.0011684903,-0.0031867498,0.008892878,0.009650002,0.009410463,-0.010662627,-0.018801272,0.008149287,-0.0049284496,-0.0065015643,-0.009570864,0.008381405,0.01233736,-0.0021446138,-0.0065452373,-0.01236047,0.01313729,0.015098985,-0.0014658356,-0.00877124,-0.0057819774,-0.012725225,0.0133246705,-0.009910518,0.003938649,0.014742111,0.0018045611,0.0054187244,0.011518848
-0.01583736,0.0140479235,0.010947903,0.0008946052,0.003757088,-0.00029973255,0.016406551,0.018130101,-0.0094794035,-0.0037973858,0.0018329826,-0.010235011,-0.015154759,0.007386979,0.018997634,0.007448165,0.00015694002,-0.018723289,-0.0018237144,0.00028820348,-0.0045562023,-0.020735385,-0.0070062024,-0.013525896,-0.004687285,0.003182461,-0.017545,-0.019460281,-0.009754676,0.011125533,0.009179794,0.025150761
-0.008927064,0.012080252,0.014254824,0.0011684903,-0.0031867498,0.008892878,0.009650002,0.009410463,-0.010662627,-0.018801272,0.008149287,-0.0049284496,-0.0065015643,-0.009570864,0.008381405,0.01233736,-0.0021446138,-0.0065452373,-0.01236047,0.01313729,0.015098985,-0.0014658356,-0.00877124,-0.0057819774,-0.012725225,0.0133246705,-0.009910518,0.003938649,0.014742111,0.0018045611,0.0054187244,0.011518848
-0.01583736,0.0140479235,0.010947903,0.0008946052,0.003757088,-0.00029973255,0.016406551,0.018130101,-0.0094794035,-0.0037973858,0.0018329826,-0.010235011,-0.015154759,0.007386979,0.018997634,0.007448165,0.00015694002,-0.018723289,-0.0018237144,0.00028820348,-0.0045562023,-0.020735385,-0.0070062024,-0.013525896,-0.004687285,0.003182461,-0.017545,-0.019460281,-0.009754676,0.011125533,0.009179794,0.025150761
-0.008927064,0.012080252,0.014254824,0.0011684903,-0.0031867498,0.008892878,0.009650002,0.009410463,-0.010662627,-0.018801272,0.008149287,-0.0049284496,-0.0065015643,-0.009570864,0.008381405,0.01233736,-0.0021446138,-0.0065452373,-0.01236047,0.01313729,0.015098985,-0.0014658356,-0.00877124,-0.0057819774,-0.012725225,0.0133246705,-0.009910518,0.003938649,0.014742111,0.0018045611,0.0054187244,0.011518848
-0.01583736,0.0140479235,0.010947903,0.0008946052,0.003757088,-0.00029973255,0.016406551,0.018130101,-0.0094794035,-0.0037973858,0.0018329826,-0.010235011,-0.015154759,0.007386979,0.018997634,0.007448165,0.00015694002,-0.018723289,-0.0018237144,0.00028820348,-0.0045562023,-0.020735385,-0.0070062024,-0.013525896,-0.004687285,0.003182461,-0.017545,-0.019460281,-0.009754676,0.011125533,0.009179794,0.025150761
-0.008927064,0.012080252,0.014254824,0.0011684903,-0.0031867498,0.008892878,0.009650002,0.009410463,-0.010662627,-0.018801272,0.008149287,-0.0049284496,-0.0065015643,-0.009570864,0.008381405,0.01233736,-0.0021446138,-0.0065452373,-0.01236047,0.01313729,0.015098985,-0.0014658356,-0.00877124,-0.0057819774,-0.012725225,0.0133246705,-0.009910518,0.003938649,0.014742111,0.0018045611,0.0054187244,0.011518848
-0.01583736,0.0140479235,0.010947903,0.0008946052,0.003757088,-0.00029973255,0.016406551,0.018130101,-0.0094794035,-0.0037973858,0.0018329826,-0.010235011,-0.015154759,0.007386979,0.018997634,0.007448165,0.00015694002,-0.018723289,-0.0018237144,0.00028820348,-0.0045562023,-0.020735385,-0.0070062024,-0.013525896,-0.004687285,0.003182461,-0.017545,-0.019460281,-0.009754676,0.011125533,0.009179794,0.025150761
-0.008927064,0.012080252,0.014254824,0.0011684903,-0.0031867498,0.008892878,0.009650002,0.009410463,-0.010662627,-0.018801272,0.008149287,-0.0049284496,-0.0065015643,-0.009570864,0.008381405,0.01233736,-0.0021446138,-0.0065452373,-0.01236047,0.01313729,0.015098985,-0.0014658356,-0.00877124,-0.0057819774,-0.012725225,0.0133246705,-0.009910518,0.003938649,0.014742111,0.0018045611,0.0054187244,0.011518848
-0.01583736,0.0140479235,0.010947903,0.0008946052,0.003757088,-0.00029973255,0.016406551,0.018130101,-0.0094794035,-0.0037973858,0.0018329826,-0.010235011,-0.015154759,0.007386979,0.018997634,0.007448165,0.00015694002,-0.018723289,-0.0018237144,0.00028820348,-0.0045562023,-0.020735385,-0.0070062024,-0.013525896,-0.004687285,0.003182461,-0.017545,-0.019460281,-0.009754676,0.011125533,0.009179794,0.025150761
-0.008927064,0.012080252,0.014254824,0.0011684903,-0.0031867498,0.008892878,0.009650002,0.009410463,-0.010662627,-0.018801272,0.008149287,-0.0049284496,-0.0065015643,-0.009570864,0.008381405,0.01233736,-0.0021446138,-0.0065452373,-0.01236047,0.01313729,0.015098985,-0.0014658356,-0.00877124,-0.0057819774,-0.012725225,0.0133246705,-0.009910518,0.003938649,0.014742111,0.0018045611,0.0054187244,0.011518848
-0.01583736,0.0140479235,0.010947903,0.0008946052,0.003757088,-0.00029973255,0.016406551,0.018130101,-0.0094794035,-0.0037973858,0.0018329826,-0.010235011,-0.015154759,0.007386979,0.018997634,0.007448165,0.00015694002,-0.018723289,-0.0018237144,0.00028820348,-0.0045562023,-0.020735385,-0.0070062024,-0.013525896,-0.004687285,0.003182461,-0.017545,-0.019460281,-0.009754676,0.011125533,0.009179794,0.025150761
-0.008927064,0.012080252,0.014254824,0.0011684903,-0.0031867498,0.008892878,0.009650002,0.009410463,-0.010662627,-0.018801272,0.008149287,-0.0049284496,-0.0065015643,-0.009570864,0.008381405,0.01233736,-0.0021446138,-0.0065452373,-0.01236047,0.01313729,0.015098985,-0.0014658356,-0.00877124,-0.0057819774,-0.012725225,0.0133246705,-0.009910518,0.003938649,0.014742111,0.0018045611,0.0054187244,0.011518848
-0.01583736,0.0140479235,0.010947903,0.0008946052,0.003757088,-0.00029973255,0.016406551,0.018130101,-0.0094794035,-0.0037973858,0.0018329826,-0.010235011,-0.015154759,0.007386979,0.018997634,0.007448165,0.00015694002,-0.018723289,-0.0018237144,0.00028820348,-0.0045562023,-0.020735385,-0.0070062024,-0.013525896,-0.004687285,0.003182461,-0.017545,-0.019460281,-0.009754676,0.011125533,0.009179794,0.025150761
-0.008927064,0.012080252,0.014254824,0.0011684903,-0.0031867498,0.008892878,0.009650002,0.009410463,-0.010662627,-0.018801272,0.008149287,-0.0049284496,-0.0065015643,-0.009570864,0.008381405,0.01233736,-0.0021446138,-0.0065452373,-0.01236047,0.01313729,0.015098985,-0.0014658356,-0.00877124,-0.0057819774,-0.012725225,0.0133246705,-0.009910518,0.003938649,0.014742111,0.0018045611,0.0054187244,0.011518848
-0.01583736,0.0140479235,0.010947903,0.0008946052,0.003757088,-0.00029973255,0.016406551,0.018130101,-0.0094794035,-0.0037973858,0.0018329826,-0.010235011,-0.015154759,0.007386979,0.018997634,0.007448165,0.00015694002,-0.018723289,-0.0018237144,0.00028820348,-0.0045562023,-0.020735385,-0.0070062024,-0.013525896,-0.004687285,0.003182461,-0.017545,-0.019460281,-0.009754676,0.011125533,0.009179794,0.025150761
-0.008927064,0.012080252,0.014254824,0.0011684903,-0.0031867498,0.008892878,0.009650002,0.009410463,-0.010662627,-0.018801272,0.008149287,-0.0049284496,-0.0065015643,-0.009570864,0.008381405,0.01233736,-0.0021446138,-0.0065452373,-0.01236047,0.01313729,0.015098985,-0.0014658356,-0.00877124,-0.0057819774,-0.012725225,0.0133246705,-0.009910518,0.003938649,0.014742111,0.0018045611,0.0054187244,0.011518848
-0.01583736,0.0140479235,0.010947903,0.0008946052,0.003757088,-0.00029973255,0.016406551,0.018130101,-0.0094794035,-0.0037973858,0.0018329826,-0.010235011,-0.015154759,0.007386979,0.018997634,0.007448165,0.00015694002,-0.018723289,-0.0018237144,0.00028820348,-0.0045562023,-0.020735385,-0.0070062024,-0.013525896,-0.004687285,0.003182461,-0.017545,-0.019460281,-0.009754676,0.011125533,0.009179794,0.025150761
-0.008927064,0.012080252,0.014254824,0.0011684903,-0.0031867498,0.008892878,0.009650002,0.009410463,-0.010662627,-0.018801272,0.008149287,-0.0049284496,-0.0065015643,-0.009570864,0.008381405,0.01233736,-0.0021446138,-0.0065452373,-0.01236047,0.01313729,0.015098985,-0.0014658356,-0.00877124,-0.0057819774,-0.012725225,0.0133246705,-0.009910518,0.003938649,0.014742111,0.0018045611,0.0054187244,0.011518848
-0.01583736,0.0140479235,0.010947903,0.0008946052,0.003757088,-0.00029973255,0.016406551,0.018130101,-0.0094794035,-0.0037973858,0.0018329826,-0.010235011,-0.015154759,0.007386979,0.018997634,0.007448165,0.00015694002,-0.018723289,-0.0018237144,0.00028820348,-0.0045562023,-0.020735385,-0.0070062024,-0.013525896,-0.004687285,0.003182461,-0.017545,-0.019460281,-0.009754676,0.011125533,0.009179794,0.025150761
-0.008927064,0.012080252,0.014254824,0.0011684903,-0.0031867498,0.008892878,0.009650002,0.009410463,-0.010662627,-0.018801272,0.008149287,-0.0049284496,-0.0065015643,-0.009570864,0.008381405,0.01233736,-0.0021446138,-0.0065452373,-0.01236047,0.01313729,0.015098985,-0.0014658356,-0.00877124,-0.0057819774,-0.012725225,0.0133246705,-0.009910518,0.003938649,0.014742111,0.0018045611,0.0054187244,0.011518848
-0.01583736,0.0140479235,0.010947903,0.0008946052,0.003757088,-0.00029973255,0.016406551,0.018130101,-0.0094794035,-0.0037973858,0.0018329826,-0.010235011,-0.015154759,0.007386979,0.018997634,0.007448165,0.00015694002,-0.018723289,-0.0018237144,0.00028820348,-0.0045562023,-0.020735385,-0.0070062024,-0.013525896,-0.004687285,0.003182461,-0.017545,-0.019460281,-0.009754676,0.011125533,0.009179794,0.025150761
-0.008927064,0.012080252,0.014254824,0.0011684903,-0.0031867498,0.008892878,0.009650002,0.009410463,-0.010662627,-0.018801272,0.008149287,-0.0049284496,-0.0065015643,-0.009570864,0.008381405,0.01233736,-0.0021446138,-0.0065452373,-0.01236047,0.01313729,0.015098985,-0.0014658356,-0.00877124,-0.0057819774,-0.012725225,0.0133246705,-0.009910518,0.003938649,0.014742111,0.0018045611,0.0054187244,0.011518848
-0.01583736,0.0140479235,0.010947903,0.0008946052,0.003757088,-0.00029973255,0.016406551,0.018130101,-0.0094794035,-0.0037973858,0.0018329826,-0.010235011,-0.015154759,0.007386979,0.018997634,0.007448165,0.00015694002,-0.018723289,-0.0018237144,0.00028820348,-0.0045562023,-0.020735385,-0.0070062024,-0.013525896,-0.004687285,0.003182461,-0.017545,-0.019460281,-0.009754676,0.011125533,0.009179794,0.025150761
-0.008927064,0.012080252,0.014254824,0.0011684903,-0.0031867498,0.008892878,0.009650002,0.009410463,-0.010662627,-0.018801272,0.008149287,-0.0049284496,-0.0065015643,-0.009570864,0.008381405,0.01233736,-0.0021446138,-0.0065452373,-0.01236047,0.01313729,0.015098985,-0.0014658356,-0.00877124,-0.0057819774,-0.012725225,0.0133246705,-0.009910518,0.003938649,0.014742111,0.0018045611,0.0054187244,0.011518848
-0.01583736,0.0140479235,0.010947903,0.0008946052,0.003757088,-0.00029973255,0.016406551,0.018130101,-0.0094794035,-0.0037973858,0.0018329826,-0.010235011,-0.015154759,0.007386979,0.018997634,0.007448165,0.00015694002,-0.018723289,-0.0018237144,0.00028820348,-0.0045562023,-0.020735385,-0.0070062024,-0.013525896,-0.004687285,0.003182461,-0.017545,-0.019460281,-0.009754676,0.011125533,0.009179794,0.025150761
-0.008927064,0.012080252,0.014254824,0.0011684903,-0.0031867498,0.008892878,0.009650002,0.009410463,-0.010662627,-0.018801272,0.008149287,-0.0049284496,-0.0065015643,-0.009570864,0.008381405,0.01233736,-0.0021446138,-0.0065452373,-0.01236047,0.01313729,0.015098985,-0.0014658356,-0.00877124,-0.0057819774,-0.012725225,0.0133246705,-0.009910518,0.003938649,0.014742111,0.0018045611,0.0054187244,0.011518848
-0.01583736,0.0140479235,0.010947903,0.0008946052,0.003757088,-0.00029973255,0.016406551,0.018130101,-0.0094794035,-0.0037973858,0.0018329826,-0.010235011,-0.015154759,0.007386979,0.018997634,0.007448165,0.00015694002,-0.018723289,-0.0018237144,0.00028820348,-0.0045562023,-0.020735385,-0.0070062024,-0.013525896,-0.004687285,0.003182461,-0.017545,-0.019460281,-0.009754676,0.011125533,0.009179794,0.025150761
-0.008927064,0.012080252,0.014254824,0.0011684903,-0.0031867498,0.008892878,0.009650002,0.009410463,-0.010662627,-0.018801272,0.008149287,-0.0049284496,-0.0065015643,-0.009570864,0.008381405,0.01233736,-0.0021446138,-0.0065452373,-0.01236047,0.01313729,0.015098985,-0.0014658356,-0.00877124,-0.0057819774,-0.012725225,0.0133246705,-0.009910518,0.003938649,0.014742111,0.0018045611,0.0054187244,0.011518848
-0.01583736,0.0140479235,0.010947903,0.0008946052,0.003757088,-0.00029973255,0.016406551,0.018130101,-0.0094794035,-0.0037973858,0.0018329826,-0.010235011,-0.015154759,0.007386979,0.018997634,0.007448165,0.00015694002,-0.018723289,-0.0018237144,0.00028820348,-0.0045562023,-0.020735385,-0.0070062024,-0.013525896,-0.004687285,0.003182461,-0.017545,-0.019460281,-0.009754676,0.011125533,0.009179794,0.025150761
-0.008927064,0.012080252,0.014254824,0.0011684903,-0.0031867498,0.008892878,0.009650002,0.009410463,-0.010662627,-0.018801272,0.008149287,-0.0049284496,-0.0065015643,-0.009570864,0.008381405,0.01233736,-0.0021446138,-0.0065452373,-0.01236047,0.01313729,0.015098985,-0.0014658356,-0.00877124,-0.0057819774,-0.012725225,0.0133246705,-0.009910518,0.003938649,0.014742111,0.0018045611,0.0054187244,0.011518848
-0.01583736,0.0140479235,0.010947903,0.0008946052,0.003757088,-0.00029973255,0.016406551,0.018130101,-0.0094794035,-0.0037973858,0.0018329826,-0.010235011,-0.015154759,0.007386979,0.018997634,0.007448165,0.00015694002,-0.018723289,-0.0018237144,0.00028820348,-0.0045562023,-0.020735385,-0.0070062024,-0.013525896,-0.004687285,0.003182461,-0.017545,-0.019460281,-0.009754676,0.011125533,0.009179794,0.025150761
-0.008927064,0.012080252,0.014254824,0.0011684903,-0.0031867498,0.008892878,0.009650002,0.009410463,-0.010662627,-0.018801272,0.008149287,-0.0049284496,-0.0065015643,-0.009570864,0.008381405,0.01233736,-0.0021446138,-0.0065452373,-0.01236047,0.01313729,0.015098985,-0.0014658356,-0.00877124,-0.0057819774,-0.012725225,0.0133246705,-0.009910518,0.003938649,0.014742111,0.0018045611,0.0054187244,0.011518848
-0.01583736,0.0140479235,0.010947903,0.0008946052,0.003757088,-0.00029973255,0.016406551,0.018130101,-0.0094794035,-0.0037973858,0.0018329826,-0.010235011,-0.015154759,0.007386979,0.018997634,0.007448165,0.00015694002,-0.018723289,-0.0018237144,0.00028820348,-0.0045562023,-0.020735385,-0.0070062024,-0.013525896,-0.004687285,0.003182461,-0.017545,-0.019460281,-0.009754676,0.011125533,0.009179794,0.025150761
-0.008927064,0.012080252,0.014254824,0.0011684903,-0.0031867498,0.008892878,0.009650002,0.009410463,-0.010662627,-0.018801272,0.008149287,-0.0049284496,-0.0065015643,-0.009570864,0.008381405,0.01233736,-0.0021446138,-0.0065452373,-0.01236047,0.01313729,0.015098985,-0.0014658356,-0.00877124,-0.0057819774,-0.012725225,0.0133246705,-0.009910518,0.003938649,0.014742111,0.0018045611,0.0054187244,0.011518848
-0.01583736,0.0140479235,0.010947903,0.0008946052,0.003757088,-0.00029973255,0.016406551,0.018130101,-0.0094794035,-0.0037973858,0.0018329826,-0.010235011,-0.015154759,0.007386979,0.018997634,0.007448165,0.00015694002,-0.018723289,-0.0018237144,0.00028820348,-0.0045562023,-0.020735385,-0.0070062024,-0.013525896,-0.004687285,0.003182461,-0.017545,-0.019460281,-0.009754676,0.011125533,0.009179794,0.025150761
-0.008927064,0.012080252,0.014254824,0.0011684903,-0.0031867498,0.008892878,0.009650002,0.009410463,-0.010662627,-0.018801272,0.008149287,-0.0049284496,-0.0065015643,-0.009570864,0.008381405,0.01233736,-0.0021446138,-0.0065452373,-0.01236047,0.01313729,0.015098985,-0.0014658356,-0.00877124,-0.0057819774,-0.012725225,0.0133246705,-0.009910518,0.003938649,0.014742111,0.0018045611,0.0054187244,0.011518848
-0.01583736,0.0140479235,0.010947903,0.0008946052,0.003757088,-0.00029973255,0.016406551,0.018130101,-0.0094794035,-0.0037973858,0.0018329826,-0.010235011,-0.015154759,0.007386979,0.018997634,0.007448165,0.00015694002,-0.018723289,-0.0018237144,0.00028820348,-0.0045562023,-0.020735385,-0.0070062024,-0.013525896,-0.004687285,0.003182461,-0.017545,-0.019460281,-0.009754676,0.011125533,0.009179794,0.025150761
-0.008927064,0.012080252,0.014254824,0.0011684903,-0.0031867498,0.008892878,0.009650002,0.009410463,-0.010662627,-0.018801272,0.008149287,-0.0049284496,-0.0065015643,-0.009570864,0.008381405,0.01233736,-0.0021446138,-0.0065452373,-0.01236047,0.01313729,0.015098985,-0.0014658356,-0.00877124,-0.0057819774,-0.012725225,0.0133246705,-0.009910518,0.003938649,0.014742111,0.0018045611,0.0054187244,0.011518848
0.19008769,0.30740398,0.35200828,0.2681697,0.44813755,0.40025648,-0.009525526,0.23460525,0.11417605,0.32871586,-0.06904635,-0.4059647,-0.0016223323,-0.77768236,-0.070600964,-0.5235227,0.15068215,-0.64323944,-0.13121375,0.10926232,-0.19097522,0.36509734,-0.41818598,-0.09656944,0.10474206,0.071495965,-0.4510939,0.3232819,0.22117887,0.5430508,0.059461564,-0.26156515
-1.0359741,-0.4622507,0.82195497,-0.2850758,0.16146404,0.6139312,0.16960901,-0.31700936,0.15558869,-0.53059274,0.43057513,-0.11950535,-0.38465443,0.34610313,-0.02316467,0.395642,0.13599028,0.27399784,0.11580433,-0.46512312,0.16452742,-0.29526,-0.4815375,0.3110822,-0.40258572,-0.26475406,-0.3345024,0.3144146,-0.13730581,-0.316387,0.30948076,0.27395752
0.54358995,-0.09981233,-0.06337645,-0.24114202,-0.057323433,0.5319622,0.031949565,0.92628014,-0.20887868,-0.5887911,-0.3836003,-0.24638358,0.3804288,-0.43716297,-0.49928686,0.0640075,0.042557266,-0.08232824,0.33506843,0.2747919,0.22237219,0.028974885,-0.54085845,-0.4127984,0.21772191,-0.1875743,-0.7250969,-0.06678196,0.51215863,0.18583691,0.64212507,-0.19317588
-0.6457224,0.04396808,0.7374977,0.37244883,0.14744379,0.67293054,0.20306398,-0.30800512,-0.1424435,-0.78342474,0.14304507,0.5052135,-0.5244405,0.5344913,-0.046529654,0.03637412,0.07726072,0.40808687,0.18680584,-0.19619681,0.106708586,-0.13059078,0.12846962,-0.48412308,-0.34070718,-0.11839344,-0.28688675,-0.111497074,0.25453228,-0.31298327,0.4327469,0.41967997
0.0011317786,-0.4121183,-0.11813324,0.21982919,-0.21422458,0.093013816,0.28448004,0.34628847,0.3292844,-0.7346668,0.18795313,-0.2823637,0.22218531,0.25314754,0.09110378,0.21308286,-0.21174207,0.010596942,-0.30232877,-0.5834415,0.27778754,-0.13679327,0.043688525,-0.28245062,-0.043746695,-0.20908238,-0.20145795,-0.1379527,0.40012214,0.054120854,0.09814367,-0.1315328
-0.28287175,0.5543187,0.019708246,-0.22080947,0.23328952,0.2560905,0.20712754,-0.030173343,0.017709091,0.012467962,0.37495062,-0.11701319,-0.13065098,0.16330458,0.032690417,0.025017414,-0.34894735,0.14442638,0.15012354,-0.32833177,0.30778736,0.2494046,0.23787999,0.14579539,-0.2330521,-0.015066581,-0.1852855,-0.20841509,0.11824956,-0.29319337,0.4115367,-0.07196091
-0.01583736,0.0140479235,0.010947903,0.0008946052,0.003757088,-0.00029973255,0.016406551,0.018130101,-0.0094794035,-0.0037973858,0.0018329826,-0.010235011,-0.015154759,0.007386979,0.018997634,0.007448165,0.00015694002,-0.018723289,-0.0018237144,0.00028820348,-0.0045562023,-0.020735385,-0.0070062024,-0.013525896,-0.004687285,0.003182461,-0.017545,-0.019460281,-0.009754676,0.011125533,0.009179794,0.025150761
-0.008927064,0.012080252,0.014254824,0.0011684903,-0.0031867498,0.008892878,0.009650002,0.009410463,-0.010662627,-0.018801272,0.008149287,-0.0049284496,-0.0065015643,-0.009570864,0.008381405,0.01233736,-0.0021446138,-0.0065452373,-0.01236047,0.01313729,0.015098985,-0.0014658356,-0.00877124,-0.0057819774,-0.012725225,0.0133246705,-0.009910518,0.003938649,0.014742111,0.0018045611,0.0054187244,0.011518848
-0.01583736,0.0140479235,0.010947903,0.0008946052,0.003757088,-0.00029973255,0.016406551,0.018130101,-0.0094794035,-0.0037973858,0.0018329826,-0.010235011,-0.015154759,0.007386979,0.018997634,0.007448165,0.00015694002,-0.018723289,-0.0018237144,0.00028820348,-0.0045562023,-0.020735385,-0.0070062024,-0.013525896,-0.004687285,0.003182461,-0.017545,-0.019460281,-0.009754676,0.011125533,0.009179794,0.025150761
-0.008927064,0.012080252,0.014254824,0.0011684903,-0.0031867498,0.008892878,0.009650002,0.009410463,-0.010662627,-0.018801272,0.008149287,-0.0049284496,-0.0065015643,-0.009570864,0.008381405,0.01233736,-0.0021446138,-0.0065452373,-0.01236047,0.01313729,0.015098985,-0.0014658356,-0.00877124,-0.0057819774,-0.012725225,0.0133246705,-0.009910518,0.003938649,0.014742111,0.0018045611,0.0054187244,0.011518848
-0.01583736,0.0140479235,0.010947903,0.0008946052,0.003757088,-0.00029973255,0.016406551,0.018130101,-0.0094794035,-0.0037973858,0.0018329826,-0.010235011,-0.015154759,0.007386979,0.018997634,0.007448165,0.00015694002,-0.018723289,-0.0018237144,0.00028820348,-0.0045562023,-0.020735385,-0.0070062024,-0.013525896,-0.004687285,0.003182461,-0.017545,-0.019460281,-0.009754676,0.011125533,0.009179794,0.025150761
-0.008927064,0.012080252,0.014254824,0.0011684903,-0.0031867498,0.008892878,0.009650002,0.009410463,-0.010662627,-0.018801272,0.008149287,-0.0049284496,-0.0065015643,-0.009570864,0.008381405,0.01233736,-0.0021446138,-0.0065452373,-0.01236047,0.01313729,0.015098985,-0.0014658356,-0.00877124,-0.0057819774,-0.012725225,0.0133246705,-0.009910518,0.003938649,0.014742111,0.0018045611,0.0054187244,0.011518848
-0.01583736,0.0140479235,0.010947903,0.0008946052,0.003757088,-0.00029973255,0.016406551,0.018130101,-0.0094794035,-0.0037973858,0.0018329826,-0.010235011,-0.015154759,0.007386979,0.018997634,0.007448165,0.00015694002,-0.018723289,-0.0018237144,0.00028820348,-0.0045562023,-0.020735385,-0.0070062024,-0.013525896,-0.004687285,0.003182461,-0.017545,-0.019460281,-0.009754676,0.011125533,0.009179794,0.025150761
-0.008927064,0.012080252,0.014254824,0.0011684903,-0.0031867498,0.008892878,0.009650002,0.009410463,-0.010662627,-0.018801272,0.008149287,-0.0049284496,-0.0065015643,-0.009570864,0.008381405,0.01233736,-0.0021446138,-0.0065452373,-0.01236047,0.01313729,0.015098985,-0.0014658356,-0.00877124,-0.0057819774,-0.012725225,0.0133246705,-0.009910518,0.003938649,0.014742111,0.0018045611,0.0054187244,0.011518848
-0.01583736,0.0140479235,0.010947903,0.0008946052,0.003757088,-0.00029973255,0.016406551,0.018130101,-0.0094794035,-0.0037973858,0.0018329826,-0.010235011,-0.015154759,0.007386979,0.018997634,0.007448165,0.00015694002,-0.018723289,-0.0018237144,0.00028820348,-0.0045562023,-0.020735385,-0.0070062024,-0.013525896,-0.004687285,0.003182461,-0.017545,-0.019460281,-0.009754676,0.011125533,0.009179794,0.025150761
-0.008927064,0.012080252,0.014254824,0.0011684903,-0.0031867498,0.008892878,0.009650002,0.009410463,-0.010662627,-0.018801272,0.008149287,-0.0049284496,-0.0065015643,-0.009570864,0.008381405,0.01233736,-0.0021446138,-0.0065452373,-0.01236047,0.01313729,0.015098985,-0.0014658356,-0.00877124,-0.0057819774,-0.012725225,0.0133246705,-0.009910518,0.003938649,0.014742111,0.0018045611,0.0054187244,0.011518848
-0.01583736,0.0140479235,0.010947903,0.0008946052,0.003757088,-0.00029973255,0.016406551,0.018130101,-0.0094794035,-0.0037973858,0.0018329826,-0.010235011,-0.015154759,0.007386979,0.018997634,0.007448165,0.00015694002,-0.018723289,-0.0018237144,0.00028820348,-0.0045562023,-0.020735385,-0.0070062024,-0.013525896,-0.004687285,0.003182461,-0.017545,-0.019460281,-0.009754676,0.011125533,0.009179794,0.025150761
-0.008927064,0.012080252,0.014254824,0.0011684903,-0.0031867498,0.008892878,0.009650002,0.009410463,-0.010662627,-0.018801272,0.008149287,-0.0049284496,-0.0065015643,-0.009570864,0.008381405,0.01233736,-0.0021446138,-0.0065452373,-0.01236047,0.01313729,0.015098985,-0.0014658356,-0.00877124,-0.0057819774,-0.012725225,0.0133246705,-0.009910518,0.003938649,0.014742111,0.0018045611,0.0054187244,0.011518848
-0.01583736,0.0140479235,0.010947903,0.0008946052,0.003757088,-0.00029973255,0.016406551,0.018130101,-0.0094794035,-0.0037973858,0.0018329826,-0.010235011,-0.015154759,0.007386979,0.018997634,0.007448165,0.00015694002,-0.018723289,-0.0018237144,0.00028820348,-0.0045562023,-0.020735385,-0.0070062024,-0.013525896,-0.004687285,0.003182461,-0.017545,-0.019460281,-0.009754676,0.011125533,0.009179794,0.025150761
-0.008927064,0.012080252,0.014254824,0.0011684903,-0.0031867498,0.008892878,0.009650002,0.009410463,-0.010662627,-0.018801272,0.008149287,-0.0049284496,-0.0065015643,-0.009570864,0.008381405,0.01233736,-0.0021446138,-0.0065452373,-0.01236047,0.01313729,0.015098985,-0.0014658356,-0.00877124,-0.0057819774,-0.012725225,0.0133246705,-0.009910518,0.003938649,0.014742111,0.0018045611,0.0054187244,0.011518848
-0.01583736,0.0140479235,0.010947903,0.0008946052,0.003757088,-0.00029973255,0.016406551,0.018130101,-0.0094794035,-0.0037973858,0.0018329826,-0.010235011,-0.015154759,0.007386979,0.018997634,0.007448165,0.00015694002,-0.018723289,-0.0018237144,0.00028820348,-0.0045562023,-0.020735385,-0.0070062024,-0.013525896,-0.004687285,0.003182461,-0.017545,-0.019460281,-0.009754676,0.011125533,0.009179794,0.025150761
-0.008927064,0.012080252,0.014254824,0.0011684903,-0.0031867498,0.008892878,0.009650002,0.009410463,-0.010662627,-0.018801272,0.008149287,-0.0049284496,-0.0065015643,-0.009570864,0.008381405,0.01233736,-0.0021446138,-0.0065452373,-0.01236047,0.01313729,0.015098985,-0.0014658356,-0.00877124,-0.0057819774,-0.012725225,0.0133246705,-0.009910518,0.003938649,0.014742111,0.0018045611,0.0054187244,0.011518848
-0.01583736,0.0140479235,0.010947903,0.0008946052,0.003757088,-0.00029973255,0.016406551,0.018130101,-0.0094794035,-0.0037973858,0.0018329826,-0.010235011,-0.015154759,0.007386979,0.018997634,0.007448165,0.00015694002,-0.018723289,-0.0018237144,0.00028820348,-0.0045562023,-0.020735385,-0.0070062024,-0.013525896,-0.004687285,0.003182461,-0.017545,-0.019460281,-0.009754676,0.011125533,0.009179794,0.025150761
-0.008927064,0.012080252,0.014254824,0.0011684903,-0.0031867498,0.008892878,0.009650002,0.009410463,-0.010662627,-0.018801272,0.008149287,-0.0049284496,-0.0065015643,-0.009570864,0.008381405,0.01233736,-0.0021446138,-0.0065452373,-0.01236047,0.01313729,0.015098985,-0.0014658356,-0.00877124,-0.0057819774,-0.012725225,0.0133246705,-0.009910518,0.003938649,0.014742111,0.0018045611,0.0054187244,0.011518848
-0.01583736,0.0140479235,0.010947903,0.0008946052,0.003757088,-0.00029973255,0.016406551,0.018130101,-0.0094794035,-0.0037973858,0.0018329826,-0.010235011,-0.015154759,0.007386979,0.018997634,0.007448165,0.00015694002,-0.018723289,-0.0018237144,0.00028820348,-0.0045562023,-0.020735385,-0.0070062024,-0.013525896,-0.004687285,0.003182461,-0.017545,-0.019460281,-0.009754676,0.011125533,0.009179794,0.025150761
-0.008927064,0.012080252,0.014254824,0.0011684903,-0.0031867498,0.008892878,0.009650002,0.009410463,-0.010662627,-0.018801272,0.008149287,-0.0049284496,-0.0065015643,-0.009570864,0.008381405,0.01233736,-0.0021446138,-0.0065452373,-0.01236047,0.01313729,0.015098985,-0.0014658356,-0.00877124,-0.0057819774,-0.012725225,0.0133246705,-0.009910518,0.003938649,0.014742111,0.0018045611,0.0054187244,0.011518848
-0.01583736,0.0140479235,0.010947903,0.0008946052,0.003757088,-0.00029973255,0.016406551,0.018130101,-0.0094794035,-0.0037973858,0.0018329826,-0.010235011,-0.015154759,0.007386979,0.018997634,0.007448165,0.00015694002,-0.018723289,-0.0018237144,0.00028820348,-0.0045562023,-0.020735385,-0.0070062024,-0.013525896,-0.004687285,0.003182461,-0.017545,-0.019460281,-0.009754676,0.011125533,0.009179794,0.025150761
-0.008927064,0.012080252,0.014254824,0.0011684903,-0.0031867498,0.008892878,0.009650002,0.009410463,-0.010662627,-0.018801272,0.008149287,-0.0049284496,-0.0065015643,-0.009570864,0.008381405,0.01233736,-0.0021446138,-0.0065452373,-0.01236047,0.01313729,0.015098985,-0.0014658356,-0.00877124,-0.0057819774,-0.012725225,0.0133246705,-0.009910518,0.003938649,0.014742111,0.0018045611,0.0054187244,0.011518848
-0.01583736,0.0140479235,0.010947903,0.0008946052,0.003757088,-0.00029973255,0.016406551,0.018130101,-0.0094794035,-0.0037973858,0.0018329826,-0.010235011,-0.015154759,0.007386979,0.018997634,0.007448165,0.00015694002,-0.018723289,-0.0018237144,0.00028820348,-0.0045562023,-0.020735385,-0.0070062024,-0.013525896,-0.004687285,0.003182461,-0.017545,-0.019460281,-0.009754676,0.011125533,0.009179794,0.025150761
-0.008927064,0.012080252,0.014254824,0.0011684903,-0.0031867498,0.008892878,0.009650002,0.009410463,-0.010662627,-0.018801272,0.008149287,-0.0049284496,-0.0065015643,-0.009570864,0.008381405,0.01233736,-0.0021446138,-0.0065452373,-0.01236047,0.01313729,0.015098985,-0.0014658356,-0.00877124,-0.0057819774,-0.012725225,0.0133246705,-0.009910518,0.003938649,0.014742111,0.0018045611,0.0054187244,0.011518848
-0.01583736,0.0140479235,0.010947903,0.0008946052,0.003757088,-0.00029973255,0.016406551,0.018130101,-0.0094794035,-0.0037973858,0.0018329826,-0.010235011,-0.015154759,0.007386979,0.018997634,0.007448165,0.00015694002,-0.018723289,-0.0018237144,0.00028820348,-0.0045562023,-0.020735385,-0.0070062024,-0.013525896,-0.004687285,0.003182461,-0.017545,-0.019460281,-0.009754676,0.011125533,0.009179794,0.025150761
-0.008927064,0.012080252,0.014254824,0.0011684903,-0.0031867498,0.008892878,0.009650002,0.009410463,-0.010662627,-0.018801272,0.008149287,-0.0049284496,-0.0065015643,-0.009570864,0.008381405,0.01233736,-0.0021446138,-0.0065452373,-0.01236047,0.01313729,0.015098985,-0.0014658356,-0.00877124,-0.0057819774,-0.012725225,0.0133246705,-0.009910518,0.003938649,0.014742111,0.0018045611,0.0054187244,0.011518848
-0.01583736,0.0140479235,0.010947903,0.0008946052,0.003757088,-0.00029973255,0.016406551,0.018130101,-0.0094794035,-0.0037973858,0.0018329826,-0.010235011,-0.015154759,0.007386979,0.018997634,0.007448165,0.00015694002,-0.018723289,-0.0018237144,0.00028820348,-0.0045562023,-0.020735385,-0.0070062024,-0.013525896,-0.004687285,0.003182461,-0.017545,-0.019460281,-0.009754676,0.011125533,0.009179794,0.025150761
-0.008927064,0.012080252,0.014254824,0.0011684903,-0.0031867498,0.008892878,0.009650002,0.009410463,-0.010662627,-0.018801272,0.008149287,-0.0049284496,-0.0065015643,-0.009570864,0.008381405,0.01233736,-0.0021446138,-0.0065452373,-0.01236047,0.01313729,0.015098985,-0.0014658356,-0.00877124,-0.0057819774,-0.012725225,0.0133246705,-0.009910518,0.003938649,0.014742111,0.0018045611,0.0054187244,0.011518848
-0.01583736,0.0140479235,0.010947903,0.0008946052,0.003757088,-0.00029973255,0.016406551,0.018130101,-0.0094794035,-0.0037973858,0.0018329826,-0.010235011,-0.015154759,0.007386979,0.018997634,0.007448165,0.00015694002,-0.018723289,-0.0018237144,0.00028820348,-0.0045562023,-0.020735385,-0.0070062024,-0.013525896,-0.004687285,0.003182461,-0.017545,-0.019460281,-0.009754676,0.011125533,0.009179794,0.025150761
-0.008927064,0.012080252,0.014254824,0.0011684903,-0.0031867498,0.008892878,0.009650002,0.009410463,-0.010662627,-0.018801272,0.008149287,-0.0049284496,-0.0065015643,-0.009570864,0.008381405,0.01233736,-0.0021446138,-0.0065452373,-0.01236047,0.01313729,0.015098985,-0.0014658356,-0.00877124,-0.0057819774,-0.012725225,0.0133246705,-0.009910518,0.003938649,0.014742111,0.0018045611,0.0054187244,0.011518848
-0.01583736,0.0140479235,0.010947903,0.0008946052,0.003757088,-0.00029973255,0.016406551,0.018130101,-0.0094794035,-0.0037973858,0.0018329826,-0.010235011,-0.015154759,0.007386979,0.018997634,0.007448165,0.00015694002,-0.018723289,-0.0018237144,0.00028820348,-0.0045562023,-0.020735385,-0.0070062024,-0.013525896,-0.004687285,0.003182461,-0.017545,-0.019460281,-0.009754676,0.011125533,0.009179794,0.025150761
-0.008927064,0.012080252,0.014254824,0.0011684903,-0.0031867498,0.008892878,0.009650002,0.009410463,-0.010662627,-0.018801272,0.008149287,-0.0049284496,-0.0065015643,-0.009570864,0.008381405,0.01233736,-0.0021446138,-0.0065452373,-0.01236047,0.01313729,0.015098985,-0.0014658356,-0.00877124,-0.0057819774,-0.012725225,0.0133246705,-0.009910518,0.003938649,0.014742111,0.0018045611,0.0054187244,0.011518848
-0.01583736,0.0140479235,0.010947903,0.0008946052,0.003757088,-0.00029973255,0.016406551,0.018130101,-0.0094794035,-0.0037973858,0.0018329826,-0.010235011,-0.015154759,0.007386979,0.018997634,0.007448165,0.00015694002,-0.018723289,-0.0018237144,0.00028820348,-0.0045562023,-0.020735385,-0.0070062024,-0.013525896,-0.004687285,0.003182461,-0.017545,-0.019460281,-0.009754676,0.011125533,0.009179794,0.025150761
-0.008927064,0.012080252,0.014254824,0.0011684903,-0.0031867498,0.008892878,0.009650002,0.009410463,-0.010662627,-0.018801272,0.008149287,-0.0049284496,-0.0065015643,-0.009570864,0.008381405,0.01233736,-0.0021446138,-0.0065452373,-0.01236047,0.01313729,0.015098985,-0.0014658356,-0.00877124,-0.0057819774,-0.012725225,0.0133246705,-0.009910518,0.003938649,0.014742111,0.0018045611,0.0054187244,0.011518848
-0.01583736,0.0140479235,0.010947903,0.0008946052,0.003757088,-0.00029973255,0.016406551,0.018130101,-0.0094794035,-0.0037973858,0.0018329826,-0.010235011,-0.015154759,0.007386979,0.018997634,0.007448165,0.00015694002,-0.018723289,-0.0018237144,0.00028820348,-0.0045562023,-0.020735385,-0.0070062024,-0.013525896,-0.004687285,0.003182461,-0.017545,-0.019460281,-0.009754676,0.011125533,0.009179794,0.025150761
-0.008927064,0.012080252,0.014254824,0.0011684903,-0.0031867498,0.008892878,0.009650002,0.009410463,-0.010662627,-0.018801272,0.008149287,-0.0049284496,-0.0065015643,-0.009570864,0.008381405,0.01233736,-0.0021446138,-0.0065452373,-0.01236047,0.01313729,0.015098985,-0.0014658356,-0.00877124,-0.0057819774,-0.012725225,0.0133246705,-0.009910518,0.003938649,0.014742111,0.0018045611,0.0054187244,0.011518848
-0.01583736,0.0140479235,0.010947903,0.0008946052,0.003757088,-0.00029973255,0.016406551,0.018130101,-0.0094794035,-0.0037973858,0.0018329826,-0.010235011,-0.015154759,0.007386979,0.018997634,0.007448165,0.00015694002,-0.018723289,-0.0018237144,0.00028820348,-0.0045562023,-0.020735385,-0.0070062024,-0.013525896,-0.004687285,0.003182461,-0.017545,-0.019460281,-0.009754676,0.011125533,0.009179794,0.025150761
-0.008927064,0.012080252,0.014254824,0.0011684903,-0.0031867498,0.008892878,0.009650002,0.009410463,-0.010662627,-0.018801272,0.008149287,-0.0049284496,-0.0065015643,-0.009570864,0.008381405,0.01233736,-0.0021446138,-0.0065452373,-0.01236047,0.01313729,0.015098985,-0.0014658356,-0.00877124,-0.0057819774,-0.012725225,0.0133246705,-0.009910518,0.003938649,0.014742111,0.0018045611,0.0054187244,0.011518848
-0.01583736,0.0140479235,0.010947903,0.0008946052,0.003757088,-0.00029973255,0.016406551,0.018130101,-0.0094794035,-0.0037973858,0.0018329826,-0.010235011,-0.015154759,0.007386979,0.018997634,0.007448165,0.00015694002,-0.018723289,-0.0018237144,0.00028820348,-0.0045562023,-0.020735385,-0.0070062024,-0.013525896,-0.004687285,0.003182461,-0.017545,-0.019460281,-0.009754676,0.011125533,0.009179794,0.025150761
-0.008927064,0.012080252,0.014254824,0.0011684903,-0.0031867498,0.008892878,0.009650002,0.009410463,-0.010662627,-0.018801272,0.008149287,-0.0049284496,-0.0065015643,-0.009570864,0.008381405,0.01233736,-0.0021446138,-0.0065452373,-0.01236047,0.01313729,0.015098985,-0.0014658356,-0.00877124,-0.0057819774,-0.012725225,0.0133246705,-0.009910518,0.003938649,0.014742111,0.0018045611,0.0054187244,0.011518848
-0.01583736,0.0140479235,0.010947903,0.0008946052,0.003757088,-0.00029973255,0.016406551,0.018130101,-0.0094794035,-0.0037973858,0.0018329826,-0.010235011,-0.015154759,0.007386979,0.018997634,0.007448165,0.00015694002,-0.018723289,-0.0018237144,0.00028820348,-0.0045562023,-0.020735385,-0.0070062024,-0.013525896,-0.004687285,0.003182461,-0.017545,-0.019460281,-0.009754676,0.011125533,0.009179794,0.025150761
-0.008927064,0.012080252,0.014254824,0.0011684903,-0.0031867498,0.008892878,0.009650002,0.009410463,-0.010662627,-0.018801272,0.008149287,-0.0049284496,-0.0065015643,-0.009570864,0.008381405,0.01233736,-0.0021446138,-0.0065452373,-0.01236047,0.01313729,0.015098985,-0.0014658356,-0.00877124,-0.0057819774,-0.012725225,0.0133246705,-0.009910518,0.003938649,0.014742111,0.0018045611,0.0054187244,0.011518848
-0.01583736,0.0140479235,0.010947903,0.0008946052,0.003757088,-0.00029973255,0.016406551,0.018130101,-0.0094794035,-0.0037973858,0.0018329826,-0.010235011,-0.015154759,0.007386979,0.018997634,0.007448165,0.00015694002,-0.018723289,-0.0018237144,0.00028820348,-0.0045562023,-0.020735385,-0.0070062024,-0.013525896,-0.004687285,0.003182461,-0.017545,-0.019460281,-0.009754676,0.011125533,0.009179794,0.025150761
-0.008927064,0.012080252,0.014254824,0.0011684903,-0.0031867498,0.008892878,0.009650002,0.009410463,-0.010662627,-0.018801272,0.008149287,-0.0049284496,-0.0065015643,-0.009570864,0.008381405,0.01233736,-0.0021446138,-0.0065452373,-0.01236047,0.01313729,0.015098985,-0.0014658356,-0.00877124,-0.0057819774,-0.012725225,0.0133246705,-0.009910518,0.003938649,0.014742111,0.0018045611,0.0054187244,0.011518848
-0.01583736,0.0140479235,0.010947903,0.0008946052,0.003757088,-0.00029973255,0.016406551,0.018130101,-0.0094794035,-0.0037973858,0.0018329826,-0.010235011,-0.015154759,0.007386979,0.018997634,0.007448165,0.00015694002,-0.018723289,-0.0018237144,0.00028820348,-0.0045562023,-0.020735385,-0.0070062024,-0.013525896,-0.004687285,0.003182461,-0.017545,-0.019460281,-0.009754676,0.011125533,0.009179794,0.025150761
-0.008927064,0.012080252,0.014254824,0.0011684903,-0.0031867498,0.008892878,0.009650002,0.009410463,-0.010662627,-0.018801272,0.008149287,-0.0049284496,-0.0065015643,-0.009570864,0.008381405,0.01233736,-0.0021446138,-0.0065452373,-0.01236047,0.01313729,0.015098985,-0.0014658356,-0.00877124,-0.0057819774,-0.012725225,0.0133246705,-0.009910518,0.003938649,0.014742111,0.0018045611,0.0054187244,0.011518848
-0.01583736,0.0140479235,0.010947903,0.0008946052,0.003757088,-0.00029973255,0.016406551,0.018130101,-0.0094794035,-0.0037973858,0.0018329826,-0.010235011,-0.015154759,0.007386979,0.018997634,0.007448165,0.00015694002,-0.018723289,-0.0018237144,0.00028820348,-0.0045562023,-0.020735385,-0.0070062024,-0.013525896,-0.004687285,0.003182461,-0.017545,-0.019460281,-0.009754676,0.011125533,0.009179794,0.025150761
-0.008927064,0.012080252,0.014254824,0.0011684903,-0.0031867498,0.008892878,0.009650002,0.009410463,-0.010662627,-0.018801272,0.008149287,-0.0049284496,-0.0065015643,-0.009570864,0.008381405,0.01233736,-0.0021446138,-0.0065452373,-0.01236047,0.01313729,0.015098985,-0.0014658356,-0.00877124,-0.0057819774,-0.012725225,0.0133246705,-0.009910518,0.003938649,0.014742111,0.0018045611,0.0054187244,0.011518848
-0.01583736,0.0140479235,0.010947903,0.0008946052,0.003757088,-0.00029973255,0.016406551,0.018130101,-0.0094794035,-0.0037973858,0.0018329826,-0.010235011,-0.015154759,0.007386979,0.018997634,0.007448165,0.00015694002,-0.018723289,-0.0018237144,0.00028820348,-0.0045562023,-0.020735385,-0.0070062024,-0.013525896,-0.004687285,0.003182461,-0.017545,-0.019460281,-0.009754676,0.011125533,0.009179794,0.025150761
-0.008927064,0.012080252,0.014254824,0.0011684903,-0.0031867498,0.008892878,0.009650002,0.009410463,-0.010662627,-0.018801272,0.008149287,-0.0049284496,-0.0065015643,-0.009570864,0.008381405,0.01233736,-0.0021446138,-0.0065452373,-0.01236047,0.01313729,0.015098985,-0.0014658356,-0.00877124,-0.0057819774,-0.012725225,0.0133246705,-0.009910518,0.003938649,0.014742111,0.0018045611,0.0054187244,0.011518848
-0.01583736,0.0140479235,0.010947903,0.0008946052,0.003757088,-0.00029973255,0.016406551,0.018130101,-0.0094794035,-0.0037973858,0.0018329826,-0.010235011,-0.015154759,0.007386979,0.018997634,0.007448165,0.00015694002,-0.018723289,-0.0018237144,0.00028820348,-0.0045562023,-0.020735385,-0.0070062024,-0.013525896,-0.004687285,0.003182461,-0.017545,-0.019460281,-0.009754676,0.011125533,0.009179794,0.025150761
-0.008927064,0.012080252,0.014254824,0.0011684903,-0.0031867498,0.008892878,0.009650002,0.009410463,-0.010662627,-0.018801272,0.008149287,-0.0049284496,-0.0065015643,-0.009570864,0.008381405,0.01233736,-0.0021446138,-0.0065452373,-0.01236047,0.01313729,0.015098985,-0.0014658356,-0.00877124,-0.0057819774,-0.012725225,0.0133246705,-0.009910518,0.003938649,0.014742111,0.0018045611,0.0054187244,0.011518848
-0.01583736,0.0140479235,0.010947903,0.0008946052,0.003757088,-0.00029973255,0.016406551,0.018130101,-0.0094794035,-0.0037973858,0.0018329826,-0.010235011,-0.015154759,0.007386979,0.018997634,0.007448165,0.00015694002,-0.018723289,-0.0018237144,0.00028820348,-0.0045562023,-0.020735385,-0.0070062024,-0.013525896,-0.004687285,0.003182461,-0.017545,-0.019460281,-0.009754676,0.011125533,0.009179794,0.025150761
-0.008927064,0.012080252,0.014254824,0.0011684903,-0.0031867498,0.008892878,0.009650002,0.009410463,-0.010662627,-0.018801272,0.008149287,-0.0049284496,-0.0065015643,-0.009570864,0.008381405,0.01233736,-0.0021446138,-0.0065452373,-0.01236047,0.01313729,0.015098985,-0.0014658356,-0.00877124,-0.0057819774,-0.012725225,0.0133246705,-0.009910518,0.003938649,0.014742111,0.0018045611,0.0054187244,0.011518848
-0.01583736,0.0140479235,0.010947903,0.0008946052,0.003757088,-0.00029973255,0.016406551,0.018130101,-0.0094794035,-0.0037973858,0.0018329826,-0.010235011,-0.015154759,0.007386979,0.018997634,0.007448165,0.00015694002,-0.018723289,-0.0018237144,0.00028820348,-0.0045562023,-0.020735385,-0.0070062024,-0.013525896,-0.004687285,0.003182461,-0.017545,-0.019460281,-0.009754676,0.011125533,0.009179794,0.025150761
-0.008927064,0.012080252,0.014254824,0.0011684903,-0.0031867498,0.008892878,0.009650002,0.009410463,-0.010662627,-0.018801272,0.008149287,-0.0049284496,-0.0065015643,-0.009570864,0.008381405,0.01233736,-0.0021446138,-0.0065452373,-0.01236047,0.01313729,0.015098985,-0.0014658356,-0.00877124,-0.0057819774,-0.012725225,0.0133246705,-0.009910518,0.003938649,0.014742111,0.0018045611,0.0054187244,0.011518848
0.036025595,0.4063006,0.27721003,0.33815542,0.29306802,0.7891423,0.2406126,0.3218216,0.31086886,0.6884675,-0.26968646,-0.42852023,0.07856996,-0.5708808,-0.046718873,-0.50492936,0.28616354,-0.40884688,0.11178088,0.41260776,-0.34711838,0.1593801,-0.677867,0.08361834,0.12896495,0.03912605,-0.24145518,0.32901666,0.20141405,0.51601404,0.19096845,-0.39396423
-0.82629764,-0.23979017,0.9809602,-0.02477818,0.25465068,0.6410256,-0.085946664,-0.3677009,0.057892222,-0.2788997,0.17917356,-0.28357726,-0.6227223,0.18515864,0.30156013,-0.21170594,0.24892153,0.48785552,-0.011573682,0.34531593,-0.19237316,-0.18780036,-0.5177585,0.0003941711,-0.4881705,-0.09817427,-0.21440876,0.3556693,0.32704225,-0.58082396,0.22840035,0.4563822
0.6381239,-0.18466921,-0.21915376,-0.09208107,-0.10713519,0.5274957,0.298607,0.77837497,-0.110176265,-0.8277827,-0.26849586,-0.41728514,0.6210446,-0.43225425,-0.010099437,-0.20662509,-0.32077044,-0.2221287,0.30714828,-0.009973734,-0.078499615,0.035369538,-0.39846444,-0.5982973,0.06681194,0.029394176,-0.660091,0.056868277,0.5612674,0.22761287,0.72848177,-0.31745774
-0.76852643,0.052667715,0.647535,0.33788365,0.34663478,0.34772116,0.197587,-0.07754458,-0.03370164,-0.5643096,0.52933323,0.16228814,-0.2850487,0.42946213,0.09258397,-0.12383951,-0.0547197,0.3485206,0.2055121,-0.2766163,0.2194496,-0.021483578,0.06836873,-0.20743102,-0.09122539,0.14875549,-0.22390239,-0.14107531,0.3535845,-0.0597232,0.7452582,0.45014584
0.06264347,-0.56348926,-0.18271615,-0.13131206,-0.30903453,0.17394307,0.098714426,0.4068006,0.24636939,-0.59196806,-0.1042792,-0.14734782,0.32295972,0.22672,0.42744756,0.015112843,-0.25645864,-0.065441355,0.08657308,-0.049654942,0.15802404,-0.16865537,0.11947007,-0.22221738,-0.036951855,-0.11976208,-0.4712239,-0.042131133,0.26122838,-0.23880683,0.22038233,-0.18339378
0.028718451,0.09862981,-0.12900996,0.09149,0.11757536,0.24248819,0.12726843,0.095594026,-0.04125985,-0.13119274,-0.070695534,-0.2349643,-0.04506874,0.074614376,0.07834732,-0.3266896,-0.37997538,0.18451837,0.37674055,0.114548706,0.074099034,0.14997284,0.32829797,-0.20964158,-0.533507,-0.10995695,0.0046303105,-0.03856152,0.014964779,-0.30799428,0.08628405,0.3754555
-0.01583736,0.0140479235,0.010947903,0.0008946052,0.003757088,-0.00029973255,0.016406551,0.018130101,-0.0094794035,-0.0037973858,0.0018329826,-0.010235011,-0.015154759,0.007386979,0.018997634,0.007448165,0.00015694002,-0.018723289,-0.0018237144,0.00028820348,-0.0045562023,-0.020735385,-0.0070062024,-0.013525896,-0.004687285,0.003182461,-0.017545,-0.019460281,-0.009754676,0.011125533,0.009179794,0.025150761
-0.008927064,0.012080252,0.014254824,0.0011684903,-0.0031867498,0.008892878,0.009650002,0.009410463,-0.010662627,-0.018801272,0.008149287,-0.0049284496,-0.0065015643,-0.009570864,0.008381405,0.01233736,-0.0021446138,-0.0065452373,-0.01236047,0.01313729,0.015098985,-0.0014658356,-0.00877124,-0.0057819774,-0.012725225,0.0133246705,-0.009910518,0.003938649,0.014742111,0.0018045611,0.0054187244,0.011518848
-0.01583736,0.0140479235,0.010947903,0.0008946052,0.003757088,-0.00029973255,0.016406551,0.018130101,-0.0094794035,-0.0037973858,0.0018329826,-0.010235011,-0.015154759,0.007386979,0.018997634,0.007448165,0.00015694002,-0.018723289,-0.0018237144,0.00028820348,-0.0045562023,-0.020735385,-0.0070062024,-0.013525896,-0.004687285,0.003182461,-0.017545,-0.019460281,-0.009754676,0.011125533,0.009179794,0.025150761
-0.008927064,0.012080252,0.014254824,0.0011684903,-0.0031867498,0.008892878,0.009650002,0.009410463,-0.010662627,-0.018801272,0.008149287,-0.0049284496,-0.0065015643,-0.009570864,0.008381405,0.01233736,-0.0021446138,-0.0065452373,-0.01236047,0.01313729,0.015098985,-0.0014658356,-0.00877124,-0.0057819774,-0.012725225,0.0133246705,-0.009910518,0.003938649,0.014742111,0.0018045611,0.0054187244,0.011518848
-0.01583736,0.0140479235,0.010947903,0.0008946052,0.003757088,-0.00029973255,0.016406551,0.018130101,-0.0094794035,-0.0037973858,0.0018329826,-0.010235011,-0.015154759,0.007386979,0.018997634,0.007448165,0.00015694002,-0.018723289,-0.0018237144,0.00028820348,-0.0045562023,-0.020735385,-0.0070062024,-0.013525896,-0.004687285,0.003182461,-0.017545,-0.019460281,-0.009754676,0.011125533,0.009179794,0.025150761
-0.008927064,0.012080252,0.014254824,0.0011684903,-0.0031867498,0.008892878,0.009650002,0.009410463,-0.010662627,-0.018801272,0.008149287,-0.0049284496,-0.0065015643,-0.009570864,0.008381405,0.01233736,-0.0021446138,-0.0065452373,-0.01236047,0.01313729,0.015098985,-0.0014658356,-0.00877124,-0.0057819774,-0.012725225,0.0133246705,-0.009910518,0.003938649,0.014742111,0.0018045611,0.0054187244,0.011518848
-0.01583736,0.0140479235,0.010947903,0.0008946052,0.003757088,-0.00029973255,0.016406551,0.018130101,-0.0094794035,-0.0037973858,0.0018329826,-0.010235011,-0.015154759,0.007386979,0.018997634,0.007448165,0.00015694002,-0.018723289,-0.0018237144,0.00028820348,-0.0045562023,-0.020735385,-0.0070062024,-0.013525896,-0.004687285,0.003182461,-0.017545,-0.019460281,-0.009754676,0.011125533,0.009179794,0.025150761
-0.008927064,0.012080252,0.014254824,0.0011684903,-0.0031867498,0.008892878,0.009650002,0.009410463,-0.010662627,-0.018801272,0.008149287,-0.0049284496,-0.0065015643,-0.009570864,0.008381405,0.01233736,-0.0021446138,-0.0065452373,-0.01236047,0.01313729,0.015098985,-0.0014658356,-0.00877124,-0.0057819774,-0.012725225,0.0133246705,-0.009910518,0.003938649,0.014742111,0.0018045611,0.0054187244,0.011518848
-0.01583736,0.0140479235,0.010947903,0.0008946052,0.003757088,-0.00029973255,0.016406551,0.018130101,-0.0094794035,-0.0037973858,0.0018329826,-0.010235011,-0.015154759,0.007386979,0.018997634,0.007448165,0.00015694002,-0.018723289,-0.0018237144,0.00028820348,-0.0045562023,-0.020735385,-0.0070062024,-0.013525896,-0.004687285,0.003182461,-0.017545,-0.019460281,-0.009754676,0.011125533,0.009179794,0.025150761
-0.008927064,0.012080252,0.014254824,0.0011684903,-0.0031867498,0.008892878,0.009650002,0.009410463,-0.010662627,-0.018801272,0.008149287,-0.0049284496,-0.0065015643,-0.009570864,0.008381405,0.01233736,-0.0021446138,-0.0065452373,-0.01236047,0.01313729,0.015098985,-0.0014658356,-0.00877124,-0.0057819774,-0.012725225,0.0133246705,-0.009910518,0.003938649,0.014742111,0.0018045611,0.0054187244,0.011518848
-0.01583736,0.0140479235,0.010947903,0.0008946052,0.003757088,-0.00029973255,0.016406551,0.018130101,-0.0094794035,-0.0037973858,0.0018329826,-0.010235011,-0.015154759,0.007386979,0.018997634,0.007448165,0.00015694002,-0.018723289,-0.0018237144,0.00028820348,-0.0045562023,-0.020735385,-0.0070062024,-0.013525896,-0.004687285,0.003182461,-0.017545,-0.019460281,-0.009754676,0.011125533,0.009179794,0.025150761
-0.008927064,0.012080252,0.014254824,0.0011684903,-0.0031867498,0.008892878,0.009650002,0.009410463,-0.010662627,-0.018801272,0.008149287,-0.0049284496,-0.0065015643,-0.009570864,0.008381405,0.01233736,-0.0021446138,-0.0065452373,-0.01236047,0.01313729,0.015098985,-0.0014658356,-0.00877124,-0.0057819774,-0.012725225,0.0133246705,-0.009910518,0.003938649,0.014742111,0.0018045611,0.0054187244,0.011518848
-0.01583736,0.0140479235,0.010947903,0.0008946052,0.003757088,-0.00029973255,0.016406551,0.018130101,-0.0094794035,-0.0037973858,0.0018329826,-0.010235011,-0.015154759,0.007386979,0.018997634,0.007448165,0.00015694002,-0.018723289,-0.0018237144,0.00028820348,-0.0045562023,-0.020735385,-0.0070062024,-0.013525896,-0.004687285,0.003182461,-0.017545,-0.019460281,-0.009754676,0.011125533,0.009179794,0.025150761
-0.008927064,0.012080252,0.014254824,0.0011684903,-0.0031867498,0.008892878,0.009650002,0.009410463,-0.010662627,-0.018801272,0.008149287,-0.0049284496,-0.0065015643,-0.009570864,0.008381405,0.01233736,-0.0021446138,-0.0065452373,-0.01236047,0.01313729,0.015098985,-0.0014658356,-0.00877124,-0.0057819774,-0.012725225,0.0133246705,-0.009910518,0.003938649,0.014742111,0.0018045611,0.0054187244,0.011518848
-0.01583736,0.0140479235,0.010947903,0.0008946052,0.003757088,-0.00029973255,0.016406551,0.018130101,-0.0094794035,-0.0037973858,0.0018329826,-0.010235011,-0.015154759,0.007386979,0.018997634,0.007448165,0.00015694002,-0.018723289,-0.0018237144,0.00028820348,-0.0045562023,-0.020735385,-0.0070062024,-0.013525896,-0.004687285,0.003182461,-0.017545,-0.019460281,-0.009754676,0.011125533,0.009179794,0.025150761
-0.008927064,0.012080252,0.014254824,0.0011684903,-0.0031867498,0.008892878,0.009650002,0.009410463,-0.010662627,-0.018801272,0.008149287,-0.0049284496,-0.0065015643,-0.009570864,0.008381405,0.01233736,-0.0021446138,-0.0065452373,-0.01236047,0.01313729,0.015098985,-0.0014658356,-0.00877124,-0.0057819774,-0.012725225,0.0133246705,-0.009910518,0.003938649,0.014742111,0.0018045611,0.0054187244,0.011518848
-0.01583736,0.0140479235,0.010947903,0.0008946052,0.003757088,-0.00029973255,0.016406551,0.018130101,-0.0094794035,-0.0037973858,0.0018329826,-0.010235011,-0.015154759,0.007386979,0.018997634,0.007448165,0.00015694002,-0.018723289,-0.0018237144,0.00028820348,-0.0045562023,-0.020735385,-0.0070062024,-0.013525896,-0.004687285,0.003182461,-0.017545,-0.019460281,-0.009754676,0.011125533,0.009179794,0.025150761
-0.008927064,0.012080252,0.014254824,0.0011684903,-0.0031867498,0.008892878,0.009650002,0.009410463,-0.010662627,-0.018801272,0.008149287,-0.0049284496,-0.0065015643,-0.009570864,0.008381405,0.01233736,-0.0021446138,-0.0065452373,-0.01236047,0.01313729,0.015098985,-0.0014658356,-0.00877124,-0.0057819774,-0.012725225,0.0133246705,-0.009910518,0.003938649,0.014742111,0.0018045611,0.0054187244,0.011518848
-0.01583736,0.0140479235,0.010947903,0.0008946052,0.003757088,-0.00029973255,0.016406551,0.018130101,-0.0094794035,-0.0037973858,0.0018329826,-0.010235011,-0.015154759,0.007386979,0.018997634,0.007448165,0.00015694002,-0.018723289,-0.0018237144,0.00028820348,-0.0045562023,-0.020735385,-0.0070062024,-0.013525896,-0.004687285,0.003182461,-0.017545,-0.019460281,-0.009754676,0.011125533,0.009179794,0.025150761
-0.008927064,0.012080252,0.014254824,0.0011684903,-0.0031867498,0.008892878,0.009650002,0.009410463,-0.010662627,-0.018801272,0.008149287,-0.0049284496,-0.0065015643,-0.009570864,0.008381405,0.01233736,-0.0021446138,-0.0065452373,-0.01236047,0.01313729,0.015098985,-0.0014658356,-0.00877124,-0.0057819774,-0.012725225,0.0133246705,-0.009910518,0.003938649,0.014742111,0.0018045611,0.0054187244,0.011518848
-0.01583736,0.0140479235,0.010947903,0.0008946052,0.003757088,-0.00029973255,0.016406551,0.018130101,-0.0094794035,-0.0037973858,0.0018329826,-0.010235011,-0.015154759,0.007386979,0.018997634,0.007448165,0.00015694002,-0.018723289,-0.0018237144,0.00028820348,-0.0045562023,-0.020735385,-0.0070062024,-0.013525896,-0.004687285,0.003182461,-0.017545,-0.019460281,-0.009754676,0.011125533,0.009179794,0.025150761
-0.008927064,0.012080252,0.014254824,0.0011684903,-0.0031867498,0.008892878,0.009650002,0.009410463,-0.010662627,-0.018801272,0.008149287,-0.0049284496,-0.0065015643,-0.009570864,0.008381405,0.01233736,-0.0021446138,-0.0065452373,-0.01236047,0.01313729,0.015098985,-0.0014658356,-0.00877124,-0.0057819774,-0.012725225,0.0133246705,-0.009910518,0.003938649,0.014742111,0.0018045611,0.0054187244,0.011518848
-0.01583736,0.0140479235,0.010947903,0.0008946052,0.003757088,-0.00029973255,0.016406551,0.018130101,-0.0094794035,-0.0037973858,0.0018329826,-0.010235011,-0.015154759,0.007386979,0.018997634,0.007448165,0.00015694002,-0.018723289,-0.0018237144,0.00028820348,-0.0045562023,-0.020735385,-0.0070062024,-0.013525896,-0.004687285,0.003182461,-0.017545,-0.019460281,-0.009754676,0.011125533,0.009179794,0.025150761
-0.008927064,0.012080252,0.014254824,0.0011684903,-0.0031867498,0.008892878,0.009650002,0.009410463,-0.010662627,-0.018801272,0.008149287,-0.0049284496,-0.0065015643,-0.009570864,0.008381405,0.01233736,-0.0021446138,-0.0065452373,-0.01236047,0.01313729,0.015098985,-0.0014658356,-0.00877124,-0.0057819774,-0.012725225,0.0133246705,-0.009910518,0.003938649,0.014742111,0.0018045611,0.0054187244,0.011518848
-0.01583736,0.0140479235,0.010947903,0.0008946052,0.003757088,-0.00029973255,0.016406551,0.018130101,-0.0094794035,-0.0037973858,0.0018329826,-0.010235011,-0.015154759,0.007386979,0.018997634,0.007448165,0.00015694002,-0.018723289,-0.0018237144,0.00028820348,-0.0045562023,-0.020735385,-0.0070062024,-0.013525896,-0.004687285,0.003182461,-0.017545,-0.019460281,-0.009754676,0.011125533,0.009179794,0.025150761
-0.008927064,0.012080252,0.014254824,0.0011684903,-0.0031867498,0.008892878,0.009650002,0.009410463,-0.010662627,-0.018801272,0.008149287,-0.0049284496,-0.0065015643,-0.009570864,0.008381405,0.01233736,-0.0021446138,-0.0065452373,-0.01236047,0.01313729,0.015098985,-0.0014658356,-0.00877124,-0.0057819774,-0.012725225,0.0133246705,-0.009910518,0.003938649,0.014742111,0.0018045611,0.0054187244,0.011518848
-0.01583736,0.0140479235,0.010947903,0.0008946052,0.003757088,-0.00029973255,0.016406551,0.018130101,-0.0094794035,-0.0037973858,0.0018329826,-0.010235011,-0.015154759,0.007386979,0.018997634,0.007448165,0.00015694002,-0.018723289,-0.0018237144,0.00028820348,-0.0045562023,-0.020735385,-0.0070062024,-0.013525896,-0.004687285,0.003182461,-0.017545,-0.019460281,-0.009754676,0.011125533,0.009179794,0.025150761
-0.008927064,0.012080252,0.014254824,0.0011684903,-0.0031867498,0.008892878,0.009650002,0.009410463,-0.010662627,-0.018801272,0.008149287,-0.0049284496,-0.0065015643,-0.009570864,0.008381405,0.01233736,-0.0021446138,-0.0065452373,-0.01236047,0.01313729,0.015098985,-0.0014658356,-0.00877124,-0.0057819774,-0.012725225,0.0133246705,-0.009910518,0.003938649,0.014742111,0.0018045611,0.0054187244,0.011518848
-0.01583736,0.0140479235,0.010947903,0.0008946052,0.003757088,-0.00029973255,0.016406551,0.018130101,-0.0094794035,-0.0037973858,0.0018329826,-0.010235011,-0.015154759,0.007386979,0.018997634,0.007448165,0.00015694002,-0.018723289,-0.0018237144,0.00028820348,-0.0045562023,-0.020735385,-0.0070062024,-0.013525896,-0.004687285,0.003182461,-0.017545,-0.019460281,-0.009754676,0.011125533,0.009179794,0.025150761
-0.008927064,0.012080252,0.014254824,0.0011684903,-0.0031867498,0.008892878,0.009650002,0.009410463,-0.010662627,-0.018801272,0.008149287,-0.0049284496,-0.0065015643,-0.009570864,0.008381405,0.01233736,-0.0021446138,-0.0065452373,-0.01236047,0.01313729,0.015098985,-0.0014658356,-0.00877124,-0.0057819774,-0.012725225,0.0133246705,-0.009910518,0.003938649,0.014742111,0.0018045611,0.0054187244,0.011518848
-0.01583736,0.0140479235,0.010947903,0.0008946052,0.003757088,-0.00029973255,0.016406551,0.018130101,-0.0094794035,-0.0037973858,0.0018329826,-0.010235011,-0.015154759,0.007386979,0.018997634,0.007448165,0.00015694002,-0.018723289,-0.0018237144,0.00028820348,-0.0045562023,-0.020735385,-0.0070062024,-0.013525896,-0.004687285,0.003182461,-0.017545,-0.019460281,-0.009754676,0.011125533,0.009179794,0.025150761
-0.008927064,0.012080252,0.014254824,0.0011684903,-0.0031867498,0.008892878,0.009650002,0.009410463,-0.010662627,-0.018801272,0.008149287,-0.0049284496,-0.0065015643,-0.009570864,0.008381405,0.01233736,-0.0021446138,-0.0065452373,-0.01236047,0.01313729,0.015098985,-0.0014658356,-0.00877124,-0.0057819774,-0.012725225,0.0133246705,-0.009910518,0.003938649,0.014742111,0.0018045611,0.0054187244,0.011518848
-0.01583736,0.0140479235,0.010947903,0.0008946052,0.003757088,-0.00029973255,0.016406551,0.018130101,-0.0094794035,-0.0037973858,0.0018329826,-0.010235011,-0.015154759,0.007386979,0.018997634,0.007448165,0.00015694002,-0.018723289,-0.0018237144,0.00028820348,-0.0045562023,-0.020735385,-0.0070062024,-0.013525896,-0.004687285,0.003182461,-0.017545,-0.019460281,-0.009754676,0.011125533,0.009179794,0.025150761
-0.008927064,0.012080252,0.014254824,0.0011684903,-0.0031867498,0.008892878,0.009650002,0.009410463,-0.010662627,-0.018801272,0.008149287,-0.0049284496,-0.0065015643,-0.009570864,0.008381405,0.01233736,-0.0021446138,-0.0065452373,-0.01236047,0.01313729,0.015098985,-0.0014658356,-0.00877124,-0.0057819774,-0.012725225,0.0133246705,-0.009910518,0.003938649,0.014742111,0.0018045611,0.0054187244,0.011518848
-0.01583736,0.0140479235,0.010947903,0.0008946052,0.003757088,-0.00029973255,0.016406551,0.018130101,-0.0094794035,-0.0037973858,0.0018329826,-0.010235011,-0.015154759,0.007386979,0.018997634,0.007448165,0.00015694002,-0.018723289,-0.0018237144,0.00028820348,-0.0045562023,-0.020735385,-0.0070062024,-0.013525896,-0.004687285,0.003182461,-0.017545,-0.019460281,-0.009754676,0.011125533,0.009179794,0.025150761
-0.008927064,0.012080252,0.014254824,0.0011684903,-0.0031867498,0.008892878,0.009650002,0.009410463,-0.010662627,-0.018801272,0.008149287,-0.0049284496,-0.0065015643,-0.009570864,0.008381405,0.01233736,-0.0021446138,-0.0065452373,-0.01236047,0.01313729,0.015098985,-0.0014658356,-0.00877124,-0.0057819774,-0.012725225,0.0133246705,-0.009910518,0.003938649,0.014742111,0.0018045611,0.0054187244,0.011518848
-0.01583736,0.0140479235,0.010947903,0.0008946052,0.003757088,-0.00029973255,0.016406551,0.018130101,-0.0094794035,-0.0037973858,0.0018329826,-0.010235011,-0.015154759,0.007386979,0.018997634,0.007448165,0.00015694002,-0.018723289,-0.0018237144,0.00028820348,-0.0045562023,-0.020735385,-0.0070062024,-0.013525896,-0.004687285,0.003182461,-0.017545,-0.019460281,-0.009754676,0.011125533,0.009179794,0.025150761
-0.008927064,0.012080252,0.014254824,0.0011684903,-0.0031867498,0.008892878,0.009650002,0.009410463,-0.010662627,-0.018801272,0.008149287,-0.0049284496,-0.0065015643,-0.009570864,0.008381405,0.01233736,-0.0021446138,-0.0065452373,-0.01236047,0.01313729,0.015098985,-0.0014658356,-0.00877124,-0.0057819774,-0.012725225,0.0133246705,-0.009910518,0.003938649,0.014742111,0.0018045611,0.0054187244,0.011518848
-0.01583736,0.0140479235,0.010947903,0.0008946052,0.003757088,-0.00029973255,0.016406551,0.018130101,-0.0094794035,-0.0037973858,0.0018329826,-0.010235011,-0.015154759,0.007386979,0.018997634,0.007448165,0.00015694002,-0.018723289,-0.0018237144,0.00028820348,-0.0045562023,-0.020735385,-0.0070062024,-0.013525896,-0.004687285,0.003182461,-0.017545,-0.019460281,-0.009754676,0.011125533,0.009179794,0.025150761
-0.008927064,0.012080252,0.014254824,0.0011684903,-0.0031867498,0.008892878,0.009650002,0.009410463,-0.010662627,-0.018801272,0.008149287,-0.0049284496,-0.0065015643,-0.009570864,0.008381405,0.01233736,-0.0021446138,-0.0065452373,-0.01236047,0.01313729,0.015098985,-0.0014658356,-0.00877124,-0.0057819774,-0.012725225,0.0133246705,-0.009910518,0.003938649,0.014742111,0.0018045611,0.0054187244,0.011518848
-0.01583736,0.0140479235,0.010947903,0.0008946052,0.003757088,-0.00029973255,0.016406551,0.018130101,-0.0094794035,-0.0037973858,0.0018329826,-0.010235011,-0.015154759,0.007386979,0.018997634,0.007448165,0.00015694002,-0.018723289,-0.0018237144,0.00028820348,-0.0045562023,-0.020735385,-0.0070062024,-0.013525896,-0.004687285,0.003182461,-0.017545,-0.019460281,-0.009754676,0.011125533,0.009179794,0.025150761
-0.008927064,0.012080252,0.014254824,0.0011684903,-0.0031867498,0.008892878,0.009650002,0.009410463,-0.010662627,-0.018801272,0.008149287,-0.0049284496,-0.0065015643,-0.009570864,0.008381405,0.01233736,-0.0021446138,-0.0065452373,-0.01236047,0.01313729,0.015098985,-0.0014658356,-0.00877124,-0.0057819774,-0.012725225,0.0133246705,-0.009910518,0.003938649,0.014742111,0.0018045611,0.0054187244,0.011518848
-0.01583736,0.0140479235,0.010947903,0.0008946052,0.003757088,-0.00029973255,0.016406551,0.018130101,-0.0094794035,-0.0037973858,0.0018329826,-0.010235011,-0.015154759,0.007386979,0.018997634,0.007448165,0.00015694002,-0.018723289,-0.0018237144,0.00028820348,-0.0045562023,-0.020735385,-0.0070062024,-0.013525896,-0.004687285,0.003182461,-0.017545,-0.019460281,-0.009754676,0.011125533,0.009179794,0.025150761
-0.008927064,0.012080252,0.014254824,0.0011684903,-0.0031867498,0.008892878,0.009650002,0.009410463,-0.010662627,-0.018801272,0.008149287,-0.0049284496,-0.0065015643,-0.009570864,0.008381405,0.01233736,-0.0021446138,-0.0065452373,-0.01236047,0.01313729,0.015098985,-0.0014658356,-0.00877124,-0.0057819774,-0.012725225,0.0133246705,-0.009910518,0.003938649,0.014742111,0.0018045611,0.0054187244,0.011518848
-0.01583736,0.0140479235,0.010947903,0.0008946052,0.003757088,-0.00029973255,0.016406551,0.018130101,-0.0094794035,-0.0037973858,0.0018329826,-0.010235011,-0.015154759,0.007386979,0.018997634,0.007448165,0.00015694002,-0.018723289,-0.0018237144,0.00028820348,-0.0045562023,-0.020735385,-0.0070062024,-0.013525896,-0.004687285,0.003182461,-0.017545,-0.019460281,-0.009754676,0.011125533,0.009179794,0.025150761
-0.008927064,0.012080252,0.014254824,0.0011684903,-0.0031867498,0.008892878,0.009650002,0.009410463,-0.010662627,-0.018801272,0.008149287,-0.0049284496,-0.0065015643,-0.009570864,0.008381405,0.01233736,-0.0021446138,-0.0065452373,-0.01236047,0.01313729,0.015098985,-0.0014658356,-0.00877124,-0.0057819774,-0.012725225,0.0133246705,-0.009910518,0.003938649,0.014742111,0.0018045611,0.0054187244,0.011518848
-0.01583736,0.0140479235,0.010947903,0.0008946052,0.003757088,-0.00029973255,0.016406551,0.018130101,-0.0094794035,-0.0037973858,0.0018329826,-0.010235011,-0.015154759,0.007386979,0.018997634,0.007448165,0.00015694002,-0.018723289,-0.0018237144,0.00028820348,-0.0045562023,-0.020735385,-0.0070062024,-0.013525896,-0.004687285,0.003182461,-0.017545,-0.019460281,-0.009754676,0.011125533,0.009179794,0.025150761
-0.008927064,0.012080252,0.014254824,0.0011684903,-0.0031867498,0.008892878,0.009650002,0.009410463,-0.010662627,-0.018801272,0.008149287,-0.0049284496,-0.0065015643,-0.009570864,0.008381405,0.01233736,-0.0021446138,-0.0065452373,-0.01236047,0.01313729,0.015098985,-0.0014658356,-0.00877124,-0.0057819774,-0.012725225,0.0133246705,-0.009910518,0.003938649,0.014742111,0.0018045611,0.0054187244,0.011518848
-0.01583736,0.0140479235,0.010947903,0.0008946052,0.003757088,-0.00029973255,0.016406551,0.018130101,-0.0094794035,-0.0037973858,0.0018329826,-0.010235011,-0.015154759,0.007386979,0.018997634,0.007448165,0.00015694002,-0.018723289,-0.0018237144,0.00028820348,-0.0045562023,-0.020735385,-0.0070062024,-0.013525896,-0.004687285,0.003182461,-0.017545,-0.019460281,-0.009754676,0.011125533,0.009179794,0.025150761
-0.008927064,0.012080252,0.014254824,0.0011684903,-0.0031867498,0.008892878,0.009650002,0.009410463,-0.010662627,-0.018801272,0.008149287,-0.0049284496,-0.0065015643,-0.009570864,0.008381405,0.01233736,-0.0021446138,-0.0065452373,-0.01236047,0.01313729,0.015098985,-0.0014658356,-0.00877124,-0.0057819774,-0.012725225,0.0133246705,-0.009910518,0.003938649,0.014742111,0.0018045611,0.0054187244,0.011518848
-0.01583736,0.0140479235,0.010947903,0.0008946052,0.003757088,-0.00029973255,0.016406551,0.018130101,-0.0094794035,-0.0037973858,0.0018329826,-0.010235011,-0.015154759,0.007386979,0.018997634,0.007448165,0.00015694002,-0.018723289,-0.0018237144,0.00028820348,-0.0045562023,-0.020735385,-0.0070062024,-0.013525896,-0.004687285,0.003182461,-0.017545,-0.019460281,-0.009754676,0.011125533,0.009179794,0.025150761
-0.008927064,0.012080252,0.014254824,0.0011684903,-0.0031867498,0.008892878,0.009650002,0.009410463,-0.010662627,-0.018801272,0.008149287,-0.0049284496,-0.0065015643,-0.009570864,0.008381405,0.01233736,-0.0021446138,-0.0065452373,-0.01236047,0.01313729,0.015098985,-0.0014658356,-0.00877124,-0.0057819774,-0.012725225,0.0133246705,-0.009910518,0.003938649,0.014742111,0.0018045611,0.0054187244,0.011518848
-0.01583736,0.0140479235,0.010947903,0.0008946052,0.003757088,-0.00029973255,0.016406551,0.018130101,-0.0094794035,-0.0037973858,0.0018329826,-0.010235011,-0.015154759,0.007386979,0.018997634,0.007448165,0.00015694002,-0.018723289,-0.0018237144,0.00028820348,-0.0045562023,-0.020735385,-0.0070062024,-0.013525896,-0.004687285,0.003182461,-0.017545,-0.019460281,-0.009754676,0.011125533,0.009179794,0.025150761
-0.008927064,0.012080252,0.014254824,0.0011684903,-0.0031867498,0.008892878,0.009650002,0.009410463,-0.010662627,-0.018801272,0.008149287,-0.0049284496,-0.0065015643,-0.009570864,0.008381405,0.01233736,-0.0021446138,-0.0065452373,-0.01236047,0.01313729,0.015098985,-0.0014658356,-0.00877124,-0.0057819774,-0.012725225,0.0133246705,-0.009910518,0.003938649,0.014742111,0.0018045611,0.0054187244,0.011518848
-0.01583736,0.0140479235,0.010947903,0.0008946052,0.003757088,-0.00029973255,0.016406551,0.018130101,-0.0094794035,-0.0037973858,0.0018329826,-0.010235011,-0.015154759,0.007386979,0.018997634,0.007448165,0.00015694002,-0.018723289,-0.0018237144,0.00028820348,-0.0045562023,-0.020735385,-0.0070062024,-0.013525896,-0.004687285,0.003182461,-0.017545,-0.019460281,-0.009754676,0.011125533,0.009179794,0.025150761
-0.008927064,0.012080252,0.014254824,0.0011684903,-0.0031867498,0.008892878,0.009650002,0.009410463,-0.010662627,-0.018801272,0.008149287,-0.0049284496,-0.0065015643,-0.009570864,0.008381405,0.01233736,-0.0021446138,-0.0065452373,-0.01236047,0.01313729,0.015098985,-0.0014658356,-0.00877124,-0.0057819774,-0.012725225,0.0133246705,-0.009910518,0.003938649,0.014742111,0.0018045611,0.0054187244,0.011518848
0.36347893,0.30609968,0.3245959,0.2255958,0.6071316,0.45435685,0.09168184,0.395867,-0.0025206166,0.14765942,0.11444076,-0.42235544,-0.1792841,-0.70232004,-0.13512704,-0.44043744,0.114018075,-0.6364588,-0.2675062,0.23602478,-0.28911698,0.10008144,-0.36743605,-0.14292422,-0.058953978,0.1548616,-0.5758076,0.19950771,0.30482385,0.45248622,-0.014674681,-0.27862704
-0.8250698,-0.06964185,0.16558455,0.04930497,0.09319305,0.58197784,0.22978836,-0.37490192,0.2913743,-0.61895764,-0.17397483,-0.46576744,-0.32782182,0.26333353,-0.08236051,0.31429306,-0.16847143,0.45404866,-0.17803963,-0.18032573,-0.016271047,-0.32751432,-0.26743314,-0.08723101,-0.27985066,0.011911023,-0.4005731,0.49338204,0.09941947,-0.19426519,0.5097936,-0.10560791
0.5630173,-0.32920998,-0.17682713,-0.1753846,0.00288611,0.4771551,0.13747975,1.0795369,-0.083123915,-0.4074885,-0.28129208,-0.3778811,0.37632316,-0.48177996,-0.3903383,-0.11850105,-0.040390123,0.14674914,0.32408714,0.399665,0.21396378,-0.10485165,-0.81910443,-0.26442006,0.16036658,-0.2289994,-0.45908028,-0.16167025,0.31031862,0.5220298,0.4934998,-0.08338554
-0.99808747,0.22576267,0.030969195,0.33837163,0.54408044,0.31818575,0.016029518,-0.45283404,-0.048942786,-0.48955804,0.2855012,0.8747084,-0.33216226,0.6569857,0.21490534,-0.4811231,-0.08184591,0.63043016,0.035558276,-0.3081855,0.020914998,-0.08721617,-0.053243175,-0.4242142,-0.13001531,-0.17464435,-0.22433604,-0.2822747,-0.020107977,0.022073664,0.5004718,0.4231884
-0.1691958,-0.5581673,-0.15020114,-0.02688006,-0.27192163,0.098339155,0.39802676,0.48292708,0.17401747,-0.7539808,0.31260228,-0.32498842,0.25421426,0.15184455,0.034793835,0.07646166,-0.25571296,0.17631918,-0.43508488,-0.501419,0.31054237,-0.31025475,-0.13268869,-0.18720844,-0.32244703,-0.26962376,-0.11917095,-0.10662979,0.4084124,0.11687771,0.26363564,-0.07594052
0.04296378,0.4177402,0.15138619,0.10400581,0.23741716,0.21083222,0.38118958,0.015415015,-0.11935445,0.08860897,0.26701018,-0.32013047,-0.13071917,-0.026117463,-0.23682609,-0.21732113,-0.27392647,0.1496775,-0.17143978,-0.10720995,0.22504799,0.34369177,0.3591495,-0.14351922,0.10694326,-0.1040756,0.078433536,-0.3996461,0.30042335,0.020015098,-0.049370248,0.1810032
-0.01583736,0.0140479235,0.010947903,0.0008946052,0.003757088,-0.00029973255,0.016406551,0.018130101,-0.0094794035,-0.0037973858,0.0018329826,-0.010235011,-0.015154759,0.007386979,0.018997634,0.007448165,0.00015694002,-0.018723289,-0.0018237144,0.00028820348,-0.0045562023,-0.020735385,-0.0070062024,-0.013525896,-0.004687285,0.003182461,-0.017545,-0.019460281,-0.009754676,0.011125533,0.009179794,0.025150761
-0.008927064,0.012080252,0.014254824,0.0011684903,-0.0031867498,0.008892878,0.009650002,0.009410463,-0.010662627,-0.018801272,0.008149287,-0.0049284496,-0.0065015643,-0.009570864,0.008381405,0.01233736,-0.0021446138,-0.0065452373,-0.01236047,0.01313729,0.015098985,-0.0014658356,-0.00877124,-0.0057819774,-0.012725225,0.0133246705,-0.009910518,0.003938649,0.014742111,0.0018045611,0.0054187244,0.011518848
-0.01583736,0.0140479235,0.010947903,0.0008946052,0.003757088,-0.00029973255,0.016406551,0.018130101,-0.0094794035,-0.0037973858,0.0018329826,-0.010235011,-0.015154759,0.007386979,0.018997634,0.007448165,0.00015694002,-0.018723289,-0.0018237144,0.00028820348,-0.0045562023,-0.020735385,-0.0070062024,-0.013525896,-0.004687285,0.003182461,-0.017545,-0.019460281,-0.009754676,0.011125533,0.009179794,0.025150761
-0.008927064,0.012080252,0.014254824,0.0011684903,-0.0031867498,0.008892878,0.009650002,0.009410463,-0.010662627,-0.018801272,0.008149287,-0.0049284496,-0.0065015643,-0.009570864,0.008381405,0.01233736,-0.0021446138,-0.0065452373,-0.01236047,0.01313729,0.015098985,-0.0014658356,-0.00877124,-0.0057819774,-0.012725225,0.0133246705,-0.009910518,0.003938649,0.014742111,0.0018045611,0.0054187244,0.011518848
-0.01583736,0.0140479235,0.010947903,0.0008946052,0.003757088,-0.00029973255,0.016406551,0.018130101,-0.0094794035,-0.0037973858,0.0018329826,-0.010235011,-0.015154759,0.007386979,0.018997634,0.007448165,0.00015694002,-0.018723289,-0.0018237144,0.00028820348,-0.0045562023,-0.020735385,-0.0070062024,-0.013525896,-0.004687285,0.003182461,-0.017545,-0.019460281,-0.009754676,0.011125533,0.009179794,0.025150761
-0.008927064,0.012080252,0.014254824,0.0011684903,-0.0031867498,0.008892878,0.009650002,0.009410463,-0.010662627,-0.018801272,0.008149287,-0.0049284496,-0.0065015643,-0.009570864,0.008381405,0.01233736,-0.0021446138,-0.0065452373,-0.01236047,0.01313729,0.015098985,-0.0014658356,-0.00877124,-0.0057819774,-0.012725225,0.0133246705,-0.009910518,0.003938649,0.014742111,0.0018045611,0.0054187244,0.011518848
-0.01583736,0.0140479235,0.010947903,0.0008946052,0.003757088,-0.00029973255,0.016406551,0.018130101,-0.0094794035,-0.0037973858,0.0018329826,-0.010235011,-0.015154759,0.007386979,0.018997634,0.007448165,0.00015694002,-0.018723289,-0.0018237144,0.00028820348,-0.0045562023,-0.020735385,-0.0070062024,-0.013525896,-0.004687285,0.003182461,-0.017545,-0.019460281,-0.009754676,0.011125533,0.009179794,0.025150761
-0.008927064,0.012080252,0.014254824,0.0011684903,-0.0031867498,0.008892878,0.009650002,0.009410463,-0.010662627,-0.018801272,0.008149287,-0.0049284496,-0.0065015643,-0.009570864,0.008381405,0.01233736,-0.0021446138,-0.0065452373,-0.01236047,0.01313729,0.015098985,-0.0014658356,-0.00877124,-0.0057819774,-0.012725225,0.0133246705,-0.009910518,0.003938649,0.014742111,0.0018045611,0.0054187244,0.011518848
-0.01583736,0.0140479235,0.010947903,0.0008946052,0.003757088,-0.00029973255,0.016406551,0.018130101,-0.0094794035,-0.0037973858,0.0018329826,-0.010235011,-0.015154759,0.007386979,0.018997634,0.007448165,0.00015694002,-0.018723289,-0.0018237144,0.00028820348,-0.0045562023,-0.020735385,-0.0070062024,-0.013525896,-0.004687285,0.003182461,-0.017545,-0.019460281,-0.009754676,0.011125533,0.009179794,0.025150761
-0.008927064,0.012080252,0.014254824,0.0011684903,-0.0031867498,0.008892878,0.009650002,0.009410463,-0.010662627,-0.018801272,0.008149287,-0.0049284496,-0.0065015643,-0.009570864,0.008381405,0.01233736,-0.0021446138,-0.0065452373,-0.01236047,0.01313729,0.015098985,-0.0014658356,-0.00877124,-0.0057819774,-0.012725225,0.0133246705,-0.009910518,0.003938649,0.014742111,0.0018045611,0.0054187244,0.011518848
-0.01583736,0.0140479235,0.010947903,0.0008946052,0.003757088,-0.00029973255,0.016406551,0.018130101,-0.0094794035,-0.0037973858,0.0018329826,-0.010235011,-0.015154759,0.007386979,0.018997634,0.007448165,0.00015694002,-0.018723289,-0.0018237144,0.00028820348,-0.0045562023,-0.020735385,-0.0070062024,-0.013525896,-0.004687285,0.003182461,-0.017545,-0.019460281,-0.009754676,0.011125533,0.009179794,0.025150761
-0.008927064,0.012080252,0.014254824,0.0011684903,-0.0031867498,0.008892878,0.009650002,0.009410463,-0.010662627,-0.018801272,0.008149287,-0.0049284496,-0.0065015643,-0.009570864,0.008381405,0.01233736,-0.0021446138,-0.0065452373,-0.01236047,0.01313729,0.015098985,-0.0014658356,-0.00877124,-0.0057819774,-0.012725225,0.0133246705,-0.009910518,0.003938649,0.014742111,0.0018045611,0.0054187244,0.011518848
-0.01583736,0.0140479235,0.010947903,0.0008946052,0.003757088,-0.00029973255,0.016406551,0.018130101,-0.0094794035,-0.0037973858,0.0018329826,-0.010235011,-0.015154759,0.007386979,0.018997634,0.007448165,0.00015694002,-0.018723289,-0.0018237144,0.00028820348,-0.0045562023,-0.020735385,-0.0070062024,-0.013525896,-0.004687285,0.003182461,-0.017545,-0.019460281,-0.009754676,0.011125533,0.009179794,0.025150761
-0.008927064,0.012080252,0.014254824,0.0011684903,-0.0031867498,0.008892878,0.009650002,0.009410463,-0.010662627,-0.018801272,0.008149287,-0.0049284496,-0.0065015643,-0.009570864,0.008381405,0.01233736,-0.0021446138,-0.0065452373,-0.01236047,0.01313729,0.015098985,-0.0014658356,-0.00877124,-0.0057819774,-0.012725225,0.0133246705,-0.009910518,0.003938649,0.014742111,0.0018045611,0.0054187244,0.011518848
-0.01583736,0.0140479235,0.010947903,0.0008946052,0.003757088,-0.00029973255,0.016406551,0.018130101,-0.0094794035,-0.0037973858,0.0018329826,-0.010235011,-0.015154759,0.007386979,0.018997634,0.007448165,0.00015694002,-0.018723289,-0.0018237144,0.00028820348,-0.0045562023,-0.020735385,-0.0070062024,-0.013525896,-0.004687285,0.003182461,-0.017545,-0.019460281,-0.009754676,0.011125533,0.009179794,0.025150761
-0.008927064,0.012080252,0.014254824,0.0011684903,-0.0031867498,0.008892878,0.009650002,0.009410463,-0.010662627,-0.018801272,0.008149287,-0.0049284496,-0.0065015643,-0.009570864,0.008381405,0.01233736,-0.0021446138,-0.0065452373,-0.01236047,0.01313729,0.015098985,-0.0014658356,-0.00877124,-0.0057819774,-0.012725225,0.0133246705,-0.009910518,0.003938649,0.014742111,0.0018045611,0.0054187244,0.011518848
-0.01583736,0.0140479235,0.010947903,0.0008946052,0.003757088,-0.00029973255,0.016406551,0.018130101,-0.0094794035,-0.0037973858,0.0018329826,-0.010235011,-0.015154759,0.007386979,0.018997634,0.007448165,0.00015694002,-0.018723289,-0.0018237144,0.00028820348,-0.0045562023,-0.020735385,-0.0070062024,-0.013525896,-0.004687285,0.003182461,-0.017545,-0.019460281,-0.009754676,0.011125533,0.009179794,0.025150761
-0.008927064,0.012080252,0.014254824,0.0011684903,-0.0031867498,0.008892878,0.009650002,0.009410463,-0.010662627,-0.018801272,0.008149287,-0.0049284496,-0.0065015643,-0.009570864,0.008381405,0.01233736,-0.0021446138,-0.0065452373,-0.01236047,0.01313729,0.015098985,-0.0014658356,-0.00877124,-0.0057819774,-0.012725225,0.0133246705,-0.009910518,0.003938649,0.014742111,0.0018045611,0.0054187244,0.011518848
-0.01583736,0.0140479235,0.010947903,0.0008946052,0.003757088,-0.00029973255,0.016406551,0.018130101,-0.0094794035,-0.0037973858,0.0018329826,-0.010235011,-0.015154759,0.007386979,0.018997634,0.007448165,0.00015694002,-0.018723289,-0.0018237144,0.00028820348,-0.0045562023,-0.020735385,-0.0070062024,-0.013525896,-0.004687285,0.003182461,-0.017545,-0.019460281,-0.009754676,0.011125533,0.009179794,0.025150761
-0.008927064,0.012080252,0.014254824,0.0011684903,-0.0031867498,0.008892878,0.009650002,0.009410463,-0.010662627,-0.018801272,0.008149287,-0.0049284496,-0.0065015643,-0.009570864,0.008381405,0.01233736,-0.0021446138,-0.0065452373,-0.01236047,0.01313729,0.015098985,-0.0014658356,-0.00877124,-0.0057819774,-0.012725225,0.0133246705,-0.009910518,0.003938649,0.014742111,0.0018045611,0.0054187244,0.011518848
-0.01583736,0.0140479235,0.010947903,0.0008946052,0.003757088,-0.00029973255,0.016406551,0.018130101,-0.0094794035,-0.0037973858,0.0018329826,-0.010235011,-0.015154759,0.007386979,0.018997634,0.007448165,0.00015694002,-0.018723289,-0.0018237144,0.00028820348,-0.0045562023,-0.020735385,-0.0070062024,-0.013525896,-0.004687285,0.003182461,-0.017545,-0.019460281,-0.009754676,0.011125533,0.009179794,0.025150761
-0.008927064,0.012080252,0.014254824,0.0011684903,-0.0031867498,0.008892878,0.009650002,0.009410463,-0.010662627,-0.018801272,0.008149287,-0.0049284496,-0.0065015643,-0.009570864,0.008381405,0.01233736,-0.0021446138,-0.0065452373,-0.01236047,0.01313729,0.015098985,-0.0014658356,-0.00877124,-0.0057819774,-0.012725225,0.0133246705,-0.009910518,0.003938649,0.014742111,0.0018045611,0.0054187244,0.011518848
-0.01583736,0.0140479235,0.010947903,0.0008946052,0.003757088,-0.00029973255,0.016406551,0.018130101,-0.0094794035,-0.0037973858,0.0018329826,-0.010235011,-0.015154759,0.007386979,0.018997634,0.007448165,0.00015694002,-0.018723289,-0.0018237144,0.00028820348,-0.0045562023,-0.020735385,-0.0070062024,-0.013525896,-0.004687285,0.003182461,-0.017545,-0.019460281,-0.009754676,0.011125533,0.009179794,0.025150761
-0.008927064,0.012080252,0.014254824,0.0011684903,-0.0031867498,0.008892878,0.009650002,0.009410463,-0.010662627,-0.018801272,0.008149287,-0.0049284496,-0.0065015643,-0.009570864,0.008381405,0.01233736,-0.0021446138,-0.0065452373,-0.01236047,0.01313729,0.015098985,-0.0014658356,-0.00877124,-0.0057819774,-0.012725225,0.0133246705,-0.009910518,0.003938649,0.014742111,0.0018045611,0.0054187244,0.011518848
-0.01583736,0.0140479235,0.010947903,0.0008946052,0.003757088,-0.00029973255,0.016406551,0.018130101,-0.0094794035,-0.0037973858,0.0018329826,-0.010235011,-0.015154759,0.007386979,0.018997634,0.007448165,0.00015694002,-0.018723289,-0.0018237144,0.00028820348,-0.0045562023,-0.020735385,-0.0070062024,-0.013525896,-0.004687285,0.003182461,-0.017545,-0.019460281,-0.009754676,0.011125533,0.009179794,0.025150761
-0.008927064,0.012080252,0.014254824,0.0011684903,-0.0031867498,0.008892878,0.009650002,0.009410463,-0.010662627,-0.018801272,0.008149287,-0.0049284496,-0.0065015643,-0.009570864,0.008381405,0.01233736,-0.0021446138,-0.0065452373,-0.01236047,0.01313729,0.015098985,-0.0014658356,-0.00877124,-0.0057819774,-0.012725225,0.0133246705,-0.009910518,0.003938649,0.014742111,0.0018045611,0.0054187244,0.011518848
-0.01583736,0.0140479235,0.010947903,0.0008946052,0.003757088,-0.00029973255,0.016406551,0.018130101,-0.0094794035,-0.0037973858,0.0018329826,-0.010235011,-0.015154759,0.007386979,0.018997634,0.007448165,0.00015694002,-0.018723289,-0.0018237144,0.00028820348,-0.0045562023,-0.020735385,-0.0070062024,-0.013525896,-0.004687285,0.003182461,-0.017545,-0.019460281,-0.009754676,0.011125533,0.009179794,0.025150761
-0.008927064,0.012080252,0.014254824,0.0011684903,-0.0031867498,0.008892878,0.009650002,0.009410463,-0.010662627,-0.018801272,0.008149287,-0.0049284496,-0.0065015643,-0.009570864,0.008381405,0.01233736,-0.0021446138,-0.0065452373,-0.01236047,0.01313729,0.015098985,-0.0014658356,-0.00877124,-0.0057819774,-0.012725225,0.0133246705,-0.009910518,0.003938649,0.014742111,0.0018045611,0.0054187244,0.011518848
-0.01583736,0.0140479235,0.010947903,0.0008946052,0.003757088,-0.00029973255,0.016406551,0.018130101,-0.0094794035,-0.0037973858,0.0018329826,-0.010235011,-0.015154759,0.007386979,0.018997634,0.007448165,0.00015694002,-0.018723289,-0.0018237144,0.00028820348,-0.0045562023,-0.020735385,-0.0070062024,-0.013525896,-0.004687285,0.003182461,-0.017545,-0.019460281,-0.009754676,0.011125533,0.009179794,0.025150761
-0.008927064,0.012080252,0.014254824,0.0011684903,-0.0031867498,0.008892878,0.009650002,0.009410463,-0.010662627,-0.018801272,0.008149287,-0.0049284496,-0.0065015643,-0.009570864,0.008381405,0.01233736,-0.0021446138,-0.0065452373,-0.01236047,0.01313729,0.015098985,-0.0014658356,-0.00877124,-0.0057819774,-0.012725225,0.0133246705,-0.009910518,0.003938649,0.014742111,0.0018045611,0.0054187244,0.011518848
-0.01583736,0.0140479235,0.010947903,0.0008946052,0.003757088,-0.00029973255,0.016406551,0.018130101,-0.0094794035,-0.0037973858,0.0018329826,-0.010235011,-0.015154759,0.007386979,0.018997634,0.007448165,0.00015694002,-0.018723289,-0.0018237144,0.00028820348,-0.0045562023,-0.020735385,-0.0070062024,-0.013525896,-0.004687285,0.003182461,-0.017545,-0.019460281,-0.009754676,0.011125533,0.009179794,0.025150761
-0.008927064,0.012080252,0.014254824,0.0011684903,-0.0031867498,0.008892878,0.009650002,0.009410463,-0.010662627,-0.018801272,0.008149287,-0.0049284496,-0.0065015643,-0.009570864,0.008381405,0.01233736,-0.0021446138,-0.0065452373,-0.01236047,0.01313729,0.015098985,-0.0014658356,-0.00877124,-0.0057819774,-0.012725225,0.0133246705,-0.009910518,0.003938649,0.014742111,0.0018045611,0.0054187244,0.011518848
-0.01583736,0.0140479235,0.010947903,0.0008946052,0.003757088,-0.00029973255,0.016406551,0.018130101,-0.0094794035,-0.0037973858,0.0018329826,-0.010235011,-0.015154759,0.007386979,0.018997634,0.007448165,0.00015694002,-0.018723289,-0.0018237144,0.00028820348,-0.0045562023,-0.020735385,-0.0070062024,-0.013525896,-0.004687285,0.003182461,-0.017545,-0.019460281,-0.009754676,0.011125533,0.009179794,0.025150761
-0.008927064,0.012080252,0.014254824,0.0011684903,-0.0031867498,0.008892878,0.009650002,0.009410463,-0.010662627,-0.018801272,0.008149287,-0.0049284496,-0.0065015643,-0.009570864,0.008381405,0.01233736,-0.0021446138,-0.0065452373,-0.01236047,0.01313729,0.015098985,-0.0014658356,-0.00877124,-0.0057819774,-0.012725225,0.0133246705,-0.009910518,0.003938649,0.014742111,0.0018045611,0.0054187244,0.011518848
-0.01583736,0.0140479235,0.010947903,0.0008946052,0.003757088,-0.00029973255,0.016406551,0.018130101,-0.0094794035,-0.0037973858,0.0018329826,-0.010235011,-0.015154759,0.007386979,0.018997634,0.007448165,0.00015694002,-0.018723289,-0.0018237144,0.00028820348,-0.0045562023,-0.020735385,-0.0070062024,-0.013525896,-0.004687285,0.003182461,-0.017545,-0.019460281,-0.009754676,0.011125533,0.009179794,0.025150761
-0.008927064,0.012080252,0.014254824,0.0011684903,-0.0031867498,0.008892878,0.009650002,0.009410463,-0.010662627,-0.018801272,0.008149287,-0.0049284496,-0.0065015643,-0.009570864,0.008381405,0.01233736,-0.0021446138,-0.0065452373,-0.01236047,0.01313729,0.015098985,-0.0014658356,-0.00877124,-0.0057819774,-0.012725225,0.0133246705,-0.009910518,0.003938649,0.014742111,0.0018045611,0.0054187244,0.011518848
-0.01583736,0.0140479235,0.010947903,0.0008946052,0.003757088,-0.00029973255,0.016406551,0.018130101,-0.0094794035,-0.0037973858,0.0018329826,-0.010235011,-0.015154759,0.007386979,0.018997634,0.007448165,0.00015694002,-0.018723289,-0.0018237144,0.00028820348,-0.0045562023,-0.020735385,-0.0070062024,-0.013525896,-0.004687285,0.003182461,-0.017545,-0.019460281,-0.009754676,0.011125533,0.009179794,0.025150761
-0.008927064,0.012080252,0.014254824,0.0011684903,-0.0031867498,0.008892878,0.009650002,0.009410463,-0.010662627,-0.018801272,0.008149287,-0.0049284496,-0.0065015643,-0.009570864,0.008381405,0.01233736,-0.0021446138,-0.0065452373,-0.01236047,0.01313729,0.015098985,-0.0014658356,-0.00877124,-0.0057819774,-0.012725225,0.0133246705,-0.009910518,0.003938649,0.014742111,0.0018045611,0.0054187244,0.011518848
-0.01583736,0.0140479235,0.010947903,0.0008946052,0.003757088,-0.00029973255,0.016406551,0.018130101,-0.0094794035,-0.0037973858,0.0018329826,-0.010235011,-0.015154759,0.007386979,0.018997634,0.007448165,0.00015694002,-0.018723289,-0.0018237144,0.00028820348,-0.0045562023,-0.020735385,-0.0070062024,-0.013525896,-0.004687285,0.003182461,-0.017545,-0.019460281,-0.009754676,0.011125533,0.009179794,0.025150761
-0.008927064,0.012080252,0.014254824,0.0011684903,-0.0031867498,0.008892878,0.009650002,0.009410463,-0.010662627,-0.018801272,0.008149287,-0.0049284496,-0.0065015643,-0.009570864,0.008381405,0.01233736,-0.0021446138,-0.0065452373,-0.01236047,0.01313729,0.015098985,-0.0014658356,-0.00877124,-0.0057819774,-0.012725225,0.0133246705,-0.009910518,0.003938649,0.014742111,0.0018045611,0.0054187244,0.011518848
-0.01583736,0.0140479235,0.010947903,0.0008946052,0.003757088,-0.00029973255,0.016406551,0.018130101,-0.0094794035,-0.0037973858,0.0018329826,-0.010235011,-0.015154759,0.007386979,0.018997634,0.007448165,0.00015694002,-0.018723289,-0.0018237144,0.00028820348,-0.0045562023,-0.020735385,-0.0070062024,-0.013525896,-0.004687285,0.003182461,-0.017545,-0.019460281,-0.009754676,0.011125533,0.009179794,0.025150761
-0.008927064,0.012080252,0.014254824,0.0011684903,-0.0031867498,0.008892878,0.009650002,0.009410463,-0.010662627,-0.018801272,0.008149287,-0.0049284496,-0.0065015643,-0.009570864,0.008381405,0.01233736,-0.0021446138,-0.0065452373,-0.01236047,0.01313729,0.015098985,-0.0014658356,-0.00877124,-0.0057819774,-0.012725225,0.0133246705,-0.009910518,0.003938649,0.014742111,0.0018045611,0.0054187244,0.011518848
-0.01583736,0.0140479235,0.010947903,0.0008946052,0.003757088,-0.00029973255,0.016406551,0.018130101,-0.0094794035,-0.0037973858,0.0018329826,-0.010235011,-0.015154759,0.007386979,0.018997634,0.007448165,0.00015694002,-0.018723289,-0.0018237144,0.00028820348,-0.0045562023,-0.020735385,-0.0070062024,-0.013525896,-0.004687285,0.003182461,-0.017545,-0.019460281,-0.009754676,0.011125533,0.009179794,0.025150761
-0.008927064,0.012080252,0.014254824,0.0011684903,-0.0031867498,0.008892878,0.009650002,0.009410463,-0.010662627,-0.018801272,0.008149287,-0.0049284496,-0.0065015643,-0.009570864,0.008381405,0.01233736,-0.0021446138,-0.0065452373,-0.01236047,0.01313729,0.015098985,-0.0014658356,-0.00877124,-0.0057819774,-0.012725225,0.0133246705,-0.009910518,0.003938649,0.014742111,0.0018045611,0.0054187244,0.011518848
-0.01583736,0.0140479235,0.010947903,0.0008946052,0.003757088,-0.00029973255,0.016406551,0.018130101,-0.0094794035,-0.0037973858,0.0018329826,-0.010235011,-0.015154759,0.007386979,0.018997634,0.007448165,0.00015694002,-0.018723289,-0.0018237144,0.00028820348,-0.0045562023,-0.020735385,-0.0070062024,-0.013525896,-0.004687285,0.003182461,-0.017545,-0.019460281,-0.009754676,0.011125533,0.009179794,0.025150761
-0.008927064,0.012080252,0.014254824,0.0011684903,-0.0031867498,0.008892878,0.009650002,0.009410463,-0.010662627,-0.018801272,0.008149287,-0.0049284496,-0.0065015643,-0.009570864,0.008381405,0.01233736,-0.0021446138,-0.0065452373,-0.01236047,0.01313729,0.015098985,-0.0014658356,-0.00877124,-0.0057819774,-0.012725225,0.0133246705,-0.009910518,0.003938649,0.014742111,0.0018045611,0.0054187244,0.011518848
-0.01583736,0.0140479235,0.010947903,0.0008946052,0.003757088,-0.00029973255,0.016406551,0.018130101,-0.0094794035,-0.0037973858,0.0018329826,-0.010235011,-0.015154759,0.007386979,0.018997634,0.007448165,0.00015694002,-0.018723289,-0.0018237144,0.00028820348,-0.0045562023,-0.020735385,-0.0070062024,-0.013525896,-0.004687285,0.003182461,-0.017545,-0.019460281,-0.009754676,0.011125533,0.009179794,0.025150761
-0.008927064,0.012080252,0.014254824,0.0011684903,-0.0031867498,0.008892878,0.009650002,0.009410463,-0.010662627,-0.018801272,0.008149287,-0.0049284496,-0.0065015643,-0.009570864,0.008381405,0.01233736,-0.0021446138,-0.0065452373,-0.01236047,0.01313729,0.015098985,-0.0014658356,-0.00877124,-0.0057819774,-0.012725225,0.0133246705,-0.009910518,0.003938649,0.014742111,0.0018045611,0.0054187244,0.011518848
-0.01583736,0.0140479235,0.010947903,0.0008946052,0.003757088,-0.00029973255,0.016406551,0.018130101,-0.0094794035,-0.0037973858,0.0018329826,-0.010235011,-0.015154759,0.007386979,0.018997634,0.007448165,0.00015694002,-0.018723289,-0.0018237144,0.00028820348,-0.0045562023,-0.020735385,-0.0070062024,-0.013525896,-0.004687285,0.003182461,-0.017545,-0.019460281,-0.009754676,0.011125533,0.009179794,0.025150761
-0.008927064,0.012080252,0.014254824,0.0011684903,-0.0031867498,0.008892878,0.009650002,0.009410463,-0.010662627,-0.018801272,0.008149287,-0.0049284496,-0.0065015643,-0.009570864,0.008381405,0.01233736,-0.0021446138,-0.0065452373,-0.01236047,0.01313729,0.015098985,-0.0014658356,-0.00877124,-0.0057819774,-0.012725225,0.0133246705,-0.009910518,0.003938649,0.014742111,0.0018045611,0.0054187244,0.011518848
-0.01583736,0.0140479235,0.010947903,0.0008946052,0.003757088,-0.00029973255,0.016406551,0.018130101,-0.0094794035,-0.0037973858,0.0018329826,-0.010235011,-0.015154759,0.007386979,0.018997634,0.007448165,0.00015694002,-0.018723289,-0.0018237144,0.00028820348,-0.0045562023,-0.020735385,-0.0070062024,-0.013525896,-0.004687285,0.003182461,-0.017545,-0.019460281,-0.009754676,0.011125533,0.009179794,0.025150761
-0.008927064,0.012080252,0.014254824,0.0011684903,-0.0031867498,0.008892878,0.009650002,0.009410463,-0.010662627,-0.018801272,0.008149287,-0.0049284496,-0.0065015643,-0.009570864,0.008381405,0.01233736,-0.0021446138,-0.0065452373,-0.01236047,0.01313729,0.015098985,-0.0014658356,-0.00877124,-0.0057819774,-0.012725225,0.0133246705,-0.009910518,0.003938649,0.014742111,0.0018045611,0.0054187244,0.011518848
-0.01583736,0.0140479235,0.010947903,0.0008946052,0.003757088,-0.00029973255,0.016406551,0.018130101,-0.0094794035,-0.0037973858,0.0018329826,-0.010235011,-0.015154759,0.007386979,0.018997634,0.007448165,0.00015694002,-0.018723289,-0.0018237144,0.00028820348,-0.0045562023,-0.020735385,-0.0070062024,-0.013525896,-0.004687285,0.003182461,-0.017545,-0.019460281,-0.009754676,0.011125533,0.009179794,0.025150761
-0.008927064,0.012080252,0.014254824,0.0011684903,-0.0031867498,0.008892878,0.009650002,0.009410463,-0.010662627,-0.018801272,0.008149287,-0.0049284496,-0.0065015643,-0.009570864,0.008381405,0.01233736,-0.0021446138,-0.0065452373,-0.01236047,0.01313729,0.015098985,-0.0014658356,-0.00877124,-0.0057819774,-0.012725225,0.0133246705,-0.009910518,0.003938649,0.014742111,0.0018045611,0.0054187244,0.011518848
-0.01583736,0.0140479235,0.010947903,0.0008946052,0.003757088,-0.00029973255,0.016406551,0.018130101,-0.0094794035,-0.0037973858,0.0018329826,-0.010235011,-0.015154759,0.007386979,0.018997634,0.007448165,0.00015694002,-0.018723289,-0.0018237144,0.00028820348,-0.0045562023,-0.020735385,-0.0070062024,-0.013525896,-0.004687285,0.003182461,-0.017545,-0.019460281,-0.009754676,0.011125533,0.009179794,0.025150761
-0.008927064,0.012080252,0.014254824,0.0011684903,-0.0031867498,0.008892878,0.009650002,0.009410463,-0.010662627,-0.018801272,0.008149287,-0.0049284496,-0.0065015643,-0.009570864,0.008381405,0.01233736,-0.0021446138,-0.0065452373,-0.01236047,0.01313729,0.015098985,-0.0014658356,-0.00877124,-0.0057819774,-0.012725225,0.0133246705,-0.009910518,0.003938649,0.014742111,0.0018045611,0.0054187244,0.011518848
-0.07938519,0.37406963,0.23458038,0.5159584,0.4978774,0.7514439,0.3344357,0.4294237,0.2909313,0.6125378,-0.18431494,-0.35895362,-0.019731387,-0.5890451,-0.05782195,-0.53497165,0.268346,-0.23212948,-0.020723658,0.5604124,-0.26960027,0.07075587,-0.5487665,0.16797861,0.06324612,0.19031878,-0.4534669,0.23813649,0.17331193,0.5278784,0.06886462,-0.4642616
-0.7607922,-0.07495075,0.45133504,-0.19987029,0.2485799,0.1408498,0.079486616,0.07059215,0.1925968,-0.25114292,0.113992035,-0.03460064,-0.5070879,-0.10178591,-0.025193982,0.573881,-0.33504364,0.33945653,0.13927832,-0.008901415,0.053259555,-0.062603325,-0.35012728,0.31790674,-0.37530375,-0.025759429,-0.31199518,0.014158501,-0.20524865,-0.085265554,0.23352334,0.16149306
0.7624588,-0.2933528,-0.3103141,-0.08788709,-0.2136276,0.64101756,0.39182305,0.85334504,-0.010997146,-0.5937103,-0.15487646,-0.45504263,0.6873596,-0.3888792,0.002627531,-0.31377345,-0.36087897,-0.20692071,0.4093499,-0.023895325,-0.081762455,-0.017473694,-0.47470647,-0.39563376,0.0810588,0.020390188,-0.5443381,0.00970467,0.5204216,0.45098016,0.6375971,-0.1449555
-0.74540335,-0.14144717,0.88909787,0.5451199,0.32317582,0.3411947,0.2450123,-0.8298199,-0.27698252,-0.44597027,0.10424353,0.20506999,-0.42240733,0.66456294,0.099124834,-0.22257592,0.4051744,0.39142308,-0.13120796,-0.26619667,0.042939972,-0.13855207,-0.263827,-0.51376706,-0.4430626,-0.23773476,-0.31847805,-0.16732867,0.5023371,-0.15675105,0.62708616,0.40911466
0.010488205,-0.56325036,-0.2450371,-0.1133004,-0.26824695,0.16743094,0.15183121,0.36776787,0.28629363,-0.567237,-0.13262844,-0.17713691,0.327959,0.18686952,0.48201877,0.059964642,-0.31909505,0.042172417,0.06302084,-0.07922289,0.16988516,-0.15096894,0.17571568,-0.2061393,0.005642237,-0.07840811,-0.44666898,0.02848618,0.26165128,-0.18250805,0.23733729,-0.23636256
-0.24193887,0.6055867,-0.08318658,-0.28375143,0.21797034,0.31581062,0.28562063,-0.004264556,0.028706059,-0.066422224,0.3152554,-0.15668027,-0.11578701,0.21349934,-0.0030360864,-0.0101731075,-0.3262582,0.23434478,0.22381555,-0.29949173,0.27197605,0.2887064,0.18935469,0.15101878,-0.22573464,-0.06397691,-0.1176185,-0.23572424,0.22569932,-0.36741602,0.36887255,-0.016433075
-0.01583736,0.0140479235,0.010947903,0.0008946052,0.003757088,-0.00029973255,0.016406551,0.018130101,-0.0094794035,-0.0037973858,0.0018329826,-0.010235011,-0.015154759,0.007386979,0.018997634,0.007448165,0.00015694002,-0.018723289,-0.0018237144,0.00028820348,-0.0045562023,-0.020735385,-0.0070062024,-0.013525896,-0.004687285,0.003182461,-0.017545,-0.019460281,-0.009754676,0.011125533,0.009179794,0.025150761
-0.008927064,0.012080252,0.014254824,0.0011684903,-0.0031867498,0.008892878,0.009650002,0.009410463,-0.010662627,-0.018801272,0.008149287,-0.0049284496,-0.0065015643,-0.009570864,0.008381405,0.01233736,-0.0021446138,-0.0065452373,-0.01236047,0.01313729,0.015098985,-0.0014658356,-0.00877124,-0.0057819774,-0.012725225,0.0133246705,-0.009910518,0.003938649,0.014742111,0.0018045611,0.0054187244,0.011518848
-0.01583736,0.0140479235,0.010947903,0.0008946052,0.003757088,-0.00029973255,0.016406551,0.018130101,-0.0094794035,-0.0037973858,0.0018329826,-0.010235011,-0.015154759,0.007386979,0.018997634,0.007448165,0.00015694002,-0.018723289,-0.0018237144,0.00028820348,-0.0045562023,-0.020735385,-0.0070062024,-0.013525896,-0.004687285,0.003182461,-0.017545,-0.019460281,-0.009754676,0.011125533,0.009179794,0.025150761
-0.008927064,0.012080252,0.014254824,0.0011684903,-0.0031867498,0.008892878,0.009650002,0.009410463,-0.010662627,-0.018801272,0.008149287,-0.0049284496,-0.0065015643,-0.009570864,0.008381405,0.01233736,-0.0021446138,-0.0065452373,-0.01236047,0.01313729,0.015098985,-0.0014658356,-0.00877124,-0.0057819774,-0.012725225,0.0133246705,-0.009910518,0.003938649,0.014742111,0.0018045611,0.0054187244,0.011518848
-0.01583736,0.0140479235,0.010947903,0.0008946052,0.003757088,-0.00029973255,0.016406551,0.018130101,-0.0094794035,-0.0037973858,0.0018329826,-0.010235011,-0.015154759,0.007386979,0.018997634,0.007448165,0.00015694002,-0.018723289,-0.0018237144,0.00028820348,-0.0045562023,-0.020735385,-0.0070062024,-0.013525896,-0.004687285,0.003182461,-0.017545,-0.019460281,-0.009754676,0.011125533,0.009179794,0.025150761
-0.008927064,0.012080252,0.014254824,0.0011684903,-0.0031867498,0.008892878,0.009650002,0.009410463,-0.010662627,-0.018801272,0.008149287,-0.0049284496,-0.0065015643,-0.009570864,0.008381405,0.01233736,-0.0021446138,-0.0065452373,-0.01236047,0.01313729,0.015098985,-0.0014658356,-0.00877124,-0.0057819774,-0.012725225,0.0133246705,-0.009910518,0.003938649,0.014742111,0.0018045611,0.0054187244,0.011518848
-0.01583736,0.0140479235,0.010947903,0.0008946052,0.003757088,-0.00029973255,0.016406551,0.018130101,-0.0094794035,-0.0037973858,0.0018329826,-0.010235011,-0.015154759,0.007386979,0.018997634,0.007448165,0.00015694002,-0.018723289,-0.0018237144,0.00028820348,-0.0045562023,-0.020735385,-0.0070062024,-0.013525896,-0.004687285,0.003182461,-0.017545,-0.019460281,-0.009754676,0.011125533,0.009179794,0.025150761
-0.008927064,0.012080252,0.014254824,0.0011684903,-0.0031867498,0.008892878,0.009650002,0.009410463,-0.010662627,-0.018801272,0.008149287,-0.0049284496,-0.0065015643,-0.009570864,0.008381405,0.01233736,-0.0021446138,-0.0065452373,-0.01236047,0.01313729,0.015098985,-0.0014658356,-0.00877124,-0.0057819774,-0.012725225,0.0133246705,-0.009910518,0.003938649,0.014742111,0.0018045611,0.0054187244,0.011518848
-0.01583736,0.0140479235,0.010947903,0.0008946052,0.003757088,-0.00029973255,0.016406551,0.018130101,-0.0094794035,-0.0037973858,0.0018329826,-0.010235011,-0.015154759,0.007386979,0.018997634,0.007448165,0.00015694002,-0.018723289,-0.0018237144,0.00028820348,-0.0045562023,-0.020735385,-0.0070062024,-0.013525896,-0.004687285,0.003182461,-0.017545,-0.019460281,-0.009754676,0.011125533,0.009179794,0.025150761
-0.008927064,0.012080252,0.014254824,0.0011684903,-0.0031867498,0.008892878,0.009650002,0.009410463,-0.010662627,-0.018801272,0.008149287,-0.0049284496,-0.0065015643,-0.009570864,0.008381405,0.01233736,-0.0021446138,-0.0065452373,-0.01236047,0.01313729,0.015098985,-0.0014658356,-0.00877124,-0.0057819774,-0.012725225,0.0133246705,-0.009910518,0.003938649,0.014742111,0.0018045611,0.0054187244,0.011518848
-0.01583736,0.0140479235,0.010947903,0.0008946052,0.003757088,-0.00029973255,0.016406551,0.018130101,-0.0094794035,-0.0037973858,0.0018329826,-0.010235011,-0.015154759,0.007386979,0.018997634,0.007448165,0.00015694002,-0.018723289,-0.0018237144,0.00028820348,-0.0045562023,-0.020735385,-0.0070062024,-0.013525896,-0.004687285,0.003182461,-0.017545,-0.019460281,-0.009754676,0.011125533,0.009179794,0.025150761
-0.008927064,0.012080252,0.014254824,0.0011684903,-0.0031867498,0.008892878,0.009650002,0.009410463,-0.010662627,-0.018801272,0.008149287,-0.0049284496,-0.0065015643,-0.009570864,0.008381405,0.01233736,-0.0021446138,-0.0065452373,-0.01236047,0.01313729,0.015098985,-0.0014658356,-0.00877124,-0.0057819774,-0.012725225,0.0133246705,-0.009910518,0.003938649,0.014742111,0.0018045611,0.0054187244,0.011518848
-0.01583736,0.0140479235,0.010947903,0.0008946052,0.003757088,-0.00029973255,0.016406551,0.018130101,-0.0094794035,-0.0037973858,0.0018329826,-0.010235011,-0.015154759,0.007386979,0.018997634,0.007448165,0.00015694002,-0.018723289,-0.0018237144,0.00028820348,-0.0045562023,-0.020735385,-0.0070062024,-0.013525896,-0.004687285,0.003182461,-0.017545,-0.019460281,-0.009754676,0.011125533,0.009179794,0.025150761
-0.008927064,0.012080252,0.014254824,0.0011684903,-0.0031867498,0.008892878,0.009650002,0.009410463,-0.010662627,-0.018801272,0.008149287,-0.0049284496,-0.0065015643,-0.009570864,0.008381405,0.01233736,-0.0021446138,-0.0065452373,-0.01236047,0.01313729,0.015098985,-0.0014658356,-0.00877124,-0.0057819774,-0.012725225,0.0133246705,-0.009910518,0.003938649,0.014742111,0.0018045611,0.0054187244,0.011518848
-0.01583736,0.0140479235,0.010947903,0.0008946052,0.003757088,-0.00029973255,0.016406551,0.018130101,-0.0094794035,-0.0037973858,0.0018329826,-0.010235011,-0.015154759,0.007386979,0.018997634,0.007448165,0.00015694002,-0.018723289,-0.0018237144,0.00028820348,-0.0045562023,-0.020735385,-0.0070062024,-0.013525896,-0.004687285,0.003182461,-0.017545,-0.019460281,-0.009754676,0.011125533,0.009179794,0.025150761
-0.008927064,0.012080252,0.014254824,0.0011684903,-0.0031867498,0.008892878,0.009650002,0.009410463,-0.010662627,-0.018801272,0.008149287,-0.0049284496,-0.0065015643,-0.009570864,0.008381405,0.01233736,-0.0021446138,-0.0065452373,-0.01236047,0.01313729,0.015098985,-0.0014658356,-0.00877124,-0.0057819774,-0.012725225,0.0133246705,-0.009910518,0.003938649,0.014742111,0.0018045611,0.0054187244,0.011518848
-0.01583736,0.0140479235,0.010947903,0.0008946052,0.003757088,-0.00029973255,0.016406551,0.018130101,-0.0094794035,-0.0037973858,0.0018329826,-0.010235011,-0.015154759,0.007386979,0.018997634,0.007448165,0.00015694002,-0.018723289,-0.0018237144,0.00028820348,-0.0045562023,-0.020735385,-0.0070062024,-0.013525896,-0.004687285,0.003182461,-0.017545,-0.019460281,-0.009754676,0.011125533,0.009179794,0.025150761
-0.008927064,0.012080252,0.014254824,0.0011684903,-0.0031867498,0.008892878,0.009650002,0.009410463,-0.010662627,-0.018801272,0.008149287,-0.0049284496,-0.0065015643,-0.009570864,0.008381405,0.01233736,-0.0021446138,-0.0065452373,-0.01236047,0.01313729,0.015098985,-0.0014658356,-0.00877124,-0.0057819774,-0.012725225,0.0133246705,-0.009910518,0.003938649,0.014742111,0.0018045611,0.0054187244,0.011518848
-0.01583736,0.0140479235,0.010947903,0.0008946052,0.003757088,-0.00029973255,0.016406551,0.018130101,-0.0094794035,-0.0037973858,0.0018329826,-0.010235011,-0.015154759,0.007386979,0.018997634,0.007448165,0.00015694002,-0.018723289,-0.0018237144,0.00028820348,-0.0045562023,-0.020735385,-0.0070062024,-0.013525896,-0.004687285,0.003182461,-0.017545,-0.019460281,-0.009754676,0.011125533,0.009179794,0.025150761
-0.008927064,0.012080252,0.014254824,0.0011684903,-0.0031867498,0.008892878,0.009650002,0.009410463,-0.010662627,-0.018801272,0.008149287,-0.0049284496,-0.0065015643,-0.009570864,0.008381405,0.01233736,-0.0021446138,-0.0065452373,-0.01236047,0.01313729,0.015098985,-0.0014658356,-0.00877124,-0.0057819774,-0.012725225,0.0133246705,-0.009910518,0.003938649,0.014742111,0.0018045611,0.0054187244,0.011518848
-0.01583736,0.0140479235,0.010947903,0.0008946052,0.003757088,-0.00029973255,0.016406551,0.018130101,-0.0094794035,-0.0037973858,0.0018329826,-0.010235011,-0.015154759,0.007386979,0.018997634,0.007448165,0.00015694002,-0.018723289,-0.0018237144,0.00028820348,-0.0045562023,-0.020735385,-0.0070062024,-0.013525896,-0.004687285,0.003182461,-0.017545,-0.019460281,-0.009754676,0.011125533,0.009179794,0.025150761
-0.008927064,0.012080252,0.014254824,0.0011684903,-0.0031867498,0.008892878,0.009650002,0.009410463,-0.010662627,-0.018801272,0.008149287,-0.0049284496,-0.0065015643,-0.009570864,0.008381405,0.01233736,-0.0021446138,-0.0065452373,-0.01236047,0.01313729,0.015098985,-0.0014658356,-0.00877124,-0.0057819774,-0.012725225,0.0133246705,-0.009910518,0.003938649,0.014742111,0.0018045611,0.0054187244,0.011518848
-0.01583736,0.0140479235,0.010947903,0.0008946052,0.003757088,-0.00029973255,0.016406551,0.018130101,-0.0094794035,-0.0037973858,0.0018329826,-0.010235011,-0.015154759,0.007386979,0.018997634,0.007448165,0.00015694002,-0.018723289,-0.0018237144,0.00028820348,-0.0045562023,-0.020735385,-0.0070062024,-0.013525896,-0.004687285,0.003182461,-0.017545,-0.019460281,-0.009754676,0.011125533,0.009179794,0.025150761
-0.008927064,0.012080252,0.014254824,0.0011684903,-0.0031867498,0.008892878,0.009650002,0.009410463,-0.010662627,-0.018801272,0.008149287,-0.0049284496,-0.0065015643,-0.009570864,0.008381405,0.01233736,-0.0021446138,-0.0065452373,-0.01236047,0.01313729,0.015098985,-0.0014658356,-0.00877124,-0.0057819774,-0.012725225,0.0133246705,-0.009910518,0.003938649,0.014742111,0.0018045611,0.0054187244,0.011518848
-0.01583736,0.0140479235,0.010947903,0.0008946052,0.003757088,-0.00029973255,0.016406551,0.018130101,-0.0094794035,-0.0037973858,0.0018329826,-0.010235011,-0.015154759,0.007386979,0.018997634,0.007448165,0.00015694002,-0.018723289,-0.0018237144,0.00028820348,-0.0045562023,-0.020735385,-0.0070062024,-0.013525896,-0.004687285,0.003182461,-0.017545,-0.019460281,-0.009754676,0.011125533,0.009179794,0.025150761
-0.008927064,0.012080252,0.014254824,0.0011684903,-0.0031867498,0.008892878,0.009650002,0.009410463,-0.010662627,-0.018801272,0.008149287,-0.0049284496,-0.0065015643,-0.009570864,0.008381405,0.01233736,-0.0021446138,-0.0065452373,-0.01236047,0.01313729,0.015098985,-0.0014658356,-0.00877124,-0.0057819774,-0.012725225,0.0133246705,-0.009910518,0.003938649,0.014742111,0.0018045611,0.0054187244,0.011518848
-0.01583736,0.0140479235,0.010947903,0.0008946052,0.003757088,-0.00029973255,0.016406551,0.018130101,-0.0094794035,-0.0037973858,0.0018329826,-0.010235011,-0.015154759,0.007386979,0.018997634,0.007448165,0.00015694002,-0.018723289,-0.0018237144,0.00028820348,-0.0045562023,-0.020735385,-0.0070062024,-0.013525896,-0.004687285,0.003182461,-0.017545,-0.019460281,-0.009754676,0.011125533,0.009179794,0.025150761
-0.008927064,0.012080252,0.014254824,0.0011684903,-0.0031867498,0.008892878,0.009650002,0.009410463,-0.010662627,-0.018801272,0.008149287,-0.0049284496,-0.0065015643,-0.009570864,0.008381405,0.01233736,-0.0021446138,-0.0065452373,-0.01236047,0.01313729,0.015098985,-0.0014658356,-0.00877124,-0.0057819774,-0.012725225,0.0133246705,-0.009910518,0.003938649,0.014742111,0.0018045611,0.0054187244,0.011518848
-0.01583736,0.0140479235,0.010947903,0.0008946052,0.003757088,-0.00029973255,0.016406551,0.018130101,-0.0094794035,-0.0037973858,0.0018329826,-0.010235011,-0.015154759,0.007386979,0.018997634,0.007448165,0.00015694002,-0.018723289,-0.0018237144,0.00028820348,-0.0045562023,-0.020735385,-0.0070062024,-0.013525896,-0.004687285,0.003182461,-0.017545,-0.019460281,-0.009754676,0.011125533,0.009179794,0.025150761
-0.008927064,0.012080252,0.014254824,0.0011684903,-0.0031867498,0.008892878,0.009650002,0.009410463,-0.010662627,-0.018801272,0.008149287,-0.0049284496,-0.0065015643,-0.009570864,0.008381405,0.01233736,-0.0021446138,-0.0065452373,-0.01236047,0.01313729,0.015098985,-0.0014658356,-0.00877124,-0.0057819774,-0.012725225,0.0133246705,-0.009910518,0.003938649,0.014742111,0.0018045611,0.0054187244,0.011518848
-0.01583736,0.0140479235,0.010947903,0.0008946052,0.003757088,-0.00029973255,0.016406551,0.018130101,-0.0094794035,-0.0037973858,0.0018329826,-0.010235011,-0.015154759,0.007386979,0.018997634,0.007448165,0.00015694002,-0.018723289,-0.0018237144,0.00028820348,-0.0045562023,-0.020735385,-0.0070062024,-0.013525896,-0.004687285,0.003182461,-0.017545,-0.019460281,-0.009754676,0.011125533,0.009179794,0.025150761
-0.008927064,0.012080252,0.014254824,0.0011684903,-0.0031867498,0.008892878,0.009650002,0.009410463,-0.010662627,-0.018801272,0.008149287,-0.0049284496,-0.0065015643,-0.009570864,0.008381405,0.01233736,-0.0021446138,-0.0065452373,-0.01236047,0.01313729,0.015098985,-0.0014658356,-0.00877124,-0.0057819774,-0.012725225,0.0133246705,-0.009910518,0.003938649,0.014742111,0.0018045611,0.0054187244,0.011518848
-0.01583736,0.0140479235,0.010947903,0.0008946052,0.003757088,-0.00029973255,0.016406551,0.018130101,-0.0094794035,-0.0037973858,0.0018329826,-0.010235011,-0.015154759,0.007386979,0.018997634,0.007448165,0.00015694002,-0.018723289,-0.0018237144,0.00028820348,-0.0045562023,-0.020735385,-0.0070062024,-0.013525896,-0.004687285,0.003182461,-0.017545,-0.019460281,-0.009754676,0.011125533,0.009179794,0.025150761
-0.008927064,0.012080252,0.014254824,0.0011684903,-0.0031867498,0.008892878,0.009650002,0.009410463,-0.010662627,-0.018801272,0.008149287,-0.0049284496,-0.0065015643,-0.009570864,0.008381405,0.01233736,-0.0021446138,-0.0065452373,-0.01236047,0.01313729,0.015098985,-0.0014658356,-0.00877124,-0.0057819774,-0.012725225,0.0133246705,-0.009910518,0.003938649,0.014742111,0.0018045611,0.0054187244,0.011518848
-0.01583736,0.0140479235,0.010947903,0.0008946052,0.003757088,-0.00029973255,0.016406551,0.018130101,-0.0094794035,-0.0037973858,0.0018329826,-0.010235011,-0.015154759,0.007386979,0.018997634,0.007448165,0.00015694002,-0.018723289,-0.0018237144,0.00028820348,-0.0045562023,-0.020735385,-0.0070062024,-0.013525896,-0.004687285,0.003182461,-0.017545,-0.019460281,-0.009754676,0.011125533,0.009179794,0.025150761
-0.008927064,0.012080252,0.014254824,0.0011684903,-0.0031867498,0.008892878,0.009650002,0.009410463,-0.010662627,-0.018801272,0.008149287,-0.0049284496,-0.0065015643,-0.009570864,0.008381405,0.01233736,-0.0021446138,-0.0065452373,-0.01236047,0.01313729,0.015098985,-0.0014658356,-0.00877124,-0.0057819774,-0.012725225,0.0133246705,-0.009910518,0.003938649,0.014742111,0.0018045611,0.0054187244,0.011518848
-0.01583736,0.0140479235,0.010947903,0.0008946052,0.003757088,-0.00029973255,0.016406551,0.018130101,-0.0094794035,-0.0037973858,0.0018329826,-0.010235011,-0.015154759,0.007386979,0.018997634,0.007448165,0.00015694002,-0.018723289,-0.0018237144,0.00028820348,-0.0045562023,-0.020735385,-0.0070062024,-0.013525896,-0.004687285,0.003182461,-0.017545,-0.019460281,-0.009754676,0.011125533,0.009179794,0.025150761
-0.008927064,0.012080252,0.014254824,0.0011684903,-0.0031867498,0.008892878,0.009650002,0.009410463,-0.010662627,-0.018801272,0.008149287,-0.0049284496,-0.0065015643,-0.009570864,0.008381405,0.01233736,-0.0021446138,-0.0065452373,-0.01236047,0.01313729,0.015098985,-0.0014658356,-0.00877124,-0.0057819774,-0.012725225,0.0133246705,-0.009910518,0.003938649,0.014742111,0.0018045611,0.0054187244,0.011518848
-0.01583736,0.0140479235,0.010947903,0.0008946052,0.003757088,-0.00029973255,0.016406551,0.018130101,-0.0094794035,-0.0037973858,0.0018329826,-0.010235011,-0.015154759,0.007386979,0.018997634,0.007448165,0.00015694002,-0.018723289,-0.0018237144,0.00028820348,-0.0045562023,-0.020735385,-0.0070062024,-0.013525896,-0.004687285,0.003182461,-0.017545,-0.019460281,-0.009754676,0.011125533,0.009179794,0.025150761
-0.008927064,0.012080252,0.014254824,0.0011684903,-0.0031867498,0.008892878,0.009650002,0.009410463,-0.010662627,-0.018801272,0.008149287,-0.0049284496,-0.0065015643,-0.009570864,0.008381405,0.01233736,-0.0021446138,-0.0065452373,-0.01236047,0.01313729,0.015098985,-0.0014658356,-0.00877124,-0.0057819774,-0.012725225,0.0133246705,-0.009910518,0.003938649,0.014742111,0.0018045611,0.0054187244,0.011518848
-0.01583736,0.0140479235,0.010947903,0.0008946052,0.003757088,-0.00029973255,0.016406551,0.018130101,-0.0094794035,-0.0037973858,0.0018329826,-0.010235011,-0.015154759,0.007386979,0.018997634,0.007448165,0.00015694002,-0.018723289,-0.0018237144,0.00028820348,-0.0045562023,-0.020735385,-0.0070062024,-0.013525896,-0.004687285,0.003182461,-0.017545,-0.019460281,-0.009754676,0.011125533,0.009179794,0.025150761
-0.008927064,0.012080252,0.014254824,0.0011684903,-0.0031867498,0.008892878,0.009650002,0.009410463,-0.010662627,-0.018801272,0.008149287,-0.0049284496,-0.0065015643,-0.009570864,0.008381405,0.01233736,-0.0021446138,-0.0065452373,-0.01236047,0.01313729,0.015098985,-0.0014658356,-0.00877124,-0.0057819774,-0.012725225,0.0133246705,-0.009910518,0.003938649,0.014742111,0.0018045611,0.0054187244,0.011518848
-0.01583736,0.0140479235,0.010947903,0.0008946052,0.003757088,-0.00029973255,0.016406551,0.018130101,-0.0094794035,-0.0037973858,0.0018329826,-0.010235011,-0.015154759,0.007386979,0.018997634,0.007448165,0.00015694002,-0.018723289,-0.0018237144,0.00028820348,-0.0045562023,-0.020735385,-0.0070062024,-0.013525896,-0.004687285,0.003182461,-0.017545,-0.019460281,-0.009754676,0.011125533,0.009179794,0.025150761
-0.008927064,0.012080252,0.014254824,0.0011684903,-0.0031867498,0.008892878,0.009650002,0.009410463,-0.010662627,-0.018801272,0.008149287,-0.0049284496,-0.0065015643,-0.009570864,0.008381405,0.01233736,-0.0021446138,-0.0065452373,-0.01236047,0.01313729,0.015098985,-0.0014658356,-0.00877124,-0.0057819774,-0.012725225,0.0133246705,-0.009910518,0.003938649,0.014742111,0.0018045611,0.0054187244,0.011518848
-0.01583736,0.0140479235,0.010947903,0.0008946052,0.003757088,-0.00029973255,0.016406551,0.018130101,-0.0094794035,-0.0037973858,0.0018329826,-0.010235011,-0.015154759,0.007386979,0.018997634,0.007448165,0.00015694002,-0.018723289,-0.0018237144,0.00028820348,-0.0045562023,-0.020735385,-0.0070062024,-0.013525896,-0.004687285,0.003182461,-0.017545,-0.019460281,-0.009754676,0.011125533,0.009179794,0.025150761
-0.008927064,0.012080252,0.014254824,0.0011684903,-0.0031867498,0.008892878,0.009650002,0.009410463,-0.010662627,-0.018801272,0.008149287,-0.0049284496,-0.0065015643,-0.009570864,0.008381405,0.01233736,-0.0021446138,-0.0065452373,-0.01236047,0.01313729,0.015098985,-0.0014658356,-0.00877124,-0.0057819774,-0.012725225,0.0133246705,-0.009910518,0.003938649,0.014742111,0.0018045611,0.0054187244,0.011518848
-0.01583736,0.0140479235,0.010947903,0.0008946052,0.003757088,-0.00029973255,0.016406551,0.018130101,-0.0094794035,-0.0037973858,0.0018329826,-0.010235011,-0.015154759,0.007386979,0.018997634,0.007448165,0.00015694002,-0.018723289,-0.0018237144,0.00028820348,-0.0045562023,-0.020735385,-0.0070062024,-0.013525896,-0.004687285,0.003182461,-0.017545,-0.019460281,-0.009754676,0.011125533,0.009179794,0.025150761
-0.008927064,0.012080252,0.014254824,0.0011684903,-0.0031867498,0.008892878,0.009650002,0.009410463,-0.010662627,-0.018801272,0.008149287,-0.0049284496,-0.0065015643,-0.009570864,0.008381405,0.01233736,-0.0021446138,-0.0065452373,-0.01236047,0.01313729,0.015098985,-0.0014658356,-0.00877124,-0.0057819774,-0.012725225,0.0133246705,-0.009910518,0.003938649,0.014742111,0.0018045611,0.0054187244,0.011518848
-0.01583736,0.0140479235,0.010947903,0.0008946052,0.003757088,-0.00029973255,0.016406551,0.018130101,-0.0094794035,-0.0037973858,0.0018329826,-0.010235011,-0.015154759,0.007386979,0.018997634,0.007448165,0.00015694002,-0.018723289,-0.0018237144,0.00028820348,-0.0045562023,-0.020735385,-0.0070062024,-0.013525896,-0.004687285,0.003182461,-0.017545,-0.019460281,-0.009754676,0.011125533,0.009179794,0.025150761
-0.008927064,0.012080252,0.014254824,0.0011684903,-0.0031867498,0.008892878,0.009650002,0.009410463,-0.010662627,-0.018801272,0.008149287,-0.0049284496,-0.0065015643,-0.009570864,0.008381405,0.01233736,-0.0021446138,-0.0065452373,-0.01236047,0.01313729,0.015098985,-0.0014658356,-0.00877124,-0.0057819774,-0.012725225,0.0133246705,-0.009910518,0.003938649,0.014742111,0.0018045611,0.0054187244,0.011518848
-0.01583736,0.0140479235,0.010947903,0.0008946052,0.003757088,-0.00029973255,0.016406551,0.018130101,-0.0094794035,-0.0037973858,0.0018329826,-0.010235011,-0.015154759,0.007386979,0.018997634,0.007448165,0.00015694002,-0.018723289,-0.0018237144,0.00028820348,-0.0045562023,-0.020735385,-0.0070062024,-0.013525896,-0.004687285,0.003182461,-0.017545,-0.019460281,-0.009754676,0.011125533,0.009179794,0.025150761
-0.008927064,0.012080252,0.014254824,0.0011684903,-0.0031867498,0.008892878,0.009650002,0.009410463,-0.010662627,-0.018801272,0.008149287,-0.0049284496,-0.0065015643,-0.009570864,0.008381405,0.01233736,-0.0021446138,-0.0065452373,-0.01236047,0.01313729,0.015098985,-0.0014658356,-0.00877124,-0.0057819774,-0.012725225,0.0133246705,-0.009910518,0.003938649,0.014742111,0.0018045611,0.0054187244,0.011518848
-0.01583736,0.0140479235,0.010947903,0.0008946052,0.003757088,-0.00029973255,0.016406551,0.018130101,-0.0094794035,-0.0037973858,0.0018329826,-0.010235011,-0.015154759,0.007386979,0.018997634,0.007448165,0.00015694002,-0.018723289,-0.0018237144,0.00028820348,-0.0045562023,-0.020735385,-0.0070062024,-0.013525896,-0.004687285,0.003182461,-0.017545,-0.019460281,-0.009754676,0.011125533,0.009179794,0.025150761
-0.008927064,0.012080252,0.014254824,0.0011684903,-0.0031867498,0.008892878,0.009650002,0.009410463,-0.010662627,-0.018801272,0.008149287,-0.0049284496,-0.0065015643,-0.009570864,0.008381405,0.01233736,-0.0021446138,-0.0065452373,-0.01236047,0.01313729,0.015098985,-0.0014658356,-0.00877124,-0.0057819774,-0.012725225,0.0133246705,-0.009910518,0.003938649,0.014742111,0.0018045611,0.0054187244,0.011518848
-0.01583736,0.0140479235,0.010947903,0.0008946052,0.003757088,-0.00029973255,0.016406551,0.018130101,-0.0094794035,-0.0037973858,0.0018329826,-0.010235011,-0.015154759,0.007386979,0.018997634,0.007448165,0.00015694002,-0.018723289,-0.0018237144,0.00028820348,-0.0045562023,-0.020735385,-0.0070062024,-0.013525896,-0.004687285,0.003182461,-0.017545,-0.019460281,-0.009754676,0.011125533,0.009179794,0.025150761
-0.008927064,0.012080252,0.014254824,0.0011684903,-0.0031867498,0.008892878,0.009650002,0.009410463,-0.010662627,-0.018801272,0.008149287,-0.0049284496,-0.0065015643,-0.009570864,0.008381405,0.01233736,-0.0021446138,-0.0065452373,-0.01236047,0.01313729,0.015098985,-0.0014658356,-0.00877124,-0.0057819774,-0.012725225,0.0133246705,-0.009910518,0.003938649,0.014742111,0.0018045611,0.0054187244,0.011518848
0.121824995,0.40303117,0.28408724,0.26491007,0.44201675,0.62191045,0.3650489,0.23680952,0.20676307,0.34916008,-0.22992538,-0.405996,0.120784424,-0.6119886,0.22015694,-0.5366416,0.43713954,-0.47210947,0.18004808,0.46690148,-0.39312088,-0.16913335,-0.5144576,-0.2155931,-0.004944822,0.21802427,-0.33243328,0.09242232,0.24123834,0.26937205,0.15384845,-0.49340087
-1.1133242,-0.007245019,0.389192,0.071261846,0.23302603,0.3595727,-0.0062248698,-0.55138206,-0.092766546,-0.31758204,0.0023481045,-0.0015454178,-0.2527793,0.28552493,0.1024202,0.22204532,-0.19685075,0.29353938,0.14775321,-0.3540011,0.03386596,-0.22423767,-0.07302847,0.21906143,-0.15318194,-0.0650568,-0.49744004,0.26736778,0.087502144,-0.32821152,0.99246734,0.18859634
0.6337864,-0.39801794,-0.113037325,-0.057478,-0.16728513,0.5770511,0.17606626,0.8860061,0.29067984,-0.1989223,-0.1618578,-0.744399,0.51909715,-0.41319317,0.043884914,-0.2577756,-0.23406647,-0.10302457,0.038041435,0.11142972,-0.07173014,-0.010222355,-0.31423655,-0.20169005,0.04129058,-0.015426846,-0.33467376,0.14259781,0.32548013,0.5137035,0.34681663,-0.08487288
-0.23340836,-0.021424621,0.5979976,0.1026267,0.4005556,0.35595417,0.25451207,-0.4500782,0.16097759,-0.9295357,0.3020908,0.47160372,-0.17173076,0.42449242,-0.28227672,0.024197727,-0.40967232,0.16412733,-0.117105074,-0.1963735,0.4570953,0.042867772,-0.20609066,-0.24416235,-0.08561995,-0.31480843,-0.52103996,-0.40347832,0.2860381,-0.18466783,0.29939607,-0.024653569
0.056634877,-0.3804425,-0.15414634,-0.30262005,-0.288951,0.11934421,0.3341266,0.776871,0.2842409,-0.35013986,0.181599,-0.43223092,0.14160717,0.10533193,0.06659167,-0.051234283,-0.3265591,0.061318994,-0.11612463,-0.14247054,0.1679129,-0.35823095,-0.25750202,-0.24429911,0.155538,-0.18883584,-0.33479172,-0.17031528,0.1786312,-0.14439544,0.33581668,-0.10409646
0.030766318,0.24608481,0.31598508,0.13870957,0.10643778,0.36684194,0.5468903,-0.1666564,0.07873262,0.062870644,-0.10742182,-0.052404433,-0.38504258,0.2765215,0.17639911,0.10717417,-0.33528337,0.124417,-0.026294237,-0.053116255,0.23367822,-0.084947206,0.46997228,-0.41009748,-0.37731043,-0.046739247,0.08416172,0.05637925,0.3474791,-0.12696142,0.30817488,-0.08409429
-0.01583736,0.0140479235,0.010947903,0.0008946052,0.003757088,-0.00029973255,0.016406551,0.018130101,-0.0094794035,-0.0037973858,0.0018329826,-0.010235011,-0.015154759,0.007386979,0.018997634,0.007448165,0.00015694002,-0.018723289,-0.0018237144,0.00028820348,-0.0045562023,-0.020735385,-0.0070062024,-0.013525896,-0.004687285,0.003182461,-0.017545,-0.019460281,-0.009754676,0.011125533,0.009179794,0.025150761
-0.008927064,0.012080252,0.014254824,0.0011684903,-0.0031867498,0.008892878,0.009650002,0.009410463,-0.010662627,-0.018801272,0.008149287,-0.0049284496,-0.0065015643,-0.009570864,0.008381405,0.01233736,-0.0021446138,-0.0065452373,-0.01236047,0.01313729,0.015098985,-0.0014658356,-0.00877124,-0.0057819774,-0.012725225,0.0133246705,-0.009910518,0.003938649,0.014742111,0.0018045611,0.0054187244,0.011518848
-0.01583736,0.0140479235,0.010947903,0.0008946052,0.003757088,-0.00029973255,0.016406551,0.018130101,-0.0094794035,-0.0037973858,0.0018329826,-0.010235011,-0.015154759,0.007386979,0.018997634,0.007448165,0.00015694002,-0.018723289,-0.0018237144,0.00028820348,-0.0045562023,-0.020735385,-0.0070062024,-0.013525896,-0.004687285,0.003182461,-0.017545,-0.019460281,-0.009754676,0.011125533,0.009179794,0.025150761
-0.008927064,0.012080252,0.014254824,0.0011684903,-0.0031867498,0.008892878,0.009650002,0.009410463,-0.010662627,-0.018801272,0.008149287,-0.0049284496,-0.0065015643,-0.009570864,0.008381405,0.01233736,-0.0021446138,-0.0065452373,-0.01236047,0.01313729,0.015098985,-0.0014658356,-0.00877124,-0.0057819774,-0.012725225,0.0133246705,-0.009910518,0.003938649,0.014742111,0.0018045611,0.0054187244,0.011518848
-0.01583736,0.0140479235,0.010947903,0.0008946052,0.003757088,-0.00029973255,0.016406551,0.018130101,-0.0094794035,-0.0037973858,0.0018329826,-0.010235011,-0.015154759,0.007386979,0.018997634,0.007448165,0.00015694002,-0.018723289,-0.0018237144,0.00028820348,-0.0045562023,-0.020735385,-0.0070062024,-0.013525896,-0.004687285,0.003182461,-0.017545,-0.019460281,-0.009754676,0.011125533,0.009179794,0.025150761
-0.008927064,0.012080252,0.014254824,0.0011684903,-0.0031867498,0.008892878,0.009650002,0.009410463,-0.010662627,-0.018801272,0.008149287,-0.0049284496,-0.0065015643,-0.009570864,0.008381405,0.01233736,-0.0021446138,-0.0065452373,-0.01236047,0.01313729,0.015098985,-0.0014658356,-0.00877124,-0.0057819774,-0.012725225,0.0133246705,-0.009910518,0.003938649,0.014742111,0.0018045611,0.0054187244,0.011518848
-0.01583736,0.0140479235,0.010947903,0.0008946052,0.003757088,-0.00029973255,0.016406551,0.018130101,-0.0094794035,-0.0037973858,0.0018329826,-0.010235011,-0.015154759,0.007386979,0.018997634,0.007448165,0.00015694002,-0.018723289,-0.0018237144,0.00028820348,-0.0045562023,-0.020735385,-0.0070062024,-0.013525896,-0.004687285,0.003182461,-0.017545,-0.019460281,-0.009754676,0.011125533,0.009179794,0.025150761
-0.008927064,0.012080252,0.014254824,0.0011684903,-0.0031867498,0.008892878,0.009650002,0.009410463,-0.010662627,-0.018801272,0.008149287,-0.0049284496,-0.0065015643,-0.009570864,0.008381405,0.01233736,-0.0021446138,-0.0065452373,-0.01236047,0.01313729,0.015098985,-0.0014658356,-0.00877124,-0.0057819774,-0.012725225,0.0133246705,-0.009910518,0.003938649,0.014742111,0.0018045611,0.0054187244,0.011518848
-0.01583736,0.0140479235,0.010947903,0.0008946052,0.003757088,-0.00029973255,0.016406551,0.018130101,-0.0094794035,-0.0037973858,0.0018329826,-0.010235011,-0.015154759,0.007386979,0.018997634,0.007448165,0.00015694002,-0.018723289,-0.0018237144,0.00028820348,-0.0045562023,-0.020735385,-0.0070062024,-0.013525896,-0.004687285,0.003182461,-0.017545,-0.019460281,-0.009754676,0.011125533,0.009179794,0.025150761
-0.008927064,0.012080252,0.014254824,0.0011684903,-0.0031867498,0.008892878,0.009650002,0.009410463,-0.010662627,-0.018801272,0.008149287,-0.0049284496,-0.0065015643,-0.009570864,0.008381405,0.01233736,-0.0021446138,-0.0065452373,-0.01236047,0.01313729,0.015098985,-0.0014658356,-0.00877124,-0.0057819774,-0.012725225,0.0133246705,-0.009910518,0.003938649,0.014742111,0.0018045611,0.0054187244,0.011518848
-0.01583736,0.0140479235,0.010947903,0.0008946052,0.003757088,-0.00029973255,0.016406551,0.018130101,-0.0094794035,-0.0037973858,0.0018329826,-0.010235011,-0.015154759,0.007386979,0.018997634,0.007448165,0.00015694002,-0.018723289,-0.0018237144,0.00028820348,-0.0045562023,-0.020735385,-0.0070062024,-0.013525896,-0.004687285,0.003182461,-0.017545,-0.019460281,-0.009754676,0.011125533,0.009179794,0.025150761
-0.008927064,0.012080252,0.014254824,0.0011684903,-0.0031867498,0.008892878,0.009650002,0.009410463,-0.010662627,-0.018801272,0.008149287,-0.0049284496,-0.0065015643,-0.009570864,0.008381405,0.01233736,-0.0021446138,-0.0065452373,-0.01236047,0.01313729,0.015098985,-0.0014658356,-0.00877124,-0.0057819774,-0.012725225,0.0133246705,-0.009910518,0.003938649,0.014742111,0.0018045611,0.0054187244,0.011518848
-0.01583736,0.0140479235,0.010947903,0.0008946052,0.003757088,-0.00029973255,0.016406551,0.018130101,-0.0094794035,-0.0037973858,0.0018329826,-0.010235011,-0.015154759,0.007386979,0.018997634,0.007448165,0.00015694002,-0.018723289,-0.0018237144,0.00028820348,-0.0045562023,-0.020735385,-0.0070062024,-0.013525896,-0.004687285,0.003182461,-0.017545,-0.019460281,-0.009754676,0.011125533,0.009179794,0.025150761
-0.008927064,0.012080252,0.014254824,0.0011684903,-0.0031867498,0.008892878,0.009650002,0.009410463,-0.010662627,-0.018801272,0.008149287,-0.0049284496,-0.0065015643,-0.009570864,0.008381405,0.01233736,-0.0021446138,-0.0065452373,-0.01236047,0.01313729,0.015098985,-0.0014658356,-0.00877124,-0.0057819774,-0.012725225,0.0133246705,-0.009910518,0.003938649,0.014742111,0.0018045611,0.0054187244,0.011518848
-0.01583736,0.0140479235,0.010947903,0.0008946052,0.003757088,-0.00029973255,0.016406551,0.018130101,-0.0094794035,-0.0037973858,0.0018329826,-0.010235011,-0.015154759,0.007386979,0.018997634,0.007448165,0.00015694002,-0.018723289,-0.0018237144,0.00028820348,-0.0045562023,-0.020735385,-0.0070062024,-0.013525896,-0.004687285,0.003182461,-0.017545,-0.019460281,-0.009754676,0.011125533,0.009179794,0.025150761
-0.008927064,0.012080252,0.014254824,0.0011684903,-0.0031867498,0.008892878,0.009650002,0.009410463,-0.010662627,-0.018801272,0.008149287,-0.0049284496,-0.0065015643,-0.009570864,0.008381405,0.01233736,-0.0021446138,-0.0065452373,-0.01236047,0.01313729,0.015098985,-0.0014658356,-0.00877124,-0.0057819774,-0.012725225,0.0133246705,-0.009910518,0.003938649,0.014742111,0.0018045611,0.0054187244,0.011518848
-0.01583736,0.0140479235,0.010947903,0.0008946052,0.003757088,-0.00029973255,0.016406551,0.018130101,-0.0094794035,-0.0037973858,0.0018329826,-0.010235011,-0.015154759,0.007386979,0.018997634,0.007448165,0.00015694002,-0.018723289,-0.0018237144,0.00028820348,-0.0045562023,-0.020735385,-0.0070062024,-0.013525896,-0.004687285,0.003182461,-0.017545,-0.019460281,-0.009754676,0.011125533,0.009179794,0.025150761
-0.008927064,0.012080252,0.014254824,0.0011684903,-0.0031867498,0.008892878,0.009650002,0.009410463,-0.010662627,-0.018801272,0.008149287,-0.0049284496,-0.0065015643,-0.009570864,0.008381405,0.01233736,-0.0021446138,-0.0065452373,-0.01236047,0.01313729,0.015098985,-0.0014658356,-0.00877124,-0.0057819774,-0.012725225,0.0133246705,-0.009910518,0.003938649,0.014742111,0.0018045611,0.0054187244,0.011518848
-0.01583736,0.0140479235,0.010947903,0.0008946052,0.003757088,-0.00029973255,0.016406551,0.018130101,-0.0094794035,-0.0037973858,0.0018329826,-0.010235011,-0.015154759,0.007386979,0.018997634,0.007448165,0.00015694002,-0.018723289,-0.0018237144,0.00028820348,-0.0045562023,-0.020735385,-0.0070062024,-0.013525896,-0.004687285,0.003182461,-0.017545,-0.019460281,-0.009754676,0.011125533,0.009179794,0.025150761
-0.008927064,0.012080252,0.014254824,0.0011684903,-0.0031867498,0.008892878,0.009650002,0.009410463,-0.010662627,-0.018801272,0.008149287,-0.0049284496,-0.0065015643,-0.009570864,0.008381405,0.01233736,-0.0021446138,-0.0065452373,-0.01236047,0.01313729,0.015098985,-0.0014658356,-0.00877124,-0.0057819774,-0.012725225,0.0133246705,-0.009910518,0.003938649,0.014742111,0.0018045611,0.0054187244,0.011518848
-0.01583736,0.0140479235,0.010947903,0.0008946052,0.003757088,-0.00029973255,0.016406551,0.018130101,-0.0094794035,-0.0037973858,0.0018329826,-0.010235011,-0.015154759,0.007386979,0.018997634,0.007448165,0.00015694002,-0.018723289,-0.0018237144,0.00028820348,-0.0045562023,-0.020735385,-0.0070062024,-0.013525896,-0.004687285,0.003182461,-0.017545,-0.019460281,-0.009754676,0.011125533,0.009179794,0.025150761
-0.008927064,0.012080252,0.014254824,0.0011684903,-0.0031867498,0.008892878,0.009650002,0.009410463,-0.010662627,-0.018801272,0.008149287,-0.0049284496,-0.0065015643,-0.009570864,0.008381405,0.01233736,-0.0021446138,-0.0065452373,-0.01236047,0.01313729,0.015098985,-0.0014658356,-0.00877124,-0.0057819774,-0.012725225,0.0133246705,-0.009910518,0.003938649,0.014742111,0.0018045611,0.0054187244,0.011518848
-0.01583736,0.0140479235,0.010947903,0.0008946052,0.003757088,-0.00029973255,0.016406551,0.018130101,-0.0094794035,-0.0037973858,0.0018329826,-0.010235011,-0.015154759,0.007386979,0.018997634,0.007448165,0.00015694002,-0.018723289,-0.0018237144,0.00028820348,-0.0045562023,-0.020735385,-0.0070062024,-0.013525896,-0.004687285,0.003182461,-0.017545,-0.019460281,-0.009754676,0.011125533,0.009179794,0.025150761
-0.008927064,0.012080252,0.014254824,0.0011684903,-0.0031867498,0.008892878,0.009650002,0.009410463,-0.010662627,-0.018801272,0.008149287,-0.0049284496,-0.0065015643,-0.009570864,0.008381405,0.01233736,-0.0021446138,-0.0065452373,-0.01236047,0.01313729,0.015098985,-0.0014658356,-0.00877124,-0.0057819774,-0.012725225,0.0133246705,-0.009910518,0.003938649,0.014742111,0.0018045611,0.0054187244,0.011518848
-0.01583736,0.0140479235,0.010947903,0.0008946052,0.003757088,-0.00029973255,0.016406551,0.018130101,-0.0094794035,-0.0037973858,0.0018329826,-0.010235011,-0.015154759,0.007386979,0.018997634,0.007448165,0.00015694002,-0.018723289,-0.0018237144,0.00028820348,-0.0045562023,-0.020735385,-0.0070062024,-0.013525896,-0.004687285,0.003182461,-0.017545,-0.019460281,-0.009754676,0.011125533,0.009179794,0.025150761
-0.008927064,0.012080252,0.014254824,0.0011684903,-0.0031867498,0.008892878,0.009650002,0.009410463,-0.010662627,-0.018801272,0.008149287,-0.0049284496,-0.0065015643,-0.009570864,0.008381405,0.01233736,-0.0021446138,-0.0065452373,-0.01236047,0.01313729,0.015098985,-0.0014658356,-0.00877124,-0.0057819774,-0.012725225,0.0133246705,-0.009910518,0.003938649,0.014742111,0.0018045611,0.0054187244,0.011518848
-0.01583736,0.0140479235,0.010947903,0.0008946052,0.003757088,-0.00029973255,0.016406551,0.018130101,-0.0094794035,-0.0037973858,0.0018329826,-0.010235011,-0.015154759,0.007386979,0.018997634,0.007448165,0.00015694002,-0.018723289,-0.0018237144,0.00028820348,-0.0045562023,-0.020735385,-0.0070062024,-0.013525896,-0.004687285,0.003182461,-0.017545,-0.019460281,-0.009754676,0.011125533,0.009179794,0.025150761
-0.008927064,0.012080252,0.014254824,0.0011684903,-0.0031867498,0.008892878,0.009650002,0.009410463,-0.010662627,-0.018801272,0.008149287,-0.0049284496,-0.0065015643,-0.009570864,0.008381405,0.01233736,-0.0021446138,-0.0065452373,-0.01236047,0.01313729,0.015098985,-0.0014658356,-0.00877124,-0.0057819774,-0.012725225,0.0133246705,-0.009910518,0.003938649,0.014742111,0.0018045611,0.0054187244,0.011518848
-0.01583736,0.0140479235,0.010947903,0.0008946052,0.003757088,-0.00029973255,0.016406551,0.018130101,-0.0094794035,-0.0037973858,0.0018329826,-0.010235011,-0.015154759,0.007386979,0.018997634,0.007448165,0.00015694002,-0.018723289,-0.0018237144,0.00028820348,-0.0045562023,-0.020735385,-0.0070062024,-0.013525896,-0.004687285,0.003182461,-0.017545,-0.019460281,-0.009754676,0.011125533,0.009179794,0.025150761
-0.008927064,0.012080252,0.014254824,0.0011684903,-0.0031867498,0.008892878,0.009650002,0.009410463,-0.010662627,-0.018801272,0.008149287,-0.0049284496,-0.0065015643,-0.009570864,0.008381405,0.01233736,-0.0021446138,-0.0065452373,-0.01236047,0.01313729,0.015098985,-0.0014658356,-0.00877124,-0.0057819774,-0.012725225,0.0133246705,-0.009910518,0.003938649,0.014742111,0.0018045611,0.0054187244,0.011518848
-0.01583736,0.0140479235,0.010947903,0.0008946052,0.003757088,-0.00029973255,0.016406551,0.018130101,-0.0094794035,-0.0037973858,0.0018329826,-0.010235011,-0.015154759,0.007386979,0.018997634,0.007448165,0.00015694002,-0.018723289,-0.0018237144,0.00028820348,-0.0045562023,-0.020735385,-0.0070062024,-0.013525896,-0.004687285,0.003182461,-0.017545,-0.019460281,-0.009754676,0.011125533,0.009179794,0.025150761
-0.008927064,0.012080252,0.014254824,0.0011684903,-0.0031867498,0.008892878,0.009650002,0.009410463,-0.010662627,-0.018801272,0.008149287,-0.0049284496,-0.0065015643,-0.009570864,0.008381405,0.01233736,-0.0021446138,-0.0065452373,-0.01236047,0.01313729,0.015098985,-0.0014658356,-0.00877124,-0.0057819774,-0.012725225,0.0133246705,-0.009910518,0.003938649,0.014742111,0.0018045611,0.0054187244,0.011518848
-0.01583736,0.0140479235,0.010947903,0.0008946052,0.003757088,-0.00029973255,0.016406551,0.018130101,-0.0094794035,-0.0037973858,0.0018329826,-0.010235011,-0.015154759,0.007386979,0.018997634,0.007448165,0.00015694002,-0.018723289,-0.0018237144,0.00028820348,-0.0045562023,-0.020735385,-0.0070062024,-0.013525896,-0.004687285,0.003182461,-0.017545,-0.019460281,-0.009754676,0.011125533,0.009179794,0.025150761
-0.008927064,0.012080252,0.014254824,0.0011684903,-0.0031867498,0.008892878,0.009650002,0.009410463,-0.010662627,-0.018801272,0.008149287,-0.0049284496,-0.0065015643,-0.009570864,0.008381405,0.01233736,-0.0021446138,-0.0065452373,-0.01236047,0.01313729,0.015098985,-0.0014658356,-0.00877124,-0.0057819774,-0.012725225,0.0133246705,-0.009910518,0.003938649,0.014742111,0.0018045611,0.0054187244,0.011518848
-0.01583736,0.0140479235,0.010947903,0.0008946052,0.003757088,-0.00029973255,0.016406551,0.018130101,-0.0094794035,-0.0037973858,0.0018329826,-0.010235011,-0.015154759,0.007386979,0.018997634,0.007448165,0.00015694002,-0.018723289,-0.0018237144,0.00028820348,-0.0045562023,-0.020735385,-0.0070062024,-0.013525896,-0.004687285,0.003182461,-0.017545,-0.019460281,-0.009754676,0.011125533,0.009179794,0.025150761
-0.008927064,0.012080252,0.014254824,0.0011684903,-0.0031867498,0.008892878,0.009650002,0.009410463,-0.010662627,-0.018801272,0.008149287,-0.0049284496,-0.0065015643,-0.009570864,0.008381405,0.01233736,-0.0021446138,-0.0065452373,-0.01236047,0.01313729,0.015098985,-0.0014658356,-0.00877124,-0.0057819774,-0.012725225,0.0133246705,-0.009910518,0.003938649,0.014742111,0.0018045611,0.0054187244,0.011518848
-0.01583736,0.0140479235,0.010947903,0.0008946052,0.003757088,-0.00029973255,0.016406551,0.018130101,-0.0094794035,-0.0037973858,0.0018329826,-0.010235011,-0.015154759,0.007386979,0.018997634,0.007448165,0.00015694002,-0.018723289,-0.0018237144,0.00028820348,-0.0045562023,-0.020735385,-0.0070062024,-0.013525896,-0.004687285,0.003182461,-0.017545,-0.019460281,-0.009754676,0.011125533,0.009179794,0.025150761
-0.008927064,0.012080252,0.014254824,0.0011684903,-0.0031867498,0.008892878,0.009650002,0.009410463,-0.010662627,-0.018801272,0.008149287,-0.0049284496,-0.0065015643,-0.009570864,0.008381405,0.01233736,-0.0021446138,-0.0065452373,-0.01236047,0.01313729,0.015098985,-0.0014658356,-0.00877124,-0.0057819774,-0.012725225,0.0133246705,-0.009910518,0.003938649,0.014742111,0.0018045611,0.0054187244,0.011518848
-0.01583736,0.0140479235,0.010947903,0.0008946052,0.003757088,-0.00029973255,0.016406551,0.018130101,-0.0094794035,-0.0037973858,0.0018329826,-0.010235011,-0.015154759,0.007386979,0.018997634,0.007448165,0.00015694002,-0.018723289,-0.0018237144,0.00028820348,-0.0045562023,-0.020735385,-0.0070062024,-0.013525896,-0.004687285,0.003182461,-0.017545,-0.019460281,-0.009754676,0.011125533,0.009179794,0.025150761
-0.008927064,0.012080252,0.014254824,0.0011684903,-0.0031867498,0.008892878,0.009650002,0.009410463,-0.010662627,-0.018801272,0.008149287,-0.0049284496,-0.0065015643,-0.009570864,0.008381405,0.01233736,-0.0021446138,-0.0065452373,-0.01236047,0.01313729,0.015098985,-0.0014658356,-0.00877124,-0.0057819774,-0.012725225,0.0133246705,-0.009910518,0.003938649,0.014742111,0.0018045611,0.0054187244,0.011518848
-0.01583736,0.0140479235,0.010947903,0.0008946052,0.003757088,-0.00029973255,0.016406551,0.018130101,-0.0094794035,-0.0037973858,0.0018329826,-0.010235011,-0.015154759,0.007386979,0.018997634,0.007448165,0.00015694002,-0.018723289,-0.0018237144,0.00028820348,-0.0045562023,-0.020735385,-0.0070062024,-0.013525896,-0.004687285,0.003182461,-0.017545,-0.019460281,-0.009754676,0.011125533,0.009179794,0.025150761
-0.008927064,0.012080252,0.014254824,0.0011684903,-0.0031867498,0.008892878,0.009650002,0.009410463,-0.010662627,-0.018801272,0.008149287,-0.0049284496,-0.0065015643,-0.009570864,0.008381405,0.01233736,-0.0021446138,-0.0065452373,-0.01236047,0.01313729,0.015098985,-0.0014658356,-0.00877124,-0.0057819774,-0.012725225,0.0133246705,-0.009910518,0.003938649,0.014742111,0.0018045611,0.0054187244,0.011518848
-0.01583736,0.0140479235,0.010947903,0.0008946052,0.003757088,-0.00029973255,0.016406551,0.018130101,-0.0094794035,-0.0037973858,0.0018329826,-0.010235011,-0.015154759,0.007386979,0.018997634,0.007448165,0.00015694002,-0.018723289,-0.0018237144,0.00028820348,-0.0045562023,-0.020735385,-0.0070062024,-0.013525896,-0.004687285,0.003182461,-0.017545,-0.019460281,-0.009754676,0.011125533,0.009179794,0.025150761
-0.008927064,0.012080252,0.014254824,0.0011684903,-0.0031867498,0.008892878,0.009650002,0.009410463,-0.010662627,-0.018801272,0.008149287,-0.0049284496,-0.0065015643,-0.009570864,0.008381405,0.01233736,-0.0021446138,-0.0065452373,-0.01236047,0.01313729,0.015098985,-0.0014658356,-0.00877124,-0.0057819774,-0.012725225,0.0133246705,-0.009910518,0.003938649,0.014742111,0.0018045611,0.0054187244,0.011518848
-0.01583736,0.0140479235,0.010947903,0.0008946052,0.003757088,-0.00029973255,0.016406551,0.018130101,-0.0094794035,-0.0037973858,0.0018329826,-0.010235011,-0.015154759,0.007386979,0.018997634,0.007448165,0.00015694002,-0.018723289,-0.0018237144,0.00028820348,-0.0045562023,-0.020735385,-0.0070062024,-0.013525896,-0.004687285,0.003182461,-0.017545,-0.019460281,-0.009754676,0.011125533,0.009179794,0.025150761
-0.008927064,0.012080252,0.014254824,0.0011684903,-0.0031867498,0.008892878,0.009650002,0.009410463,-0.010662627,-0.018801272,0.008149287,-0.0049284496,-0.0065015643,-0.009570864,0.008381405,0.01233736,-0.0021446138,-0.0065452373,-0.01236047,0.01313729,0.015098985,-0.0014658356,-0.00877124,-0.0057819774,-0.012725225,0.0133246705,-0.009910518,0.003938649,0.014742111,0.0018045611,0.0054187244,0.011518848
-0.01583736,0.0140479235,0.010947903,0.0008946052,0.003757088,-0.00029973255,0.016406551,0.018130101,-0.0094794035,-0.0037973858,0.0018329826,-0.010235011,-0.015154759,0.007386979,0.018997634,0.007448165,0.00015694002,-0.018723289,-0.0018237144,0.00028820348,-0.0045562023,-0.020735385,-0.0070062024,-0.013525896,-0.004687285,0.003182461,-0.017545,-0.019460281,-0.009754676,0.011125533,0.009179794,0.025150761
-0.008927064,0.012080252,0.014254824,0.0011684903,-0.0031867498,0.008892878,0.009650002,0.009410463,-0.010662627,-0.018801272,0.008149287,-0.0049284496,-0.0065015643,-0.009570864,0.008381405,0.01233736,-0.0021446138,-0.0065452373,-0.01236047,0.01313729,0.015098985,-0.0014658356,-0.00877124,-0.0057819774,-0.012725225,0.0133246705,-0.009910518,0.003938649,0.014742111,0.0018045611,0.0054187244,0.011518848
-0.01583736,0.0140479235,0.010947903,0.0008946052,0.003757088,-0.00029973255,0.016406551,0.018130101,-0.0094794035,-0.0037973858,0.0018329826,-0.010235011,-0.015154759,0.007386979,0.018997634,0.007448165,0.00015694002,-0.018723289,-0.0018237144,0.00028820348,-0.0045562023,-0.020735385,-0.0070062024,-0.013525896,-0.004687285,0.003182461,-0.017545,-0.019460281,-0.009754676,0.011125533,0.009179794,0.025150761
-0.008927064,0.012080252,0.014254824,0.0011684903,-0.0031867498,0.008892878,0.009650002,0.009410463,-0.010662627,-0.018801272,0.008149287,-0.0049284496,-0.0065015643,-0.009570864,0.008381405,0.01233736,-0.0021446138,-0.0065452373,-0.01236047,0.01313729,0.015098985,-0.0014658356,-0.00877124,-0.0057819774,-0.012725225,0.0133246705,-0.009910518,0.003938649,0.014742111,0.0018045611,0.0054187244,0.011518848
-0.01583736,0.0140479235,0.010947903,0.0008946052,0.003757088,-0.00029973255,0.016406551,0.018130101,-0.0094794035,-0.0037973858,0.0018329826,-0.010235011,-0.015154759,0.007386979,0.018997634,0.007448165,0.00015694002,-0.018723289,-0.0018237144,0.00028820348,-0.0045562023,-0.020735385,-0.0070062024,-0.013525896,-0.004687285,0.003182461,-0.017545,-0.019460281,-0.009754676,0.011125533,0.009179794,0.025150761
-0.008927064,0.012080252,0.014254824,0.0011684903,-0.0031867498,0.008892878,0.009650002,0.009410463,-0.010662627,-0.018801272,0.008149287,-0.0049284496,-0.0065015643,-0.009570864,0.008381405,0.01233736,-0.0021446138,-0.0065452373,-0.01236047,0.01313729,0.015098985,-0.0014658356,-0.00877124,-0.0057819774,-0.012725225,0.0133246705,-0.009910518,0.003938649,0.014742111,0.0018045611,0.0054187244,0.011518848
-0.01583736,0.0140479235,0.010947903,0.0008946052,0.003757088,-0.00029973255,0.016406551,0.018130101,-0.0094794035,-0.0037973858,0.0018329826,-0.010235011,-0.015154759,0.007386979,0.018997634,0.007448165,0.00015694002,-0.018723289,-0.0018237144,0.00028820348,-0.0045562023,-0.020735385,-0.0070062024,-0.013525896,-0.004687285,0.003182461,-0.017545,-0.019460281,-0.009754676,0.011125533,0.009179794,0.025150761
-0.008927064,0.012080252,0.014254824,0.0011684903,-0.0031867498,0.008892878,0.009650002,0.009410463,-0.010662627,-0.018801272,0.008149287,-0.0049284496,-0.0065015643,-0.009570864,0.008381405,0.01233736,-0.0021446138,-0.0065452373,-0.01236047,0.01313729,0.015098985,-0.0014658356,-0.00877124,-0.0057819774,-0.012725225,0.0133246705,-0.009910518,0.003938649,0.014742111,0.0018045611,0.0054187244,0.011518848
-0.01583736,0.0140479235,0.010947903,0.0008946052,0.003757088,-0.00029973255,0.016406551,0.018130101,-0.0094794035,-0.0037973858,0.0018329826,-0.010235011,-0.015154759,0.007386979,0.018997634,0.007448165,0.00015694002,-0.018723289,-0.0018237144,0.00028820348,-0.0045562023,-0.020735385,-0.0070062024,-0.013525896,-0.004687285,0.003182461,-0.017545,-0.019460281,-0.009754676,0.011125533,0.009179794,0.025150761
-0.008927064,0.012080252,0.014254824,0.0011684903,-0.0031867498,0.008892878,0.009650002,0.009410463,-0.010662627,-0.018801272,0.008149287,-0.0049284496,-0.0065015643,-0.009570864,0.008381405,0.01233736,-0.0021446138,-0.0065452373,-0.01236047,0.01313729,0.015098985,-0.0014658356,-0.00877124,-0.0057819774,-0.012725225,0.0133246705,-0.009910518,0.003938649,0.014742111,0.0018045611,0.0054187244,0.011518848
0.5322665,0.30412838,-0.4202357,0.052254345,0.33252752,-0.33348384,0.22705865,0.2824481,0.33853346,0.3820289,0.12166302,-0.18673262,0.094322905,-0.4850114,-0.14135705,-0.13843645,0.40493187,-0.71244353,0.03353325,0.33362022,-0.41177917,0.3994332,-0.9477123,-0.21470404,-0.33011866,0.028745972,0.57689404,-0.04377147,0.0037438674,0.40118572,-0.22448704,0.23783472
-0.23253794,0.12803155,-0.33385465,0.55146885,0.25548667,0.24067184,-0.33838964,-0.058085904,-0.12847967,-0.6407867,0.1903727,-0.05802326,-0.23428069,0.19256508,0.38021997,0.58015484,0.05310972,0.19071442,-0.17025085,0.018793939,0.6972158,-0.08677955,-0.22742121,0.2285635,-0.07410468,0.23784372,-0.06830616,-0.22819832,-0.017937597,-0.19952118,-0.67255664,0.25200257
0.122090206,-0.31591004,-0.3952287,-0.9859278,-0.43912515,0.32062566,0.42878723,0.5337908,0.2699957,-0.295733,0.60187876,-0.119882956,0.8246554,0.00783438,0.15462883,0.11713054,-0.2174995,0.064865574,0.48453537,0.17490515,0.37429485,0.05563952,-0.49608997,-0.3429682,-0.4528067,-0.18318146,-0.10222149,-0.24558699,0.0702007,-0.0055262744,-0.03954194,-0.25372112
-0.3093261,0.23753528,0.19007383,0.6523453,0.6625428,-0.14043497,-0.06883394,-0.459273,-0.38234925,-0.43206337,0.26264662,-0.1604293,-0.35146686,0.74805087,0.25895435,0.25698465,0.11826934,-0.30837253,-0.6802958,-0.3059386,0.3150407,0.5791446,-0.070360854,0.099914245,0.043050736,0.008003887,-0.39795893,-0.583969,-0.27417675,-0.40170023,0.12563199,0.34233052
-0.48291177,0.08767785,-0.175784,-0.3321545,-0.11614869,0.001433399,-0.047189683,0.0648063,0.12953891,-0.1475354,0.34788284,0.15802029,0.031722903,0.10599324,0.31854305,0.27260754,-0.21916167,0.40541217,0.37120813,0.057953972,0.048183583,-0.34020174,-0.16117358,-0.16208705,0.10018215,-0.1660426,-0.33806753,-0.24011466,-0.122869596,-0.60832906,0.356205,-0.051912695
0.13865004,0.4815851,0.32712373,0.196499,0.3136521,-0.31571525,0.58135754,-0.2289351,-0.03303048,-0.3958321,0.12727481,-0.43549842,-0.17587098,0.70048404,-0.10289744,-0.2843119,0.20018448,-0.078209735,-0.32337615,-0.19631101,0.5432189,0.37715065,-0.30320635,0.31051877,-0.00807379,-0.3896733,-0.30567476,-0.5915525,0.37936273,-0.18597758,0.35799417,0.48342013
-0.01583736,0.0140479235,0.010947903,0.0008946052,0.003757088,-0.00029973255,0.016406551,0.018130101,-0.0094794035,-0.0037973858,0.0018329826,-0.010235011,-0.015154759,0.007386979,0.018997634,0.007448165,0.00015694002,-0.018723289,-0.0018237144,0.00028820348,-0.0045562023,-0.020735385,-0.0070062024,-0.013525896,-0.004687285,0.003182461,-0.017545,-0.019460281,-0.009754676,0.011125533,0.009179794,0.025150761
-0.008927064,0.012080252,0.014254824,0.0011684903,-0.0031867498,0.008892878,0.009650002,0.009410463,-0.010662627,-0.018801272,0.008149287,-0.0049284496,-0.0065015643,-0.009570864,0.008381405,0.01233736,-0.0021446138,-0.0065452373,-0.01236047,0.01313729,0.015098985,-0.0014658356,-0.00877124,-0.0057819774,-0.012725225,0.0133246705,-0.009910518,0.003938649,0.014742111,0.0018045611,0.0054187244,0.011518848
-0.01583736,0.0140479235,0.010947903,0.0008946052,0.003757088,-0.00029973255,0.016406551,0.018130101,-0.0094794035,-0.0037973858,0.0018329826,-0.010235011,-0.015154759,0.007386979,0.018997634,0.007448165,0.00015694002,-0.018723289,-0.0018237144,0.00028820348,-0.0045562023,-0.020735385,-0.0070062024,-0.013525896,-0.004687285,0.003182461,-0.017545,-0.019460281,-0.009754676,0.011125533,0.009179794,0.025150761
-0.008927064,0.012080252,0.014254824,0.0011684903,-0.0031867498,0.008892878,0.009650002,0.009410463,-0.010662627,-0.018801272,0.008149287,-0.0049284496,-0.0065015643,-0.009570864,0.008381405,0.01233736,-0.0021446138,-0.0065452373,-0.01236047,0.01313729,0.015098985,-0.0014658356,-0.00877124,-0.0057819774,-0.012725225,0.0133246705,-0.009910518,0.003938649,0.014742111,0.0018045611,0.0054187244,0.011518848
-0.01583736,0.0140479235,0.010947903,0.0008946052,0.003757088,-0.00029973255,0.016406551,0.018130101,-0.0094794035,-0.0037973858,0.0018329826,-0.010235011,-0.015154759,0.007386979,0.018997634,0.007448165,0.00015694002,-0.018723289,-0.0018237144,0.00028820348,-0.0045562023,-0.020735385,-0.0070062024,-0.013525896,-0.004687285,0.003182461,-0.017545,-0.019460281,-0.009754676,0.011125533,0.009179794,0.025150761
-0.008927064,0.012080252,0.014254824,0.0011684903,-0.0031867498,0.008892878,0.009650002,0.009410463,-0.010662627,-0.018801272,0.008149287,-0.0049284496,-0.0065015643,-0.009570864,0.008381405,0.01233736,-0.0021446138,-0.0065452373,-0.01236047,0.01313729,0.015098985,-0.0014658356,-0.00877124,-0.0057819774,-0.012725225,0.0133246705,-0.009910518,0.003938649,0.014742111,0.0018045611,0.0054187244,0.011518848
-0.01583736,0.0140479235,0.010947903,0.0008946052,0.003757088,-0.00029973255,0.016406551,0.018130101,-0.0094794035,-0.0037973858,0.0018329826,-0.010235011,-0.015154759,0.007386979,0.018997634,0.007448165,0.00015694002,-0.018723289,-0.0018237144,0.00028820348,-0.0045562023,-0.020735385,-0.0070062024,-0.013525896,-0.004687285,0.003182461,-0.017545,-0.019460281,-0.009754676,0.011125533,0.009179794,0.025150761
-0.008927064,0.012080252,0.014254824,0.0011684903,-0.0031867498,0.008892878,0.009650002,0.009410463,-0.010662627,-0.018801272,0.008149287,-0.0049284496,-0.0065015643,-0.009570864,0.008381405,0.01233736,-0.0021446138,-0.0065452373,-0.01236047,0.01313729,0.015098985,-0.0014658356,-0.00877124,-0.0057819774,-0.012725225,0.0133246705,-0.009910518,0.003938649,0.014742111,0.0018045611,0.0054187244,0.011518848
-0.01583736,0.0140479235,0.010947903,0.0008946052,0.003757088,-0.00029973255,0.016406551,0.018130101,-0.0094794035,-0.0037973858,0.0018329826,-0.010235011,-0.015154759,0.007386979,0.018997634,0.007448165,0.00015694002,-0.018723289,-0.0018237144,0.00028820348,-0.0045562023,-0.020735385,-0.0070062024,-0.013525896,-0.004687285,0.003182461,-0.017545,-0.019460281,-0.009754676,0.011125533,0.009179794,0.025150761
-0.008927064,0.012080252,0.014254824,0.0011684903,-0.0031867498,0.008892878,0.009650002,0.009410463,-0.010662627,-0.018801272,0.008149287,-0.0049284496,-0.0065015643,-0.009570864,0.008381405,0.01233736,-0.0021446138,-0.0065452373,-0.01236047,0.01313729,0.015098985,-0.0014658356,-0.00877124,-0.0057819774,-0.012725225,0.0133246705,-0.009910518,0.003938649,0.014742111,0.0018045611,0.0054187244,0.011518848
-0.01583736,0.0140479235,0.010947903,0.0008946052,0.003757088,-0.00029973255,0.016406551,0.018130101,-0.0094794035,-0.0037973858,0.0018329826,-0.010235011,-0.015154759,0.007386979,0.018997634,0.007448165,0.00015694002,-0.018723289,-0.0018237144,0.00028820348,-0.0045562023,-0.020735385,-0.0070062024,-0.013525896,-0.004687285,0.003182461,-0.017545,-0.019460281,-0.009754676,0.011125533,0.009179794,0.025150761
-0.008927064,0.012080252,0.014254824,0.0011684903,-0.0031867498,0.008892878,0.009650002,0.009410463,-0.010662627,-0.018801272,0.008149287,-0.0049284496,-0.0065015643,-0.009570864,0.008381405,0.01233736,-0.0021446138,-0.0065452373,-0.01236047,0.01313729,0.015098985,-0.0014658356,-0.00877124,-0.0057819774,-0.012725225,0.0133246705,-0.009910518,0.003938649,0.014742111,0.0018045611,0.0054187244,0.011518848
-0.01583736,0.0140479235,0.010947903,0.0008946052,0.003757088,-0.00029973255,0.016406551,0.018130101,-0.0094794035,-0.0037973858,0.0018329826,-0.010235011,-0.015154759,0.007386979,0.018997634,0.007448165,0.00015694002,-0.018723289,-0.0018237144,0.00028820348,-0.0045562023,-0.020735385,-0.0070062024,-0.013525896,-0.004687285,0.003182461,-0.017545,-0.019460281,-0.009754676,0.011125533,0.009179794,0.025150761
-0.008927064,0.012080252,0.014254824,0.0011684903,-0.0031867498,0.008892878,0.009650002,0.009410463,-0.010662627,-0.018801272,0.008149287,-0.0049284496,-0.0065015643,-0.009570864,0.008381405,0.01233736,-0.0021446138,-0.0065452373,-0.01236047,0.01313729,0.015098985,-0.0014658356,-0.00877124,-0.0057819774,-0.012725225,0.0133246705,-0.009910518,0.003938649,0.014742111,0.0018045611,0.0054187244,0.011518848
-0.01583736,0.0140479235,0.010947903,0.0008946052,0.003757088,-0.00029973255,0.016406551,0.018130101,-0.0094794035,-0.0037973858,0.0018329826,-0.010235011,-0.015154759,0.007386979,0.018997634,0.007448165,0.00015694002,-0.018723289,-0.0018237144,0.00028820348,-0.0045562023,-0.020735385,-0.0070062024,-0.013525896,-0.004687285,0.003182461,-0.017545,-0.019460281,-0.009754676,0.011125533,0.009179794,0.025150761
-0.008927064,0.012080252,0.014254824,0.0011684903,-0.0031867498,0.008892878,0.009650002,0.009410463,-0.010662627,-0.018801272,0.008149287,-0.0049284496,-0.0065015643,-0.009570864,0.008381405,0.01233736,-0.0021446138,-0.0065452373,-0.01236047,0.01313729,0.015098985,-0.0014658356,-0.00877124,-0.0057819774,-0.012725225,0.0133246705,-0.009910518,0.003938649,0.014742111,0.0018045611,0.0054187244,0.011518848
-0.01583736,0.0140479235,0.010947903,0.0008946052,0.003757088,-0.00029973255,0.016406551,0.018130101,-0.0094794035,-0.0037973858,0.0018329826,-0.010235011,-0.015154759,0.007386979,0.018997634,0.007448165,0.00015694002,-0.018723289,-0.0018237144,0.00028820348,-0.0045562023,-0.020735385,-0.0070062024,-0.013525896,-0.004687285,0.003182461,-0.017545,-0.019460281,-0.009754676,0.011125533,0.009179794,0.025150761
-0.008927064,0.012080252,0.014254824,0.0011684903,-0.0031867498,0.008892878,0.009650002,0.009410463,-0.010662627,-0.018801272,0.008149287,-0.0049284496,-0.0065015643,-0.009570864,0.008381405,0.01233736,-0.0021446138,-0.0065452373,-0.01236047,0.01313729,0.015098985,-0.0014658356,-0.00877124,-0.0057819774,-0.012725225,0.0133246705,-0.009910518,0.003938649,0.014742111,0.0018045611,0.0054187244,0.011518848
-0.01583736,0.0140479235,0.010947903,0.0008946052,0.003757088,-0.00029973255,0.016406551,0.018130101,-0.0094794035,-0.0037973858,0.0018329826,-0.010235011,-0.015154759,0.007386979,0.018997634,0.007448165,0.00015694002,-0.018723289,-0.0018237144,0.00028820348,-0.0045562023,-0.020735385,-0.0070062024,-0.013525896,-0.004687285,0.003182461,-0.017545,-0.019460281,-0.009754676,0.011125533,0.009179794,0.025150761
-0.008927064,0.012080252,0.014254824,0.0011684903,-0.0031867498,0.008892878,0.009650002,0.009410463,-0.010662627,-0.018801272,0.008149287,-0.0049284496,-0.0065015643,-0.009570864,0.008381405,0.01233736,-0.0021446138,-0.0065452373,-0.01236047,0.01313729,0.015098985,-0.0014658356,-0.00877124,-0.0057819774,-0.012725225,0.0133246705,-0.009910518,0.003938649,0.014742111,0.0018045611,0.0054187244,0.011518848
-0.01583736,0.0140479235,0.010947903,0.0008946052,0.003757088,-0.00029973255,0.016406551,0.018130101,-0.0094794035,-0.0037973858,0.0018329826,-0.010235011,-0.015154759,0.007386979,0.018997634,0.007448165,0.00015694002,-0.018723289,-0.0018237144,0.00028820348,-0.0045562023,-0.020735385,-0.0070062024,-0.013525896,-0.004687285,0.003182461,-0.017545,-0.019460281,-0.009754676,0.011125533,0.009179794,0.025150761
-0.008927064,0.012080252,0.014254824,0.0011684903,-0.0031867498,0.008892878,0.009650002,0.009410463,-0.010662627,-0.018801272,0.008149287,-0.0049284496,-0.0065015643,-0.009570864,0.008381405,0.01233736,-0.0021446138,-0.0065452373,-0.01236047,0.01313729,0.015098985,-0.0014658356,-0.00877124,-0.0057819774,-0.012725225,0.0133246705,-0.009910518,0.003938649,0.014742111,0.0018045611,0.0054187244,0.011518848
-0.01583736,0.0140479235,0.010947903,0.0008946052,0.003757088,-0.00029973255,0.016406551,0.018130101,-0.0094794035,-0.0037973858,0.0018329826,-0.010235011,-0.015154759,0.007386979,0.018997634,0.007448165,0.00015694002,-0.018723289,-0.0018237144,0.00028820348,-0.0045562023,-0.020735385,-0.0070062024,-0.013525896,-0.004687285,0.003182461,-0.017545,-0.019460281,-0.009754676,0.011125533,0.009179794,0.025150761
-0.008927064,0.012080252,0.014254824,0.0011684903,-0.0031867498,0.008892878,0.009650002,0.009410463,-0.010662627,-0.018801272,0.008149287,-0.0049284496,-0.0065015643,-0.009570864,0.008381405,0.01233736,-0.0021446138,-0.0065452373,-0.01236047,0.01313729,0.015098985,-0.0014658356,-0.00877124,-0.0057819774,-0.012725225,0.0133246705,-0.009910518,0.003938649,0.014742111,0.0018045611,0.0054187244,0.011518848
-0.01583736,0.0140479235,0.010947903,0.0008946052,0.003757088,-0.00029973255,0.016406551,0.018130101,-0.0094794035,-0.0037973858,0.0018329826,-0.010235011,-0.015154759,0.007386979,0.018997634,0.007448165,0.00015694002,-0.018723289,-0.0018237144,0.00028820348,-0.0045562023,-0.020735385,-0.0070062024,-0.013525896,-0.004687285,0.003182461,-0.017545,-0.019460281,-0.009754676,0.011125533,0.009179794,0.025150761
-0.008927064,0.012080252,0.014254824,0.0011684903,-0.0031867498,0.008892878,0.009650002,0.009410463,-0.010662627,-0.018801272,0.008149287,-0.0049284496,-0.0065015643,-0.009570864,0.008381405,0.01233736,-0.0021446138,-0.0065452373,-0.01236047,0.01313729,0.015098985,-0.0014658356,-0.00877124,-0.0057819774,-0.012725225,0.0133246705,-0.009910518,0.003938649,0.014742111,0.0018045611,0.0054187244,0.011518848
-0.01583736,0.0140479235,0.010947903,0.0008946052,0.003757088,-0.00029973255,0.016406551,0.018130101,-0.0094794035,-0.0037973858,0.0018329826,-0.010235011,-0.015154759,0.007386979,0.018997634,0.007448165,0.00015694002,-0.018723289,-0.0018237144,0.00028820348,-0.0045562023,-0.020735385,-0.0070062024,-0.013525896,-0.004687285,0.003182461,-0.017545,-0.019460281,-0.009754676,0.011125533,0.009179794,0.025150761
-0.008927064,0.012080252,0.014254824,0.0011684903,-0.0031867498,0.008892878,0.009650002,0.009410463,-0.010662627,-0.018801272,0.008149287,-0.0049284496,-0.0065015643,-0.009570864,0.008381405,0.01233736,-0.0021446138,-0.0065452373,-0.01236047,0.01313729,0.015098985,-0.0014658356,-0.00877124,-0.0057819774,-0.012725225,0.0133246705,-0.009910518,0.003938649,0.014742111,0.0018045611,0.0054187244,0.011518848
-0.01583736,0.0140479235,0.010947903,0.0008946052,0.003757088,-0.00029973255,0.016406551,0.018130101,-0.0094794035,-0.0037973858,0.0018329826,-0.010235011,-0.015154759,0.007386979,0.018997634,0.007448165,0.00015694002,-0.018723289,-0.0018237144,0.00028820348,-0.0045562023,-0.020735385,-0.0070062024,-0.013525896,-0.004687285,0.003182461,-0.017545,-0.019460281,-0.009754676,0.011125533,0.009179794,0.025150761
-0.008927064,0.012080252,0.014254824,0.0011684903,-0.0031867498,0.008892878,0.009650002,0.009410463,-0.010662627,-0.018801272,0.008149287,-0.0049284496,-0.0065015643,-0.009570864,0.008381405,0.01233736,-0.0021446138,-0.0065452373,-0.01236047,0.01313729,0.015098985,-0.0014658356,-0.00877124,-0.0057819774,-0.012725225,0.0133246705,-0.009910518,0.003938649,0.014742111,0.0018045611,0.0054187244,0.011518848
-0.01583736,0.0140479235,0.010947903,0.0008946052,0.003757088,-0.00029973255,0.016406551,0.018130101,-0.0094794035,-0.0037973858,0.0018329826,-0.010235011,-0.015154759,0.007386979,0.018997634,0.007448165,0.00015694002,-0.018723289,-0.0018237144,0.00028820348,-0.0045562023,-0.020735385,-0.0070062024,-0.013525896,-0.004687285,0.003182461,-0.017545,-0.019460281,-0.009754676,0.011125533,0.009179794,0.025150761
-0.008927064,0.012080252,0.014254824,0.0011684903,-0.0031867498,0.008892878,0.009650002,0.009410463,-0.010662627,-0.018801272,0.008149287,-0.0049284496,-0.0065015643,-0.009570864,0.008381405,0.01233736,-0.0021446138,-0.0065452373,-0.01236047,0.01313729,0.015098985,-0.0014658356,-0.00877124,-0.0057819774,-0.012725225,0.0133246705,-0.009910518,0.003938649,0.014742111,0.0018045611,0.0054187244,0.011518848
-0.01583736,0.0140479235,0.010947903,0.0008946052,0.003757088,-0.00029973255,0.016406551,0.018130101,-0.0094794035,-0.0037973858,0.0018329826,-0.010235011,-0.015154759,0.007386979,0.018997634,0.007448165,0.00015694002,-0.018723289,-0.0018237144,0.00028820348,-0.0045562023,-0.020735385,-0.0070062024,-0.013525896,-0.004687285,0.003182461,-0.017545,-0.019460281,-0.009754676,0.011125533,0.009179794,0.025150761
-0.008927064,0.012080252,0.014254824,0.0011684903,-0.0031867498,0.008892878,0.009650002,0.009410463,-0.010662627,-0.018801272,0.008149287,-0.0049284496,-0.0065015643,-0.009570864,0.008381405,0.01233736,-0.0021446138,-0.0065452373,-0.01236047,0.01313729,0.015098985,-0.0014658356,-0.00877124,-0.0057819774,-0.012725225,0.0133246705,-0.009910518,0.003938649,0.014742111,0.0018045611,0.0054187244,0.011518848
-0.01583736,0.0140479235,0.010947903,0.0008946052,0.003757088,-0.00029973255,0.016406551,0.018130101,-0.0094794035,-0.0037973858,0.0018329826,-0.010235011,-0.015154759,0.007386979,0.018997634,0.007448165,0.00015694002,-0.018723289,-0.0018237144,0.00028820348,-0.0045562023,-0.020735385,-0.0070062024,-0.013525896,-0.004687285,0.003182461,-0.017545,-0.019460281,-0.009754676,0.011125533,0.009179794,0.025150761
-0.008927064,0.012080252,0.014254824,0.0011684903,-0.0031867498,0.008892878,0.009650002,0.009410463,-0.010662627,-0.018801272,0.008149287,-0.0049284496,-0.0065015643,-0.009570864,0.008381405,0.01233736,-0.0021446138,-0.0065452373,-0.01236047,0.01313729,0.015098985,-0.0014658356,-0.00877124,-0.0057819774,-0.012725225,0.0133246705,-0.009910518,0.003938649,0.014742111,0.0018045611,0.0054187244,0.011518848
-0.01583736,0.0140479235,0.010947903,0.0008946052,0.003757088,-0.00029973255,0.016406551,0.018130101,-0.0094794035,-0.0037973858,0.0018329826,-0.010235011,-0.015154759,0.007386979,0.018997634,0.007448165,0.00015694002,-0.018723289,-0.0018237144,0.00028820348,-0.0045562023,-0.020735385,-0.0070062024,-0.013525896,-0.004687285,0.003182461,-0.017545,-0.019460281,-0.009754676,0.011125533,0.009179794,0.025150761
-0.008927064,0.012080252,0.014254824,0.0011684903,-0.0031867498,0.008892878,0.009650002,0.009410463,-0.010662627,-0.018801272,0.008149287,-0.0049284496,-0.0065015643,-0.009570864,0.008381405,0.01233736,-0.0021446138,-0.0065452373,-0.01236047,0.01313729,0.015098985,-0.0014658356,-0.00877124,-0.0057819774,-0.012725225,0.0133246705,-0.009910518,0.003938649,0.014742111,0.0018045611,0.0054187244,0.011518848
-0.01583736,0.0140479235,0.010947903,0.0008946052,0.003757088,-0.00029973255,0.016406551,0.018130101,-0.0094794035,-0.0037973858,0.0018329826,-0.010235011,-0.015154759,0.007386979,0.018997634,0.007448165,0.00015694002,-0.018723289,-0.0018237144,0.00028820348,-0.0045562023,-0.020735385,-0.0070062024,-0.013525896,-0.004687285,0.003182461,-0.017545,-0.019460281,-0.009754676,0.011125533,0.009179794,0.025150761
-0.008927064,0.012080252,0.014254824,0.0011684903,-0.0031867498,0.008892878,0.009650002,0.009410463,-0.010662627,-0.018801272,0.008149287,-0.0049284496,-0.0065015643,-0.009570864,0.008381405,0.01233736,-0.0021446138,-0.0065452373,-0.01236047,0.01313729,0.015098985,-0.0014658356,-0.00877124,-0.0057819774,-0.012725225,0.0133246705,-0.009910518,0.003938649,0.014742111,0.0018045611,0.0054187244,0.011518848
-0.01583736,0.0140479235,0.010947903,0.0008946052,0.003757088,-0.00029973255,0.016406551,0.018130101,-0.0094794035,-0.0037973858,0.0018329826,-0.010235011,-0.015154759,0.007386979,0.018997634,0.007448165,0.00015694002,-0.018723289,-0.0018237144,0.00028820348,-0.0045562023,-0.020735385,-0.0070062024,-0.013525896,-0.004687285,0.003182461,-0.017545,-0.019460281,-0.009754676,0.011125533,0.009179794,0.025150761
-0.008927064,0.012080252,0.014254824,0.0011684903,-0.0031867498,0.008892878,0.009650002,0.009410463,-0.010662627,-0.018801272,0.008149287,-0.0049284496,-0.0065015643,-0.009570864,0.008381405,0.01233736,-0.0021446138,-0.0065452373,-0.01236047,0.01313729,0.015098985,-0.0014658356,-0.00877124,-0.0057819774,-0.012725225,0.0133246705,-0.009910518,0.003938649,0.014742111,0.0018045611,0.0054187244,0.011518848
-0.01583736,0.0140479235,0.010947903,0.0008946052,0.003757088,-0.00029973255,0.016406551,0.018130101,-0.0094794035,-0.0037973858,0.0018329826,-0.010235011,-0.015154759,0.007386979,0.018997634,0.007448165,0.00015694002,-0.018723289,-0.0018237144,0.00028820348,-0.0045562023,-0.020735385,-0.0070062024,-0.013525896,-0.004687285,0.003182461,-0.017545,-0.019460281,-0.009754676,0.011125533,0.009179794,0.025150761
-0.008927064,0.012080252,0.014254824,0.0011684903,-0.0031867498,0.008892878,0.009650002,0.009410463,-0.010662627,-0.018801272,0.008149287,-0.0049284496,-0.0065015643,-0.009570864,0.008381405,0.01233736,-0.0021446138,-0.0065452373,-0.01236047,0.01313729,0.015098985,-0.0014658356,-0.00877124,-0.0057819774,-0.012725225,0.0133246705,-0.009910518,0.003938649,0.014742111,0.0018045611,0.0054187244,0.011518848
-0.01583736,0.0140479235,0.010947903,0.0008946052,0.003757088,-0.00029973255,0.016406551,0.018130101,-0.0094794035,-0.0037973858,0.0018329826,-0.010235011,-0.015154759,0.007386979,0.018997634,0.007448165,0.00015694002,-0.018723289,-0.0018237144,0.00028820348,-0.0045562023,-0.020735385,-0.0070062024,-0.013525896,-0.004687285,0.003182461,-0.017545,-0.019460281,-0.009754676,0.011125533,0.009179794,0.025150761
-0.008927064,0.012080252,0.014254824,0.0011684903,-0.0031867498,0.008892878,0.009650002,0.009410463,-0.010662627,-0.018801272,0.008149287,-0.0049284496,-0.0065015643,-0.009570864,0.008381405,0.01233736,-0.0021446138,-0.0065452373,-0.01236047,0.01313729,0.015098985,-0.0014658356,-0.00877124,-0.0057819774,-0.012725225,0.0133246705,-0.009910518,0.003938649,0.014742111,0.0018045611,0.0054187244,0.011518848
-0.01583736,0.0140479235,0.010947903,0.0008946052,0.003757088,-0.00029973255,0.016406551,0.018130101,-0.0094794035,-0.0037973858,0.0018329826,-0.010235011,-0.015154759,0.007386979,0.018997634,0.007448165,0.00015694002,-0.018723289,-0.0018237144,0.00028820348,-0.0045562023,-0.020735385,-0.0070062024,-0.013525896,-0.004687285,0.003182461,-0.017545,-0.019460281,-0.009754676,0.011125533,0.009179794,0.025150761
-0.008927064,0.012080252,0.014254824,0.0011684903,-0.0031867498,0.008892878,0.009650002,0.009410463,-0.010662627,-0.018801272,0.008149287,-0.0049284496,-0.0065015643,-0.009570864,0.008381405,0.01233736,-0.0021446138,-0.0065452373,-0.01236047,0.01313729,0.015098985,-0.0014658356,-0.00877124,-0.0057819774,-0.012725225,0.0133246705,-0.009910518,0.003938649,0.014742111,0.0018045611,0.0054187244,0.011518848
-0.01583736,0.0140479235,0.010947903,0.0008946052,0.003757088,-0.00029973255,0.016406551,0.018130101,-0.0094794035,-0.0037973858,0.0018329826,-0.010235011,-0.015154759,0.007386979,0.018997634,0.007448165,0.00015694002,-0.018723289,-0.0018237144,0.00028820348,-0.0045562023,-0.020735385,-0.0070062024,-0.013525896,-0.004687285,0.003182461,-0.017545,-0.019460281,-0.009754676,0.011125533,0.009179794,0.025150761
-0.008927064,0.012080252,0.014254824,0.0011684903,-0.0031867498,0.008892878,0.009650002,0.009410463,-0.010662627,-0.018801272,0.008149287,-0.0049284496,-0.0065015643,-0.009570864,0.008381405,0.01233736,-0.0021446138,-0.0065452373,-0.01236047,0.01313729,0.015098985,-0.0014658356,-0.00877124,-0.0057819774,-0.012725225,0.0133246705,-0.009910518,0.003938649,0.014742111,0.0018045611,0.0054187244,0.011518848
-0.01583736,0.0140479235,0.010947903,0.0008946052,0.003757088,-0.00029973255,0.016406551,0.018130101,-0.0094794035,-0.0037973858,0.0018329826,-0.010235011,-0.015154759,0.007386979,0.018997634,0.007448165,0.00015694002,-0.018723289,-0.0018237144,0.00028820348,-0.0045562023,-0.020735385,-0.0070062024,-0.013525896,-0.004687285,0.003182461,-0.017545,-0.019460281,-0.009754676,0.011125533,0.009179794,0.025150761
-0.008927064,0.012080252,0.014254824,0.0011684903,-0.0031867498,0.008892878,0.009650002,0.009410463,-0.010662627,-0.018801272,0.008149287,-0.0049284496,-0.0065015643,-0.009570864,0.008381405,0.01233736,-0.0021446138,-0.0065452373,-0.01236047,0.01313729,0.015098985,-0.0014658356,-0.00877124,-0.0057819774,-0.012725225,0.0133246705,-0.009910518,0.003938649,0.014742111,0.0018045611,0.0054187244,0.011518848
-0.01583736,0.0140479235,0.010947903,0.0008946052,0.003757088,-0.00029973255,0.016406551,0.018130101,-0.0094794035,-0.0037973858,0.0018329826,-0.010235011,-0.015154759,0.007386979,0.018997634,0.007448165,0.00015694002,-0.018723289,-0.0018237144,0.00028820348,-0.0045562023,-0.020735385,-0.0070062024,-0.013525896,-0.004687285,0.003182461,-0.017545,-0.019460281,-0.009754676,0.011125533,0.009179794,0.025150761
-0.008927064,0.012080252,0.014254824,0.0011684903,-0.0031867498,0.008892878,0.009650002,0.009410463,-0.010662627,-0.018801272,0.008149287,-0.0049284496,-0.0065015643,-0.009570864,0.008381405,0.01233736,-0.0021446138,-0.0065452373,-0.01236047,0.01313729,0.015098985,-0.0014658356,-0.00877124,-0.0057819774,-0.012725225,0.0133246705,-0.009910518,0.003938649,0.014742111,0.0018045611,0.0054187244,0.011518848
-0.01583736,0.0140479235,0.010947903,0.0008946052,0.003757088,-0.00029973255,0.016406551,0.018130101,-0.0094794035,-0.0037973858,0.0018329826,-0.010235011,-0.015154759,0.007386979,0.018997634,0.007448165,0.00015694002,-0.018723289,-0.0018237144,0.00028820348,-0.0045562023,-0.020735385,-0.0070062024,-0.013525896,-0.004687285,0.003182461,-0.017545,-0.019460281,-0.009754676,0.011125533,0.009179794,0.025150761
-0.008927064,0.012080252,0.014254824,0.0011684903,-0.0031867498,0.008892878,0.009650002,0.009410463,-0.010662627,-0.018801272,0.008149287,-0.0049284496,-0.0065015643,-0.009570864,0.008381405,0.01233736,-0.0021446138,-0.0065452373,-0.01236047,0.01313729,0.015098985,-0.0014658356,-0.00877124,-0.0057819774,-0.012725225,0.0133246705,-0.009910518,0.003938649,0.014742111,0.0018045611,0.0054187244,0.011518848
0.14092094,0.4118893,0.19440228,0.23072782,0.3675338,0.5441086,0.42120534,0.33087677,0.24708667,0.37557694,-0.19128531,-0.4522926,0.16108178,-0.5919897,0.17089158,-0.56885517,0.39527735,-0.44875866,0.13106595,0.34476775,-0.34824675,-0.21531625,-0.54678124,-0.13473749,-0.036947973,0.25259915,-0.24508159,0.114466004,0.29969415,0.34254983,0.15465246,-0.427265
-1.1133242,-0.007245019,0.389192,0.071261846,0.23302603,0.3595727,-0.0062248698,-0.55138206,-0.092766546,-0.31758204,0.0023481045,-0.0015454178,-0.2527793,0.28552493,0.1024202,0.22204532,-0.19685075,0.29353938,0.14775321,-0.3540011,0.03386596,-0.22423767,-0.07302847,0.21906143,-0.15318194,-0.0650568,-0.49744004,0.26736778,0.087502144,-0.32821152,0.99246734,0.18859634
0.5835928,-0.43006408,-0.14423561,0.019257683,-0.18826595,0.6445931,0.19203289,0.9760959,0.21277569,-0.2943888,-0.19946459,-0.6416604,0.5396388,-0.51806015,0.074692145,-0.26420626,-0.26759356,-0.123860255,0.06295741,0.2194948,-0.10388096,-0.09532942,-0.42206624,-0.26738885,-0.021259028,-0.09493166,-0.31577438,0.057498522,0.35812917,0.53722066,0.43561545,-0.1607218
-0.23340836,-0.021424621,0.5979976,0.1026267,0.4005556,0.35595417,0.25451207,-0.4500782,0.16097759,-0.9295357,0.3020908,0.47160372,-0.17173076,0.42449242,-0.28227672,0.024197727,-0.40967232,0.16412733,-0.117105074,-0.1963735,0.4570953,0.042867772,-0.20609066,-0.24416235,-0.08561995,-0.31480843,-0.52103996,-0.40347832,0.2860381,-0.18466783,0.29939607,-0.024653569
-0.050087433,-0.46370023,-0.19128807,-0.24926624,-0.33762273,0.124315664,0.36192346,0.68133223,0.24249122,-0.4108224,0.25835237,-0.47813824,0.1854098,0.08680168,0.17140187,-0.16160902,-0.31443405,0.13899162,-0.1820816,-0.2582763,0.1250806,-0.40232685,-0.21930353,-0.30013245,0.016755575,-0.2582235,-0.38922977,-0.08583994,0.25697947,-0.0872643,0.24877807,-0.11724146
0.030766318,0.24608481,0.31598508,0.13870957,0.10643778,0.36684194,0.5468903,-0.1666564,0.07873262,0.062870644,-0.10742182,-0.052404433,-0.38504258,0.2765215,0.17639911,0.10717417,-0.33528337,0.124417,-0.026294237,-0.053116255,0.23367822,-0.084947206,0.46997228,-0.41009748,-0.37731043,-0.046739247,0.08416172,0.05637925,0.3474791,-0.12696142,0.30817488,-0.08409429
-0.01583736,0.0140479235,0.010947903,0.0008946052,0.003757088,-0.00029973255,0.016406551,0.018130101,-0.0094794035,-0.0037973858,0.0018329826,-0.010235011,-0.015154759,0.007386979,0.018997634,0.007448165,0.00015694002,-0.018723289,-0.0018237144,0.00028820348,-0.0045562023,-0.020735385,-0.0070062024,-0.013525896,-0.004687285,0.003182461,-0.017545,-0.019460281,-0.009754676,0.011125533,0.009179794,0.025150761
-0.008927064,0.012080252,0.014254824,0.0011684903,-0.0031867498,0.008892878,0.009650002,0.009410463,-0.010662627,-0.018801272,0.008149287,-0.0049284496,-0.0065015643,-0.009570864,0.008381405,0.01233736,-0.0021446138,-0.0065452373,-0.01236047,0.01313729,0.015098985,-0.0014658356,-0.00877124,-0.0057819774,-0.012725225,0.0133246705,-0.009910518,0.003938649,0.014742111,0.0018045611,0.0054187244,0.011518848
-0.01583736,0.0140479235,0.010947903,0.0008946052,0.003757088,-0.00029973255,0.016406551,0.018130101,-0.0094794035,-0.0037973858,0.0018329826,-0.010235011,-0.015154759,0.007386979,0.018997634,0.007448165,0.00015694002,-0.018723289,-0.0018237144,0.00028820348,-0.0045562023,-0.020735385,-0.0070062024,-0.013525896,-0.004687285,0.003182461,-0.017545,-0.019460281,-0.009754676,0.011125533,0.009179794,0.025150761
-0.008927064,0.012080252,0.014254824,0.0011684903,-0.0031867498,0.008892878,0.009650002,0.009410463,-0.010662627,-0.018801272,0.008149287,-0.0049284496,-0.0065015643,-0.009570864,0.008381405,0.01233736,-0.0021446138,-0.0065452373,-0.01236047,0.01313729,0.015098985,-0.0014658356,-0.00877124,-0.0057819774,-0.012725225,0.0133246705,-0.009910518,0.003938649,0.014742111,0.0018045611,0.0054187244,0.011518848
-0.01583736,0.0140479235,0.010947903,0.0008946052,0.003757088,-0.00029973255,0.016406551,0.018130101,-0.0094794035,-0.0037973858,0.0018329826,-0.010235011,-0.015154759,0.007386979,0.018997634,0.007448165,0.00015694002,-0.018723289,-0.0018237144,0.00028820348,-0.0045562023,-0.020735385,-0.0070062024,-0.013525896,-0.004687285,0.003182461,-0.017545,-0.019460281,-0.009754676,0.011125533,0.009179794,0.025150761
-0.008927064,0.012080252,0.014254824,0.0011684903,-0.0031867498,0.008892878,0.009650002,0.009410463,-0.010662627,-0.018801272,0.008149287,-0.0049284496,-0.0065015643,-0.009570864,0.008381405,0.01233736,-0.0021446138,-0.0065452373,-0.01236047,0.01313729,0.015098985,-0.0014658356,-0.00877124,-0.0057819774,-0.012725225,0.0133246705,-0.009910518,0.003938649,0.014742111,0.0018045611,0.0054187244,0.011518848
-0.01583736,0.0140479235,0.010947903,0.0008946052,0.003757088,-0.00029973255,0.016406551,0.018130101,-0.0094794035,-0.0037973858,0.0018329826,-0.010235011,-0.015154759,0.007386979,0.018997634,0.007448165,0.00015694002,-0.018723289,-0.0018237144,0.00028820348,-0.0045562023,-0.020735385,-0.0070062024,-0.013525896,-0.004687285,0.003182461,-0.017545,-0.019460281,-0.009754676,0.011125533,0.009179794,0.025150761
-0.008927064,0.012080252,0.014254824,0.0011684903,-0.0031867498,0.008892878,0.009650002,0.009410463,-0.010662627,-0.018801272,0.008149287,-0.0049284496,-0.0065015643,-0.009570864,0.008381405,0.01233736,-0.0021446138,-0.0065452373,-0.01236047,0.01313729,0.015098985,-0.0014658356,-0.00877124,-0.0057819774,-0.012725225,0.0133246705,-0.009910518,0.003938649,0.014742111,0.0018045611,0.0054187244,0.011518848
-0.01583736,0.0140479235,0.010947903,0.0008946052,0.003757088,-0.00029973255,0.016406551,0.018130101,-0.0094794035,-0.0037973858,0.0018329826,-0.010235011,-0.015154759,0.007386979,0.018997634,0.007448165,0.00015694002,-0.018723289,-0.0018237144,0.00028820348,-0.0045562023,-0.020735385,-0.0070062024,-0.013525896,-0.004687285,0.003182461,-0.017545,-0.019460281,-0.009754676,0.011125533,0.009179794,0.025150761
-0.008927064,0.012080252,0.014254824,0.0011684903,-0.0031867498,0.008892878,0.009650002,0.009410463,-0.010662627,-0.018801272,0.008149287,-0.0049284496,-0.0065015643,-0.009570864,0.008381405,0.01233736,-0.0021446138,-0.0065452373,-0.01236047,0.01313729,0.015098985,-0.0014658356,-0.00877124,-0.0057819774,-0.012725225,0.0133246705,-0.009910518,0.003938649,0.014742111,0.0018045611,0.0054187244,0.011518848
-0.01583736,0.0140479235,0.010947903,0.0008946052,0.003757088,-0.00029973255,0.016406551,0.018130101,-0.0094794035,-0.0037973858,0.0018329826,-0.010235011,-0.015154759,0.007386979,0.018997634,0.007448165,0.00015694002,-0.018723289,-0.0018237144,0.00028820348,-0.0045562023,-0.020735385,-0.0070062024,-0.013525896,-0.004687285,0.003182461,-0.017545,-0.019460281,-0.009754676,0.011125533,0.009179794,0.025150761
-0.008927064,0.012080252,0.014254824,0.0011684903,-0.0031867498,0.008892878,0.009650002,0.009410463,-0.010662627,-0.018801272,0.008149287,-0.0049284496,-0.0065015643,-0.009570864,0.008381405,0.01233736,-0.0021446138,-0.0065452373,-0.01236047,0.01313729,0.015098985,-0.0014658356,-0.00877124,-0.0057819774,-0.012725225,0.0133246705,-0.009910518,0.003938649,0.014742111,0.0018045611,0.0054187244,0.011518848
-0.01583736,0.0140479235,0.010947903,0.0008946052,0.003757088,-0.00029973255,0.016406551,0.018130101,-0.0094794035,-0.0037973858,0.0018329826,-0.010235011,-0.015154759,0.007386979,0.018997634,0.007448165,0.00015694002,-0.018723289,-0.0018237144,0.00028820348,-0.0045562023,-0.020735385,-0.0070062024,-0.013525896,-0.004687285,0.003182461,-0.017545,-0.019460281,-0.009754676,0.011125533,0.009179794,0.025150761
-0.008927064,0.012080252,0.014254824,0.0011684903,-0.0031867498,0.008892878,0.009650002,0.009410463,-0.010662627,-0.018801272,0.008149287,-0.0049284496,-0.0065015643,-0.009570864,0.008381405,0.01233736,-0.0021446138,-0.0065452373,-0.01236047,0.01313729,0.015098985,-0.0014658356,-0.00877124,-0.0057819774,-0.012725225,0.0133246705,-0.009910518,0.003938649,0.014742111,0.0018045611,0.0054187244,0.011518848
-0.01583736,0.0140479235,0.010947903,0.0008946052,0.003757088,-0.00029973255,0.016406551,0.018130101,-0.0094794035,-0.0037973858,0.0018329826,-0.010235011,-0.015154759,0.007386979,0.018997634,0.007448165,0.00015694002,-0.018723289,-0.0018237144,0.00028820348,-0.0045562023,-0.020735385,-0.0070062024,-0.013525896,-0.004687285,0.003182461,-0.017545,-0.019460281,-0.009754676,0.011125533,0.009179794,0.025150761
-0.008927064,0.012080252,0.014254824,0.0011684903,-0.0031867498,0.008892878,0.009650002,0.009410463,-0.010662627,-0.018801272,0.008149287,-0.0049284496,-0.0065015643,-0.009570864,0.008381405,0.01233736,-0.0021446138,-0.0065452373,-0.01236047,0.01313729,0.015098985,-0.0014658356,-0.00877124,-0.0057819774,-0.012725225,0.0133246705,-0.009910518,0.003938649,0.014742111,0.0018045611,0.0054187244,0.011518848
-0.01583736,0.0140479235,0.010947903,0.0008946052,0.003757088,-0.00029973255,0.016406551,0.018130101,-0.0094794035,-0.0037973858,0.0018329826,-0.010235011,-0.015154759,0.007386979,0.018997634,0.007448165,0.00015694002,-0.018723289,-0.0018237144,0.00028820348,-0.0045562023,-0.020735385,-0.0070062024,-0.013525896,-0.004687285,0.003182461,-0.017545,-0.019460281,-0.009754676,0.011125533,0.009179794,0.025150761
-0.008927064,0.012080252,0.014254824,0.0011684903,-0.0031867498,0.008892878,0.009650002,0.009410463,-0.010662627,-0.018801272,0.008149287,-0.0049284496,-0.0065015643,-0.009570864,0.008381405,0.01233736,-0.0021446138,-0.0065452373,-0.01236047,0.01313729,0.015098985,-0.0014658356,-0.00877124,-0.0057819774,-0.012725225,0.0133246705,-0.009910518,0.003938649,0.014742111,0.0018045611,0.0054187244,0.011518848
-0.01583736,0.0140479235,0.010947903,0.0008946052,0.003757088,-0.00029973255,0.016406551,0.018130101,-0.0094794035,-0.0037973858,0.0018329826,-0.010235011,-0.015154759,0.007386979,0.018997634,0.007448165,0.00015694002,-0.018723289,-0.0018237144,0.00028820348,-0.0045562023,-0.020735385,-0.0070062024,-0.013525896,-0.004687285,0.003182461,-0.017545,-0.019460281,-0.009754676,0.011125533,0.009179794,0.025150761
-0.008927064,0.012080252,0.014254824,0.0011684903,-0.0031867498,0.008892878,0.009650002,0.009410463,-0.010662627,-0.018801272,0.008149287,-0.0049284496,-0.0065015643,-0.009570864,0.008381405,0.01233736,-0.0021446138,-0.0065452373,-0.01236047,0.01313729,0.015098985,-0.0014658356,-0.00877124,-0.0057819774,-0.012725225,0.0133246705,-0.009910518,0.003938649,0.014742111,0.0018045611,0.0054187244,0.011518848
-0.01583736,0.0140479235,0.010947903,0.0008946052,0.003757088,-0.00029973255,0.016406551,0.018130101,-0.0094794035,-0.0037973858,0.0018329826,-0.010235011,-0.015154759,0.007386979,0.018997634,0.007448165,0.00015694002,-0.018723289,-0.0018237144,0.00028820348,-0.0045562023,-0.020735385,-0.0070062024,-0.013525896,-0.004687285,0.003182461,-0.017545,-0.019460281,-0.009754676,0.011125533,0.009179794,0.025150761
-0.008927064,0.012080252,0.014254824,0.0011684903,-0.0031867498,0.008892878,0.009650002,0.009410463,-0.010662627,-0.018801272,0.008149287,-0.0049284496,-0.0065015643,-0.009570864,0.008381405,0.01233736,-0.0021446138,-0.0065452373,-0.01236047,0.01313729,0.015098985,-0.0014658356,-0.00877124,-0.0057819774,-0.012725225,0.0133246705,-0.009910518,0.003938649,0.014742111,0.0018045611,0.0054187244,0.011518848
-0.01583736,0.0140479235,0.010947903,0.0008946052,0.003757088,-0.00029973255,0.016406551,0.018130101,-0.0094794035,-0.0037973858,0.0018329826,-0.010235011,-0.015154759,0.007386979,0.018997634,0.007448165,0.00015694002,-0.018723289,-0.0018237144,0.00028820348,-0.0045562023,-0.020735385,-0.0070062024,-0.013525896,-0.004687285,0.003182461,-0.017545,-0.019460281,-0.009754676,0.011125533,0.009179794,0.025150761
-0.008927064,0.012080252,0.014254824,0.0011684903,-0.0031867498,0.008892878,0.009650002,0.009410463,-0.010662627,-0.018801272,0.008149287,-0.0049284496,-0.0065015643,-0.009570864,0.008381405,0.01233736,-0.0021446138,-0.0065452373,-0.01236047,0.01313729,0.015098985,-0.0014658356,-0.00877124,-0.0057819774,-0.012725225,0.0133246705,-0.009910518,0.003938649,0.014742111,0.0018045611,0.0054187244,0.011518848
-0.01583736,0.0140479235,0.010947903,0.0008946052,0.003757088,-0.00029973255,0.016406551,0.018130101,-0.0094794035,-0.0037973858,0.0018329826,-0.010235011,-0.015154759,0.007386979,0.018997634,0.007448165,0.00015694002,-0.018723289,-0.0018237144,0.00028820348,-0.0045562023,-0.020735385,-0.0070062024,-0.013525896,-0.004687285,0.003182461,-0.017545,-0.019460281,-0.009754676,0.011125533,0.009179794,0.025150761
-0.008927064,0.012080252,0.014254824,0.0011684903,-0.0031867498,0.008892878,0.009650002,0.009410463,-0.010662627,-0.018801272,0.008149287,-0.0049284496,-0.0065015643,-0.009570864,0.008381405,0.01233736,-0.0021446138,-0.0065452373,-0.01236047,0.01313729,0.015098985,-0.0014658356,-0.00877124,-0.0057819774,-0.012725225,0.0133246705,-0.009910518,0.003938649,0.014742111,0.0018045611,0.0054187244,0.011518848
-0.01583736,0.0140479235,0.010947903,0.0008946052,0.003757088,-0.00029973255,0.016406551,0.018130101,-0.0094794035,-0.0037973858,0.0018329826,-0.010235011,-0.015154759,0.007386979,0.018997634,0.007448165,0.00015694002,-0.018723289,-0.0018237144,0.00028820348,-0.0045562023,-0.020735385,-0.0070062024,-0.013525896,-0.004687285,0.003182461,-0.017545,-0.019460281,-0.009754676,0.011125533,0.009179794,0.025150761
-0.008927064,0.012080252,0.014254824,0.0011684903,-0.0031867498,0.008892878,0.009650002,0.009410463,-0.010662627,-0.018801272,0.008149287,-0.0049284496,-0.0065015643,-0.009570864,0.008381405,0.01233736,-0.0021446138,-0.0065452373,-0.01236047,0.01313729,0.015098985,-0.0014658356,-0.00877124,-0.0057819774,-0.012725225,0.0133246705,-0.009910518,0.003938649,0.014742111,0.0018045611,0.0054187244,0.011518848
-0.01583736,0.0140479235,0.010947903,0.0008946052,0.003757088,-0.00029973255,0.016406551,0.018130101,-0.0094794035,-0.0037973858,0.0018329826,-0.010235011,-0.015154759,0.007386979,0.018997634,0.007448165,0.00015694002,-0.018723289,-0.0018237144,0.00028820348,-0.0045562023,-0.020735385,-0.0070062024,-0.013525896,-0.004687285,0.003182461,-0.017545,-0.019460281,-0.009754676,0.011125533,0.009179794,0.025150761
-0.008927064,0.012080252,0.014254824,0.0011684903,-0.0031867498,0.008892878,0.009650002,0.009410463,-0.010662627,-0.018801272,0.008149287,-0.0049284496,-0.0065015643,-0.009570864,0.008381405,0.01233736,-0.0021446138,-0.0065452373,-0.01236047,0.01313729,0.015098985,-0.0014658356,-0.00877124,-0.0057819774,-0.012725225,0.0133246705,-0.009910518,0.003938649,0.014742111,0.0018045611,0.0054187244,0.011518848
-0.01583736,0.0140479235,0.010947903,0.0008946052,0.003757088,-0.00029973255,0.016406551,0.018130101,-0.0094794035,-0.0037973858,0.0018329826,-0.010235011,-0.015154759,0.007386979,0.018997634,0.007448165,0.00015694002,-0.018723289,-0.0018237144,0.00028820348,-0.0045562023,-0.020735385,-0.0070062024,-0.013525896,-0.004687285,0.003182461,-0.017545,-0.019460281,-0.009754676,0.011125533,0.009179794,0.025150761
-0.008927064,0.012080252,0.014254824,0.0011684903,-0.0031867498,0.008892878,0.009650002,0.009410463,-0.010662627,-0.018801272,0.008149287,-0.0049284496,-0.0065015643,-0.009570864,0.008381405,0.01233736,-0.0021446138,-0.0065452373,-0.01236047,0.01313729,0.015098985,-0.0014658356,-0.00877124,-0.0057819774,-0.012725225,0.0133246705,-0.009910518,0.003938649,0.014742111,0.0018045611,0.0054187244,0.011518848
-0.01583736,0.0140479235,0.010947903,0.0008946052,0.003757088,-0.00029973255,0.016406551,0.018130101,-0.0094794035,-0.0037973858,0.0018329826,-0.010235011,-0.015154759,0.007386979,0.018997634,0.007448165,0.00015694002,-0.018723289,-0.0018237144,0.00028820348,-0.0045562023,-0.020735385,-0.0070062024,-0.013525896,-0.004687285,0.003182461,-0.017545,-0.019460281,-0.009754676,0.011125533,0.009179794,0.025150761
-0.008927064,0.012080252,0.014254824,0.0011684903,-0.0031867498,0.008892878,0.009650002,0.009410463,-0.010662627,-0.018801272,0.008149287,-0.0049284496,-0.0065015643,-0.009570864,0.008381405,0.01233736,-0.0021446138,-0.0065452373,-0.01236047,0.01313729,0.015098985,-0.0014658356,-0.00877124,-0.0057819774,-0.012725225,0.0133246705,-0.009910518,0.003938649,0.014742111,0.0018045611,0.0054187244,0.011518848
-0.01583736,0.0140479235,0.010947903,0.0008946052,0.003757088,-0.00029973255,0.016406551,0.018130101,-0.0094794035,-0.0037973858,0.0018329826,-0.010235011,-0.015154759,0.007386979,0.018997634,0.007448165,0.00015694002,-0.018723289,-0.0018237144,0.00028820348,-0.0045562023,-0.020735385,-0.0070062024,-0.013525896,-0.004687285,0.003182461,-0.017545,-0.019460281,-0.009754676,0.011125533,0.009179794,0.025150761
-0.008927064,0.012080252,0.014254824,0.0011684903,-0.0031867498,0.008892878,0.009650002,0.009410463,-0.010662627,-0.018801272,0.008149287,-0.0049284496,-0.0065015643,-0.009570864,0.008381405,0.01233736,-0.0021446138,-0.0065452373,-0.01236047,0.01313729,0.015098985,-0.0014658356,-0.00877124,-0.0057819774,-0.012725225,0.0133246705,-0.009910518,0.003938649,0.014742111,0.0018045611,0.0054187244,0.011518848
-0.01583736,0.0140479235,0.010947903,0.0008946052,0.003757088,-0.00029973255,0.016406551,0.018130101,-0.0094794035,-0.0037973858,0.0018329826,-0.010235011,-0.015154759,0.007386979,0.018997634,0.007448165,0.00015694002,-0.018723289,-0.0018237144,0.00028820348,-0.0045562023,-0.020735385,-0.0070062024,-0.013525896,-0.004687285,0.003182461,-0.017545,-0.019460281,-0.009754676,0.011125533,0.009179794,0.025150761
-0.008927064,0.012080252,0.014254824,0.0011684903,-0.0031867498,0.008892878,0.009650002,0.009410463,-0.010662627,-0.018801272,0.008149287,-0.0049284496,-0.0065015643,-0.009570864,0.008381405,0.01233736,-0.0021446138,-0.0065452373,-0.01236047,0.01313729,0.015098985,-0.0014658356,-0.00877124,-0.0057819774,-0.012725225,0.0133246705,-0.009910518,0.003938649,0.014742111,0.0018045611,0.0054187244,0.011518848
-0.01583736,0.0140479235,0.010947903,0.0008946052,0.003757088,-0.00029973255,0.016406551,0.018130101,-0.0094794035,-0.0037973858,0.0018329826,-0.010235011,-0.015154759,0.007386979,0.018997634,0.007448165,0.00015694002,-0.018723289,-0.0018237144,0.00028820348,-0.0045562023,-0.020735385,-0.0070062024,-0.013525896,-0.004687285,0.003182461,-0.017545,-0.019460281,-0.009754676,0.011125533,0.009179794,0.025150761
-0.008927064,0.012080252,0.014254824,0.0011684903,-0.0031867498,0.008892878,0.009650002,0.009410463,-0.010662627,-0.018801272,0.008149287,-0.0049284496,-0.0065015643,-0.009570864,0.008381405,0.01233736,-0.0021446138,-0.0065452373,-0.01236047,0.01313729,0.015098985,-0.0014658356,-0.00877124,-0.0057819774,-0.012725225,0.0133246705,-0.009910518,0.003938649,0.014742111,0.0018045611,0.0054187244,0.011518848
-0.01583736,0.0140479235,0.010947903,0.0008946052,0.003757088,-0.00029973255,0.016406551,0.018130101,-0.0094794035,-0.0037973858,0.0018329826,-0.010235011,-0.015154759,0.007386979,0.018997634,0.007448165,0.00015694002,-0.018723289,-0.0018237144,0.00028820348,-0.0045562023,-0.020735385,-0.0070062024,-0.013525896,-0.004687285,0.003182461,-0.017545,-0.019460281,-0.009754676,0.011125533,0.009179794,0.025150761
-0.008927064,0.012080252,0.014254824,0.0011684903,-0.0031867498,0.008892878,0.009650002,0.009410463,-0.010662627,-0.018801272,0.008149287,-0.0049284496,-0.0065015643,-0.009570864,0.008381405,0.01233736,-0.0021446138,-0.0065452373,-0.01236047,0.01313729,0.015098985,-0.0014658356,-0.00877124,-0.0057819774,-0.012725225,0.0133246705,-0.009910518,0.003938649,0.014742111,0.0018045611,0.0054187244,0.011518848
-0.01583736,0.0140479235,0.010947903,0.0008946052,0.003757088,-0.00029973255,0.016406551,0.018130101,-0.0094794035,-0.0037973858,0.0018329826,-0.010235011,-0.015154759,0.007386979,0.018997634,0.007448165,0.00015694002,-0.018723289,-0.0018237144,0.00028820348,-0.0045562023,-0.020735385,-0.0070062024,-0.013525896,-0.004687285,0.003182461,-0.017545,-0.019460281,-0.009754676,0.011125533,0.009179794,0.025150761
-0.008927064,0.012080252,0.014254824,0.0011684903,-0.0031867498,0.008892878,0.009650002,0.009410463,-0.010662627,-0.018801272,0.008149287,-0.0049284496,-0.0065015643,-0.009570864,0.008381405,0.01233736,-0.0021446138,-0.0065452373,-0.01236047,0.01313729,0.015098985,-0.0014658356,-0.00877124,-0.0057819774,-0.012725225,0.0133246705,-0.009910518,0.003938649,0.014742111,0.0018045611,0.0054187244,0.011518848
-0.01583736,0.0140479235,0.010947903,0.0008946052,0.003757088,-0.00029973255,0.016406551,0.018130101,-0.0094794035,-0.0037973858,0.0018329826,-0.010235011,-0.015154759,0.007386979,0.018997634,0.007448165,0.00015694002,-0.018723289,-0.0018237144,0.00028820348,-0.0045562023,-0.020735385,-0.0070062024,-0.013525896,-0.004687285,0.003182461,-0.017545,-0.019460281,-0.009754676,0.011125533,0.009179794,0.025150761
-0.008927064,0.012080252,0.014254824,0.0011684903,-0.0031867498,0.008892878,0.009650002,0.009410463,-0.010662627,-0.018801272,0.008149287,-0.0049284496,-0.0065015643,-0.009570864,0.008381405,0.01233736,-0.0021446138,-0.0065452373,-0.01236047,0.01313729,0.015098985,-0.0014658356,-0.00877124,-0.0057819774,-0.012725225,0.0133246705,-0.009910518,0.003938649,0.014742111,0.0018045611,0.0054187244,0.011518848
-0.01583736,0.0140479235,0.010947903,0.0008946052,0.003757088,-0.00029973255,0.016406551,0.018130101,-0.0094794035,-0.0037973858,0.0018329826,-0.010235011,-0.015154759,0.007386979,0.018997634,0.007448165,0.00015694002,-0.018723289,-0.0018237144,0.00028820348,-0.0045562023,-0.020735385,-0.0070062024,-0.013525896,-0.004687285,0.003182461,-0.017545,-0.019460281,-0.009754676,0.011125533,0.009179794,0.025150761
-0.008927064,0.012080252,0.014254824,0.0011684903,-0.0031867498,0.008892878,0.009650002,0.009410463,-0.010662627,-0.018801272,0.008149287,-0.0049284496,-0.0065015643,-0.009570864,0.008381405,0.01233736,-0.0021446138,-0.0065452373,-0.01236047,0.01313729,0.015098985,-0.0014658356,-0.00877124,-0.0057819774,-0.012725225,0.0133246705,-0.009910518,0.003938649,0.014742111,0.0018045611,0.0054187244,0.011518848
-0.01583736,0.0140479235,0.010947903,0.0008946052,0.003757088,-0.00029973255,0.016406551,0.018130101,-0.0094794035,-0.0037973858,0.0018329826,-0.010235011,-0.015154759,0.007386979,0.018997634,0.007448165,0.00015694002,-0.018723289,-0.0018237144,0.00028820348,-0.0045562023,-0.020735385,-0.0070062024,-0.013525896,-0.004687285,0.003182461,-0.017545,-0.019460281,-0.009754676,0.011125533,0.009179794,0.025150761
-0.008927064,0.012080252,0.014254824,0.0011684903,-0.0031867498,0.008892878,0.009650002,0.009410463,-0.010662627,-0.018801272,0.008149287,-0.0049284496,-0.0065015643,-0.009570864,0.008381405,0.01233736,-0.0021446138,-0.0065452373,-0.01236047,0.01313729,0.015098985,-0.0014658356,-0.00877124,-0.0057819774,-0.012725225,0.0133246705,-0.009910518,0.003938649,0.014742111,0.0018045611,0.0054187244,0.011518848
-0.01583736,0.0140479235,0.010947903,0.0008946052,0.003757088,-0.00029973255,0.016406551,0.018130101,-0.0094794035,-0.0037973858,0.0018329826,-0.010235011,-0.015154759,0.007386979,0.018997634,0.007448165,0.00015694002,-0.018723289,-0.0018237144,0.00028820348,-0.0045562023,-0.020735385,-0.0070062024,-0.013525896,-0.004687285,0.003182461,-0.017545,-0.019460281,-0.009754676,0.011125533,0.009179794,0.025150761
-0.008927064,0.012080252,0.014254824,0.0011684903,-0.0031867498,0.008892878,0.009650002,0.009410463,-0.010662627,-0.018801272,0.008149287,-0.0049284496,-0.0065015643,-0.009570864,0.008381405,0.01233736,-0.0021446138,-0.0065452373,-0.01236047,0.01313729,0.015098985,-0.0014658356,-0.00877124,-0.0057819774,-0.012725225,0.0133246705,-0.009910518,0.003938649,0.014742111,0.0018045611,0.0054187244,0.011518848
-0.01583736,0.0140479235,0.010947903,0.0008946052,0.003757088,-0.00029973255,0.016406551,0.018130101,-0.0094794035,-0.0037973858,0.0018329826,-0.010235011,-0.015154759,0.007386979,0.018997634,0.007448165,0.00015694002,-0.018723289,-0.0018237144,0.00028820348,-0.0045562023,-0.020735385,-0.0070062024,-0.013525896,-0.004687285,0.003182461,-0.017545,-0.019460281,-0.009754676,0.011125533,0.009179794,0.025150761
-0.008927064,0.012080252,0.014254824,0.0011684903,-0.0031867498,0.008892878,0.009650002,0.009410463,-0.010662627,-0.018801272,0.008149287,-0.0049284496,-0.0065015643,-0.009570864,0.008381405,0.01233736,-0.0021446138,-0.0065452373,-0.01236047,0.01313729,0.015098985,-0.0014658356,-0.00877124,-0.0057819774,-0.012725225,0.0133246705,-0.009910518,0.003938649,0.014742111,0.0018045611,0.0054187244,0.011518848
-0.01583736,0.0140479235,0.010947903,0.0008946052,0.003757088,-0.00029973255,0.016406551,0.018130101,-0.0094794035,-0.0037973858,0.0018329826,-0.010235011,-0.015154759,0.007386979,0.018997634,0.007448165,0.00015694002,-0.018723289,-0.0018237144,0.00028820348,-0.0045562023,-0.020735385,-0.0070062024,-0.013525896,-0.004687285,0.003182461,-0.017545,-0.019460281,-0.009754676,0.011125533,0.009179794,0.025150761
-0.008927064,0.012080252,0.014254824,0.0011684903,-0.0031867498,0.008892878,0.009650002,0.009410463,-0.010662627,-0.018801272,0.008149287,-0.0049284496,-0.0065015643,-0.009570864,0.008381405,0.01233736,-0.0021446138,-0.0065452373,-0.01236047,0.01313729,0.015098985,-0.0014658356,-0.00877124,-0.0057819774,-0.012725225,0.0133246705,-0.009910518,0.003938649,0.014742111,0.0018045611,0.0054187244,0.011518848
0.40931037,0.1432063,0.272562,0.7049274,0.554626,0.58745277,0.19193031,0.35446703,-0.29207367,-0.17374411,-0.19195081,-0.3591285,-0.13239673,-0.857818,0.06909216,-0.17735888,0.25208357,-0.5505932,-0.091744356,0.14546515,-0.39760154,0.22003347,-0.68020624,-0.017253011,0.12757483,0.12574959,-0.39971107,0.26509666,0.08361742,0.33494377,0.04253452,-0.5503313
-0.9816727,0.21535996,0.4127004,-0.053811546,0.17792654,0.4911999,0.3347947,-0.2974841,0.16231072,-0.607512,-0.005232973,-0.20127164,-0.44528058,0.47493947,0.006101449,0.11504761,-0.18330841,0.46024552,0.07850694,-0.36123535,0.016598053,-0.29105985,-0.19338046,0.23297182,-0.17601143,-0.097175345,-0.34430453,0.6773839,0.23474571,-0.031359076,0.49394375,0.14287624
0.5393833,-0.4041782,-0.17775847,-0.09359833,0.0045178165,0.29786214,0.12358305,1.0883136,0.26943007,-0.47925225,0.061123908,-0.59789497,0.25299358,-0.44902158,-0.48563913,-0.10146201,-0.124671265,0.23294173,0.4313319,-0.15429015,0.2943267,-0.1262676,-0.65042347,-0.13467872,-0.16464353,-0.42752156,-0.48871136,0.036580928,0.43895802,0.21818739,0.6725412,0.3081621
-0.9772988,0.17178422,0.09430449,0.44996053,0.17544496,0.50884336,0.093858525,-0.64143085,0.0578054,-0.516947,0.26677024,0.50338644,-0.2000209,0.4804046,-0.09140995,-0.29629868,-0.15827115,0.3594837,-0.02113571,-0.5937937,0.31228232,-0.23518462,0.16467668,-0.1311765,-0.09599792,-0.27001435,-0.55157024,-0.12806244,0.32287574,-0.21463715,0.586621,0.19758491
0.1771342,-0.69055885,-0.09235989,-0.26815674,-0.28736293,0.09255154,0.22938257,0.805518,0.28578773,-0.32325786,-0.0733317,-0.052135043,-0.09335523,0.15676558,0.2820786,0.03782212,-0.057715945,0.22927509,-0.23978125,-0.2549028,0.28034285,-0.23388544,0.050520763,0.02141437,-0.40744555,-0.31890953,-0.063005395,-0.06674102,0.159597,-0.39694533,0.3371868,-0.14604583
0.015580462,0.28397977,0.17465973,0.17408426,0.24756776,0.082650624,0.42805547,0.11782581,0.06521955,-0.31810534,0.10963412,0.19679555,-0.34791407,0.14507298,-0.40725878,-0.086189374,-0.38636813,0.025262639,-0.19446918,-0.25330585,0.17019482,0.15513813,0.18932587,0.019603044,-0.25200787,-0.15205663,-0.17681222,-0.48524594,0.018277802,-0.09561627,0.12656817,0.0059461105
-0.01583736,0.0140479235,0.010947903,0.0008946052,0.003757088,-0.00029973255,0.016406551,0.018130101,-0.0094794035,-0.0037973858,0.0018329826,-0.010235011,-0.015154759,0.007386979,0.018997634,0.007448165,0.00015694002,-0.018723289,-0.0018237144,0.00028820348,-0.0045562023,-0.020735385,-0.0070062024,-0.013525896,-0.004687285,0.003182461,-0.017545,-0.019460281,-0.009754676,0.011125533,0.009179794,0.025150761
-0.008927064,0.012080252,0.014254824,0.0011684903,-0.0031867498,0.008892878,0.009650002,0.009410463,-0.010662627,-0.018801272,0.008149287,-0.0049284496,-0.0065015643,-0.009570864,0.008381405,0.01233736,-0.0021446138,-0.0065452373,-0.01236047,0.01313729,0.015098985,-0.0014658356,-0.00877124,-0.0057819774,-0.012725225,0.0133246705,-0.009910518,0.003938649,0.014742111,0.0018045611,0.0054187244,0.011518848
-0.01583736,0.0140479235,0.010947903,0.0008946052,0.003757088,-0.00029973255,0.016406551,0.018130101,-0.0094794035,-0.0037973858,0.0018329826,-0.010235011,-0.015154759,0.007386979,0.018997634,0.007448165,0.00015694002,-0.018723289,-0.0018237144,0.00028820348,-0.0045562023,-0.020735385,-0.0070062024,-0.013525896,-0.004687285,0.003182461,-0.017545,-0.019460281,-0.009754676,0.011125533,0.009179794,0.025150761
-0.008927064,0.012080252,0.014254824,0.0011684903,-0.0031867498,0.008892878,0.009650002,0.009410463,-0.010662627,-0.018801272,0.008149287,-0.0049284496,-0.0065015643,-0.009570864,0.008381405,0.01233736,-0.0021446138,-0.0065452373,-0.01236047,0.01313729,0.015098985,-0.0014658356,-0.00877124,-0.0057819774,-0.012725225,0.0133246705,-0.009910518,0.003938649,0.014742111,0.0018045611,0.0054187244,0.011518848
-0.01583736,0.0140479235,0.010947903,0.0008946052,0.003757088,-0.00029973255,0.016406551,0.018130101,-0.0094794035,-0.0037973858,0.0018329826,-0.010235011,-0.015154759,0.007386979,0.018997634,0.007448165,0.00015694002,-0.018723289,-0.0018237144,0.00028820348,-0.0045562023,-0.020735385,-0.0070062024,-0.013525896,-0.004687285,0.003182461,-0.017545,-0.019460281,-0.009754676,0.011125533,0.009179794,0.025150761
-0.008927064,0.012080252,0.014254824,0.0011684903,-0.0031867498,0.008892878,0.009650002,0.009410463,-0.010662627,-0.018801272,0.008149287,-0.0049284496,-0.0065015643,-0.009570864,0.008381405,0.01233736,-0.0021446138,-0.0065452373,-0.01236047,0.01313729,0.015098985,-0.0014658356,-0.00877124,-0.0057819774,-0.012725225,0.0133246705,-0.009910518,0.003938649,0.014742111,0.0018045611,0.0054187244,0.011518848
-0.01583736,0.0140479235,0.010947903,0.0008946052,0.003757088,-0.00029973255,0.016406551,0.018130101,-0.0094794035,-0.0037973858,0.0018329826,-0.010235011,-0.015154759,0.007386979,0.018997634,0.007448165,0.00015694002,-0.018723289,-0.0018237144,0.00028820348,-0.0045562023,-0.020735385,-0.0070062024,-0.013525896,-0.004687285,0.003182461,-0.017545,-0.019460281,-0.009754676,0.011125533,0.009179794,0.025150761
-0.008927064,0.012080252,0.014254824,0.0011684903,-0.0031867498,0.008892878,0.009650002,0.009410463,-0.010662627,-0.018801272,0.008149287,-0.0049284496,-0.0065015643,-0.009570864,0.008381405,0.01233736,-0.0021446138,-0.0065452373,-0.01236047,0.01313729,0.015098985,-0.0014658356,-0.00877124,-0.0057819774,-0.012725225,0.0133246705,-0.009910518,0.003938649,0.014742111,0.0018045611,0.0054187244,0.011518848
-0.01583736,0.0140479235,0.010947903,0.0008946052,0.003757088,-0.00029973255,0.016406551,0.018130101,-0.0094794035,-0.0037973858,0.0018329826,-0.010235011,-0.015154759,0.007386979,0.018997634,0.007448165,0.00015694002,-0.018723289,-0.0018237144,0.00028820348,-0.0045562023,-0.020735385,-0.0070062024,-0.013525896,-0.004687285,0.003182461,-0.017545,-0.019460281,-0.009754676,0.011125533,0.009179794,0.025150761
-0.008927064,0.012080252,0.014254824,0.0011684903,-0.0031867498,0.008892878,0.009650002,0.009410463,-0.010662627,-0.018801272,0.008149287,-0.0049284496,-0.0065015643,-0.009570864,0.008381405,0.01233736,-0.0021446138,-0.0065452373,-0.01236047,0.01313729,0.015098985,-0.0014658356,-0.00877124,-0.0057819774,-0.012725225,0.0133246705,-0.009910518,0.003938649,0.014742111,0.0018045611,0.0054187244,0.011518848
-0.01583736,0.0140479235,0.010947903,0.0008946052,0.003757088,-0.00029973255,0.016406551,0.018130101,-0.0094794035,-0.0037973858,0.0018329826,-0.010235011,-0.015154759,0.007386979,0.018997634,0.007448165,0.00015694002,-0.018723289,-0.0018237144,0.00028820348,-0.0045562023,-0.020735385,-0.0070062024,-0.013525896,-0.004687285,0.003182461,-0.017545,-0.019460281,-0.009754676,0.011125533,0.009179794,0.025150761
-0.008927064,0.012080252,0.014254824,0.0011684903,-0.0031867498,0.008892878,0.009650002,0.009410463,-0.010662627,-0.018801272,0.008149287,-0.0049284496,-0.0065015643,-0.009570864,0.008381405,0.01233736,-0.0021446138,-0.0065452373,-0.01236047,0.01313729,0.015098985,-0.0014658356,-0.00877124,-0.0057819774,-0.012725225,0.0133246705,-0.009910518,0.003938649,0.014742111,0.0018045611,0.0054187244,0.011518848
-0.01583736,0.0140479235,0.010947903,0.0008946052,0.003757088,-0.00029973255,0.016406551,0.018130101,-0.0094794035,-0.0037973858,0.0018329826,-0.010235011,-0.015154759,0.007386979,0.018997634,0.007448165,0.00015694002,-0.018723289,-0.0018237144,0.00028820348,-0.0045562023,-0.020735385,-0.0070062024,-0.013525896,-0.004687285,0.003182461,-0.017545,-0.019460281,-0.009754676,0.011125533,0.009179794,0.025150761
-0.008927064,0.012080252,0.014254824,0.0011684903,-0.0031867498,0.008892878,0.009650002,0.009410463,-0.010662627,-0.018801272,0.008149287,-0.0049284496,-0.0065015643,-0.009570864,0.008381405,0.01233736,-0.0021446138,-0.0065452373,-0.01236047,0.01313729,0.015098985,-0.0014658356,-0.00877124,-0.0057819774,-0.012725225,0.0133246705,-0.009910518,0.003938649,0.014742111,0.0018045611,0.0054187244,0.011518848
-0.01583736,0.0140479235,0.010947903,0.0008946052,0.003757088,-0.00029973255,0.016406551,0.018130101,-0.0094794035,-0.0037973858,0.0018329826,-0.010235011,-0.015154759,0.007386979,0.018997634,0.007448165,0.00015694002,-0.018723289,-0.0018237144,0.00028820348,-0.0045562023,-0.020735385,-0.0070062024,-0.013525896,-0.004687285,0.003182461,-0.017545,-0.019460281,-0.009754676,0.011125533,0.009179794,0.025150761
-0.008927064,0.012080252,0.014254824,0.0011684903,-0.0031867498,0.008892878,0.009650002,0.009410463,-0.010662627,-0.018801272,0.008149287,-0.0049284496,-0.0065015643,-0.009570864,0.008381405,0.01233736,-0.0021446138,-0.0065452373,-0.01236047,0.01313729,0.015098985,-0.0014658356,-0.00877124,-0.0057819774,-0.012725225,0.0133246705,-0.009910518,0.003938649,0.014742111,0.0018045611,0.0054187244,0.011518848
-0.01583736,0.0140479235,0.010947903,0.0008946052,0.003757088,-0.00029973255,0.016406551,0.018130101,-0.0094794035,-0.0037973858,0.0018329826,-0.010235011,-0.015154759,0.007386979,0.018997634,0.007448165,0.00015694002,-0.018723289,-0.0018237144,0.00028820348,-0.0045562023,-0.020735385,-0.0070062024,-0.013525896,-0.004687285,0.003182461,-0.017545,-0.019460281,-0.009754676,0.011125533,0.009179794,0.025150761
-0.008927064,0.012080252,0.014254824,0.0011684903,-0.0031867498,0.008892878,0.009650002,0.009410463,-0.010662627,-0.018801272,0.008149287,-0.0049284496,-0.0065015643,-0.009570864,0.008381405,0.01233736,-0.0021446138,-0.0065452373,-0.01236047,0.01313729,0.015098985,-0.0014658356,-0.00877124,-0.0057819774,-0.012725225,0.0133246705,-0.009910518,0.003938649,0.014742111,0.0018045611,0.0054187244,0.011518848
-0.01583736,0.0140479235,0.010947903,0.0008946052,0.003757088,-0.00029973255,0.016406551,0.018130101,-0.0094794035,-0.0037973858,0.0018329826,-0.010235011,-0.015154759,0.007386979,0.018997634,0.007448165,0.00015694002,-0.018723289,-0.0018237144,0.00028820348,-0.0045562023,-0.020735385,-0.0070062024,-0.013525896,-0.004687285,0.003182461,-0.017545,-0.019460281,-0.009754676,0.011125533,0.009179794,0.025150761
-0.008927064,0.012080252,0.014254824,0.0011684903,-0.0031867498,0.008892878,0.009650002,0.009410463,-0.010662627,-0.018801272,0.008149287,-0.0049284496,-0.0065015643,-0.009570864,0.008381405,0.01233736,-0.0021446138,-0.0065452373,-0.01236047,0.01313729,0.015098985,-0.0014658356,-0.00877124,-0.0057819774,-0.012725225,0.0133246705,-0.009910518,0.003938649,0.014742111,0.0018045611,0.0054187244,0.011518848
-0.01583736,0.0140479235,0.010947903,0.0008946052,0.003757088,-0.00029973255,0.016406551,0.018130101,-0.0094794035,-0.0037973858,0.0018329826,-0.010235011,-0.015154759,0.007386979,0.018997634,0.007448165,0.00015694002,-0.018723289,-0.0018237144,0.00028820348,-0.0045562023,-0.020735385,-0.0070062024,-0.013525896,-0.004687285,0.003182461,-0.017545,-0.019460281,-0.009754676,0.011125533,0.009179794,0.025150761
-0.008927064,0.012080252,0.014254824,0.0011684903,-0.0031867498,0.008892878,0.009650002,0.009410463,-0.010662627,-0.018801272,0.008149287,-0.0049284496,-0.0065015643,-0.009570864,0.008381405,0.01233736,-0.0021446138,-0.0065452373,-0.01236047,0.01313729,0.015098985,-0.0014658356,-0.00877124,-0.0057819774,-0.012725225,0.0133246705,-0.009910518,0.003938649,0.014742111,0.0018045611,0.0054187244,0.011518848
-0.01583736,0.0140479235,0.010947903,0.0008946052,0.003757088,-0.00029973255,0.016406551,0.018130101,-0.0094794035,-0.0037973858,0.0018329826,-0.010235011,-0.015154759,0.007386979,0.018997634,0.007448165,0.00015694002,-0.018723289,-0.0018237144,0.00028820348,-0.0045562023,-0.020735385,-0.0070062024,-0.013525896,-0.004687285,0.003182461,-0.017545,-0.019460281,-0.009754676,0.011125533,0.009179794,0.025150761
-0.008927064,0.012080252,0.014254824,0.0011684903,-0.0031867498,0.008892878,0.009650002,0.009410463,-0.010662627,-0.018801272,0.008149287,-0.0049284496,-0.0065015643,-0.009570864,0.008381405,0.01233736,-0.0021446138,-0.0065452373,-0.01236047,0.01313729,0.015098985,-0.0014658356,-0.00877124,-0.0057819774,-0.012725225,0.0133246705,-0.009910518,0.003938649,0.014742111,0.0018045611,0.0054187244,0.011518848
-0.01583736,0.0140479235,0.010947903,0.0008946052,0.003757088,-0.00029973255,0.016406551,0.018130101,-0.0094794035,-0.0037973858,0.0018329826,-0.010235011,-0.015154759,0.007386979,0.018997634,0.007448165,0.00015694002,-0.018723289,-0.0018237144,0.00028820348,-0.0045562023,-0.020735385,-0.0070062024,-0.013525896,-0.004687285,0.003182461,-0.017545,-0.019460281,-0.009754676,0.011125533,0.009179794,0.025150761
-0.008927064,0.012080252,0.014254824,0.0011684903,-0.0031867498,0.008892878,0.009650002,0.009410463,-0.010662627,-0.018801272,0.008149287,-0.0049284496,-0.0065015643,-0.009570864,0.008381405,0.01233736,-0.0021446138,-0.0065452373,-0.01236047,0.01313729,0.015098985,-0.0014658356,-0.00877124,-0.0057819774,-0.012725225,0.0133246705,-0.009910518,0.003938649,0.014742111,0.0018045611,0.0054187244,0.011518848
-0.01583736,0.0140479235,0.010947903,0.0008946052,0.003757088,-0.00029973255,0.016406551,0.018130101,-0.0094794035,-0.0037973858,0.0018329826,-0.010235011,-0.015154759,0.007386979,0.018997634,0.007448165,0.00015694002,-0.018723289,-0.0018237144,0.00028820348,-0.0045562023,-0.020735385,-0.0070062024,-0.013525896,-0.004687285,0.003182461,-0.017545,-0.019460281,-0.009754676,0.011125533,0.009179794,0.025150761
-0.008927064,0.012080252,0.014254824,0.0011684903,-0.0031867498,0.008892878,0.009650002,0.009410463,-0.010662627,-0.018801272,0.008149287,-0.0049284496,-0.0065015643,-0.009570864,0.008381405,0.01233736,-0.0021446138,-0.0065452373,-0.01236047,0.01313729,0.015098985,-0.0014658356,-0.00877124,-0.0057819774,-0.012725225,0.0133246705,-0.009910518,0.003938649,0.014742111,0.0018045611,0.0054187244,0.011518848
-0.01583736,0.0140479235,0.010947903,0.0008946052,0.003757088,-0.00029973255,0.016406551,0.018130101,-0.0094794035,-0.0037973858,0.0018329826,-0.010235011,-0.015154759,0.007386979,0.018997634,0.007448165,0.00015694002,-0.018723289,-0.0018237144,0.00028820348,-0.0045562023,-0.020735385,-0.0070062024,-0.013525896,-0.004687285,0.003182461,-0.017545,-0.019460281,-0.009754676,0.011125533,0.009179794,0.025150761
-0.008927064,0.012080252,0.014254824,0.0011684903,-0.0031867498,0.008892878,0.009650002,0.009410463,-0.010662627,-0.018801272,0.008149287,-0.0049284496,-0.0065015643,-0.009570864,0.008381405,0.01233736,-0.0021446138,-0.0065452373,-0.01236047,0.01313729,0.015098985,-0.0014658356,-0.00877124,-0.0057819774,-0.012725225,0.0133246705,-0.009910518,0.003938649,0.014742111,0.0018045611,0.0054187244,0.011518848
-0.01583736,0.0140479235,0.010947903,0.0008946052,0.003757088,-0.00029973255,0.016406551,0.018130101,-0.0094794035,-0.0037973858,0.0018329826,-0.010235011,-0.015154759,0.007386979,0.018997634,0.007448165,0.00015694002,-0.018723289,-0.0018237144,0.00028820348,-0.0045562023,-0.020735385,-0.0070062024,-0.013525896,-0.004687285,0.003182461,-0.017545,-0.019460281,-0.009754676,0.011125533,0.009179794,0.025150761
-0.008927064,0.012080252,0.014254824,0.0011684903,-0.0031867498,0.008892878,0.009650002,0.009410463,-0.010662627,-0.018801272,0.008149287,-0.0049284496,-0.0065015643,-0.009570864,0.008381405,0.01233736,-0.0021446138,-0.0065452373,-0.01236047,0.01313729,0.015098985,-0.0014658356,-0.00877124,-0.0057819774,-0.012725225,0.0133246705,-0.009910518,0.003938649,0.014742111,0.0018045611,0.0054187244,0.011518848
-0.01583736,0.0140479235,0.010947903,0.0008946052,0.003757088,-0.00029973255,0.016406551,0.018130101,-0.0094794035,-0.0037973858,0.0018329826,-0.010235011,-0.015154759,0.007386979,0.018997634,0.007448165,0.00015694002,-0.018723289,-0.0018237144,0.00028820348,-0.0045562023,-0.020735385,-0.0070062024,-0.013525896,-0.004687285,0.003182461,-0.017545,-0.019460281,-0.009754676,0.011125533,0.009179794,0.025150761
-0.008927064,0.012080252,0.014254824,0.0011684903,-0.0031867498,0.008892878,0.009650002,0.009410463,-0.010662627,-0.018801272,0.008149287,-0.0049284496,-0.0065015643,-0.009570864,0.008381405,0.01233736,-0.0021446138,-0.0065452373,-0.01236047,0.01313729,0.015098985,-0.0014658356,-0.00877124,-0.0057819774,-0.012725225,0.0133246705,-0.009910518,0.003938649,0.014742111,0.0018045611,0.0054187244,0.011518848
-0.01583736,0.0140479235,0.010947903,0.0008946052,0.003757088,-0.00029973255,0.016406551,0.018130101,-0.0094794035,-0.0037973858,0.0018329826,-0.010235011,-0.015154759,0.007386979,0.018997634,0.007448165,0.00015694002,-0.018723289,-0.0018237144,0.00028820348,-0.0045562023,-0.020735385,-0.0070062024,-0.013525896,-0.004687285,0.003182461,-0.017545,-0.019460281,-0.009754676,0.011125533,0.009179794,0.025150761
-0.008927064,0.012080252,0.014254824,0.0011684903,-0.0031867498,0.008892878,0.009650002,0.009410463,-0.010662627,-0.018801272,0.008149287,-0.0049284496,-0.0065015643,-0.009570864,0.008381405,0.01233736,-0.0021446138,-0.0065452373,-0.01236047,0.01313729,0.015098985,-0.0014658356,-0.00877124,-0.0057819774,-0.012725225,0.0133246705,-0.009910518,0.003938649,0.014742111,0.0018045611,0.0054187244,0.011518848
-0.01583736,0.0140479235,0.010947903,0.0008946052,0.003757088,-0.00029973255,0.016406551,0.018130101,-0.0094794035,-0.0037973858,0.0018329826,-0.010235011,-0.015154759,0.007386979,0.018997634,0.007448165,0.00015694002,-0.018723289,-0.0018237144,0.00028820348,-0.0045562023,-0.020735385,-0.0070062024,-0.013525896,-0.004687285,0.003182461,-0.017545,-0.019460281,-0.009754676,0.011125533,0.009179794,0.025150761
-0.008927064,0.012080252,0.014254824,0.0011684903,-0.0031867498,0.008892878,0.009650002,0.009410463,-0.010662627,-0.018801272,0.008149287,-0.0049284496,-0.0065015643,-0.009570864,0.008381405,0.01233736,-0.0021446138,-0.0065452373,-0.01236047,0.01313729,0.015098985,-0.0014658356,-0.00877124,-0.0057819774,-0.012725225,0.0133246705,-0.009910518,0.003938649,0.014742111,0.0018045611,0.0054187244,0.011518848
-0.01583736,0.0140479235,0.010947903,0.0008946052,0.003757088,-0.00029973255,0.016406551,0.018130101,-0.0094794035,-0.0037973858,0.0018329826,-0.010235011,-0.015154759,0.007386979,0.018997634,0.007448165,0.00015694002,-0.018723289,-0.0018237144,0.00028820348,-0.0045562023,-0.020735385,-0.0070062024,-0.013525896,-0.004687285,0.003182461,-0.017545,-0.019460281,-0.009754676,0.011125533,0.009179794,0.025150761
-0.008927064,0.012080252,0.014254824,0.0011684903,-0.0031867498,0.008892878,0.009650002,0.009410463,-0.010662627,-0.018801272,0.008149287,-0.0049284496,-0.0065015643,-0.009570864,0.008381405,0.01233736,-0.0021446138,-0.0065452373,-0.01236047,0.01313729,0.015098985,-0.0014658356,-0.00877124,-0.0057819774,-0.012725225,0.0133246705,-0.009910518,0.003938649,0.014742111,0.0018045611,0.0054187244,0.011518848
-0.01583736,0.0140479235,0.010947903,0.0008946052,0.003757088,-0.00029973255,0.016406551,0.018130101,-0.0094794035,-0.0037973858,0.0018329826,-0.010235011,-0.015154759,0.007386979,0.018997634,0.007448165,0.00015694002,-0.018723289,-0.0018237144,0.00028820348,-0.0045562023,-0.020735385,-0.0070062024,-0.013525896,-0.004687285,0.003182461,-0.017545,-0.019460281,-0.009754676,0.011125533,0.009179794,0.025150761
-0.008927064,0.012080252,0.014254824,0.0011684903,-0.0031867498,0.008892878,0.009650002,0.009410463,-0.010662627,-0.018801272,0.008149287,-0.0049284496,-0.0065015643,-0.009570864,0.008381405,0.01233736,-0.0021446138,-0.0065452373,-0.01236047,0.01313729,0.015098985,-0.0014658356,-0.00877124,-0.0057819774,-0.012725225,0.0133246705,-0.009910518,0.003938649,0.014742111,0.0018045611,0.0054187244,0.011518848
-0.01583736,0.0140479235,0.010947903,0.0008946052,0.003757088,-0.00029973255,0.016406551,0.018130101,-0.0094794035,-0.0037973858,0.0018329826,-0.010235011,-0.015154759,0.007386979,0.018997634,0.007448165,0.00015694002,-0.018723289,-0.0018237144,0.00028820348,-0.0045562023,-0.020735385,-0.0070062024,-0.013525896,-0.004687285,0.003182461,-0.017545,-0.019460281,-0.009754676,0.011125533,0.009179794,0.025150761
-0.008927064,0.012080252,0.014254824,0.0011684903,-0.0031867498,0.008892878,0.009650002,0.009410463,-0.010662627,-0.018801272,0.008149287,-0.0049284496,-0.0065015643,-0.009570864,0.008381405,0.01233736,-0.0021446138,-0.0065452373,-0.01236047,0.01313729,0.015098985,-0.0014658356,-0.00877124,-0.0057819774,-0.012725225,0.0133246705,-0.009910518,0.003938649,0.014742111,0.0018045611,0.0054187244,0.011518848
-0.01583736,0.0140479235,0.010947903,0.0008946052,0.003757088,-0.00029973255,0.016406551,0.018130101,-0.0094794035,-0.0037973858,0.0018329826,-0.010235011,-0.015154759,0.007386979,0.018997634,0.007448165,0.00015694002,-0.018723289,-0.0018237144,0.00028820348,-0.0045562023,-0.020735385,-0.0070062024,-0.013525896,-0.004687285,0.003182461,-0.017545,-0.019460281,-0.009754676,0.011125533,0.009179794,0.025150761
-0.008927064,0.012080252,0.014254824,0.0011684903,-0.0031867498,0.008892878,0.009650002,0.009410463,-0.010662627,-0.018801272,0.008149287,-0.0049284496,-0.0065015643,-0.009570864,0.008381405,0.01233736,-0.0021446138,-0.0065452373,-0.01236047,0.01313729,0.015098985,-0.0014658356,-0.00877124,-0.0057819774,-0.012725225,0.0133246705,-0.009910518,0.003938649,0.014742111,0.0018045611,0.0054187244,0.011518848
-0.01583736,0.0140479235,0.010947903,0.0008946052,0.003757088,-0.00029973255,0.016406551,0.018130101,-0.0094794035,-0.0037973858,0.0018329826,-0.010235011,-0.015154759,0.007386979,0.018997634,0.007448165,0.00015694002,-0.018723289,-0.0018237144,0.00028820348,-0.0045562023,-0.020735385,-0.0070062024,-0.013525896,-0.004687285,0.003182461,-0.017545,-0.019460281,-0.009754676,0.011125533,0.009179794,0.025150761
-0.008927064,0.012080252,0.014254824,0.0011684903,-0.0031867498,0.008892878,0.009650002,0.009410463,-0.010662627,-0.018801272,0.008149287,-0.0049284496,-0.0065015643,-0.009570864,0.008381405,0.01233736,-0.0021446138,-0.0065452373,-0.01236047,0.01313729,0.015098985,-0.0014658356,-0.00877124,-0.0057819774,-0.012725225,0.0133246705,-0.009910518,0.003938649,0.014742111,0.0018045611,0.0054187244,0.011518848
-0.01583736,0.0140479235,0.010947903,0.0008946052,0.003757088,-0.00029973255,0.016406551,0.018130101,-0.0094794035,-0.0037973858,0.0018329826,-0.010235011,-0.015154759,0.007386979,0.018997634,0.007448165,0.00015694002,-0.018723289,-0.0018237144,0.00028820348,-0.0045562023,-0.020735385,-0.0070062024,-0.013525896,-0.004687285,0.003182461,-0.017545,-0.019460281,-0.009754676,0.011125533,0.009179794,0.025150761
-0.008927064,0.012080252,0.014254824,0.0011684903,-0.0031867498,0.008892878,0.009650002,0.009410463,-0.010662627,-0.018801272,0.008149287,-0.0049284496,-0.0065015643,-0.009570864,0.008381405,0.01233736,-0.0021446138,-0.0065452373,-0.01236047,0.01313729,0.015098985,-0.0014658356,-0.00877124,-0.0057819774,-0.012725225,0.0133246705,-0.009910518,0.003938649,0.014742111,0.0018045611,0.0054187244,0.011518848
-0.01583736,0.0140479235,0.010947903,0.0008946052,0.003757088,-0.00029973255,0.016406551,0.018130101,-0.0094794035,-0.0037973858,0.0018329826,-0.010235011,-0.015154759,0.007386979,0.018997634,0.007448165,0.00015694002,-0.018723289,-0.0018237144,0.00028820348,-0.0045562023,-0.020735385,-0.0070062024,-0.013525896,-0.004687285,0.003182461,-0.017545,-0.019460281,-0.009754676,0.011125533,0.009179794,0.025150761
-0.008927064,0.012080252,0.014254824,0.0011684903,-0.0031867498,0.008892878,0.009650002,0.009410463,-0.010662627,-0.018801272,0.008149287,-0.0049284496,-0.0065015643,-0.009570864,0.008381405,0.01233736,-0.0021446138,-0.0065452373,-0.01236047,0.01313729,0.015098985,-0.0014658356,-0.00877124,-0.0057819774,-0.012725225,0.0133246705,-0.009910518,0.003938649,0.014742111,0.0018045611,0.0054187244,0.011518848
-0.01583736,0.0140479235,0.010947903,0.0008946052,0.003757088,-0.00029973255,0.016406551,0.018130101,-0.0094794035,-0.0037973858,0.0018329826,-0.010235011,-0.015154759,0.007386979,0.018997634,0.007448165,0.00015694002,-0.018723289,-0.0018237144,0.00028820348,-0.0045562023,-0.020735385,-0.0070062024,-0.013525896,-0.004687285,0.003182461,-0.017545,-0.019460281,-0.009754676,0.011125533,0.009179794,0.025150761
-0.008927064,0.012080252,0.014254824,0.0011684903,-0.0031867498,0.008892878,0.009650002,0.009410463,-0.010662627,-0.018801272,0.008149287,-0.0049284496,-0.0065015643,-0.009570864,0.008381405,0.01233736,-0.0021446138,-0.0065452373,-0.01236047,0.01313729,0.015098985,-0.0014658356,-0.00877124,-0.0057819774,-0.012725225,0.0133246705,-0.009910518,0.003938649,0.014742111,0.0018045611,0.0054187244,0.011518848
-0.01583736,0.0140479235,0.010947903,0.0008946052,0.003757088,-0.00029973255,0.016406551,0.018130101,-0.0094794035,-0.0037973858,0.0018329826,-0.010235011,-0.015154759,0.007386979,0.018997634,0.007448165,0.00015694002,-0.018723289,-0.0018237144,0.00028820348,-0.0045562023,-0.020735385,-0.0070062024,-0.013525896,-0.004687285,0.003182461,-0.017545,-0.019460281,-0.009754676,0.011125533,0.009179794,0.025150761
-0.008927064,0.012080252,0.014254824,0.0011684903,-0.0031867498,0.008892878,0.009650002,0.009410463,-0.010662627,-0.018801272,0.008149287,-0.0049284496,-0.0065015643,-0.009570864,0.008381405,0.01233736,-0.0021446138,-0.0065452373,-0.01236047,0.01313729,0.015098985,-0.0014658356,-0.00877124,-0.0057819774,-0.012725225,0.0133246705,-0.009910518,0.003938649,0.014742111,0.0018045611,0.0054187244,0.011518848
0.5417419,0.23527879,-0.19447693,0.268729,0.28754374,0.36255068,0.3235284,0.11058368,0.358699,0.35707247,0.104831785,-0.3053139,0.066783674,-0.46402702,-0.044870675,-0.09362809,0.25094068,-1.0081413,-0.03463445,0.523524,-0.8456255,0.22780597,-0.73916423,-0.4230997,-0.2531596,0.10870584,-0.117906675,-0.094523944,-0.14582314,0.15890461,0.04764549,-0.056875356
-0.25351208,0.25843793,-0.31842092,0.4593774,0.14595066,0.17591773,-0.35804623,0.057306837,-0.297762,-0.6307904,0.23840138,-0.10603814,-0.2376617,0.1711132,0.2699419,0.49013162,0.2385893,0.20365702,-0.16404621,0.20372792,0.74276406,-0.14365469,-0.20657235,0.112432435,-0.17968932,0.14544809,-0.017061742,-0.0637697,-0.12664434,-0.16964665,-0.28264552,0.09629177
0.14659567,-0.2750014,-0.597197,-0.83523583,-0.11786969,-0.082460046,0.37688398,0.6540357,0.08222918,-0.28280646,-0.10038712,-0.4753878,0.50041544,-0.42481482,-0.07665571,0.07920091,-0.22882505,0.52074075,0.4851409,0.5788785,0.12652159,0.061126217,-0.7888948,-0.41003227,-0.07241994,-0.23857032,0.16554224,-0.07968467,-0.29192743,0.5332575,-0.107733585,-0.117867485
-0.28823704,0.36755642,0.29881495,0.6654152,0.7376413,-0.2905685,0.02647737,-0.55474037,-0.45622307,-0.38410524,0.10345709,-0.20557645,-0.43139315,0.7307975,0.20589298,0.23386748,0.051469997,-0.25580025,-0.5246684,0.03573212,0.26685864,0.36840886,-0.03578969,0.108831994,-0.15464705,0.04996615,-0.32427722,-0.47019067,-0.3732037,-0.29305467,0.21790345,0.2999317
-0.2914039,-0.25674462,-0.27891755,-0.53029054,-0.30080593,-0.03110898,0.30268872,0.6961033,-0.10133416,-0.46170625,0.0586088,-0.11378215,0.36596337,0.27537164,-0.32808337,0.2262147,-0.30897784,0.45996243,0.3482283,0.31327814,0.30458453,-0.45221484,-0.26685244,-0.36461255,-0.25055623,-0.017706374,-0.3147757,-0.2675554,0.19387035,-0.12165578,0.2694582,-0.1840126
-0.13625857,0.58838207,0.17715904,0.076666236,0.3751082,-0.43626308,0.45936796,-0.56922275,-0.13923123,0.064419575,0.10828852,-0.44895226,-0.14986183,0.5897163,0.09345518,-0.48670313,0.1059635,0.02905418,-0.22812144,-0.086383045,0.39580944,0.23691893,-0.18465737,0.31505945,-0.06509829,-0.32604432,-0.21419105,-0.3812101,0.3263395,-0.109873846,0.28223643,0.19739945
-0.01583736,0.0140479235,0.010947903,0.0008946052,0.003757088,-0.00029973255,0.016406551,0.018130101,-0.0094794035,-0.0037973858,0.0018329826,-0.010235011,-0.015154759,0.007386979,0.018997634,0.007448165,0.00015694002,-0.018723289,-0.0018237144,0.00028820348,-0.0045562023,-0.020735385,-0.0070062024,-0.013525896,-0.004687285,0.003182461,-0.017545,-0.019460281,-0.009754676,0.011125533,0.009179794,0.025150761
-0.008927064,0.012080252,0.014254824,0.0011684903,-0.0031867498,0.008892878,0.009650002,0.009410463,-0.010662627,-0.018801272,0.008149287,-0.0049284496,-0.0065015643,-0.009570864,0.008381405,0.01233736,-0.0021446138,-0.0065452373,-0.01236047,0.01313729,0.015098985,-0.0014658356,-0.00877124,-0.0057819774,-0.012725225,0.0133246705,-0.009910518,0.003938649,0.014742111,0.0018045611,0.0054187244,0.011518848
-0.01583736,0.0140479235,0.010947903,0.0008946052,0.003757088,-0.00029973255,0.016406551,0.018130101,-0.0094794035,-0.0037973858,0.0018329826,-0.010235011,-0.015154759,0.007386979,0.018997634,0.007448165,0.00015694002,-0.018723289,-0.0018237144,0.00028820348,-0.0045562023,-0.020735385,-0.0070062024,-0.013525896,-0.004687285,0.003182461,-0.017545,-0.019460281,-0.009754676,0.011125533,0.009179794,0.025150761
-0.008927064,0.012080252,0.014254824,0.0011684903,-0.0031867498,0.008892878,0.009650002,0.009410463,-0.010662627,-0.018801272,0.008149287,-0.0049284496,-0.0065015643,-0.009570864,0.008381405,0.01233736,-0.0021446138,-0.0065452373,-0.01236047,0.01313729,0.015098985,-0.0014658356,-0.00877124,-0.0057819774,-0.012725225,0.0133246705,-0.009910518,0.003938649,0.014742111,0.0018045611,0.0054187244,0.011518848
-0.01583736,0.0140479235,0.010947903,0.0008946052,0.003757088,-0.00029973255,0.016406551,0.018130101,-0.0094794035,-0.0037973858,0.0018329826,-0.010235011,-0.015154759,0.007386979,0.018997634,0.007448165,0.00015694002,-0.018723289,-0.0018237144,0.00028820348,-0.0045562023,-0.020735385,-0.0070062024,-0.013525896,-0.004687285,0.003182461,-0.017545,-0.019460281,-0.009754676,0.011125533,0.009179794,0.025150761
-0.008927064,0.012080252,0.014254824,0.0011684903,-0.0031867498,0.008892878,0.009650002,0.009410463,-0.010662627,-0.018801272,0.008149287,-0.0049284496,-0.0065015643,-0.009570864,0.008381405,0.01233736,-0.0021446138,-0.0065452373,-0.01236047,0.01313729,0.015098985,-0.0014658356,-0.00877124,-0.0057819774,-0.012725225,0.0133246705,-0.009910518,0.003938649,0.014742111,0.0018045611,0.0054187244,0.011518848
-0.01583736,0.0140479235,0.010947903,0.0008946052,0.003757088,-0.00029973255,0.016406551,0.018130101,-0.0094794035,-0.0037973858,0.0018329826,-0.010235011,-0.015154759,0.007386979,0.018997634,0.007448165,0.00015694002,-0.018723289,-0.0018237144,0.00028820348,-0.0045562023,-0.020735385,-0.0070062024,-0.013525896,-0.004687285,0.003182461,-0.017545,-0.019460281,-0.009754676,0.011125533,0.009179794,0.025150761
-0.008927064,0.012080252,0.014254824,0.0011684903,-0.0031867498,0.008892878,0.009650002,0.009410463,-0.010662627,-0.018801272,0.008149287,-0.0049284496,-0.0065015643,-0.009570864,0.008381405,0.01233736,-0.0021446138,-0.0065452373,-0.01236047,0.01313729,0.015098985,-0.0014658356,-0.00877124,-0.0057819774,-0.012725225,0.0133246705,-0.009910518,0.003938649,0.014742111,0.0018045611,0.0054187244,0.011518848
-0.01583736,0.0140479235,0.010947903,0.0008946052,0.003757088,-0.00029973255,0.016406551,0.018130101,-0.0094794035,-0.0037973858,0.0018329826,-0.010235011,-0.015154759,0.007386979,0.018997634,0.007448165,0.00015694002,-0.018723289,-0.0018237144,0.00028820348,-0.0045562023,-0.020735385,-0.0070062024,-0.013525896,-0.004687285,0.003182461,-0.017545,-0.019460281,-0.009754676,0.011125533,0.009179794,0.025150761
-0.008927064,0.012080252,0.014254824,0.0011684903,-0.0031867498,0.008892878,0.009650002,0.009410463,-0.010662627,-0.018801272,0.008149287,-0.0049284496,-0.0065015643,-0.009570864,0.008381405,0.01233736,-0.0021446138,-0.0065452373,-0.01236047,0.01313729,0.015098985,-0.0014658356,-0.00877124,-0.0057819774,-0.012725225,0.0133246705,-0.009910518,0.003938649,0.014742111,0.0018045611,0.0054187244,0.011518848
-0.01583736,0.0140479235,0.010947903,0.0008946052,0.003757088,-0.00029973255,0.016406551,0.018130101,-0.0094794035,-0.0037973858,0.0018329826,-0.010235011,-0.015154759,0.007386979,0.018997634,0.007448165,0.00015694002,-0.018723289,-0.0018237144,0.00028820348,-0.0045562023,-0.020735385,-0.0070062024,-0.013525896,-0.004687285,0.003182461,-0.017545,-0.019460281,-0.009754676,0.011125533,0.009179794,0.025150761
-0.008927064,0.012080252,0.014254824,0.0011684903,-0.0031867498,0.008892878,0.009650002,0.009410463,-0.010662627,-0.018801272,0.008149287,-0.0049284496,-0.0065015643,-0.009570864,0.008381405,0.01233736,-0.0021446138,-0.0065452373,-0.01236047,0.01313729,0.015098985,-0.0014658356,-0.00877124,-0.0057819774,-0.012725225,0.0133246705,-0.009910518,0.003938649,0.014742111,0.0018045611,0.0054187244,0.011518848
-0.01583736,0.0140479235,0.010947903,0.0008946052,0.003757088,-0.00029973255,0.016406551,0.018130101,-0.0094794035,-0.0037973858,0.0018329826,-0.010235011,-0.015154759,0.007386979,0.018997634,0.007448165,0.00015694002,-0.018723289,-0.0018237144,0.00028820348,-0.0045562023,-0.020735385,-0.0070062024,-0.013525896,-0.004687285,0.003182461,-0.017545,-0.019460281,-0.009754676,0.011125533,0.009179794,0.025150761
-0.008927064,0.012080252,0.014254824,0.0011684903,-0.0031867498,0.008892878,0.009650002,0.009410463,-0.010662627,-0.018801272,0.008149287,-0.0049284496,-0.0065015643,-0.009570864,0.008381405,0.01233736,-0.0021446138,-0.0065452373,-0.01236047,0.01313729,0.015098985,-0.0014658356,-0.00877124,-0.0057819774,-0.012725225,0.0133246705,-0.009910518,0.003938649,0.014742111,0.0018045611,0.0054187244,0.011518848
-0.01583736,0.0140479235,0.010947903,0.0008946052,0.003757088,-0.00029973255,0.016406551,0.018130101,-0.0094794035,-0.0037973858,0.0018329826,-0.010235011,-0.015154759,0.007386979,0.018997634,0.007448165,0.00015694002,-0.018723289,-0.0018237144,0.00028820348,-0.0045562023,-0.020735385,-0.0070062024,-0.013525896,-0.004687285,0.003182461,-0.017545,-0.019460281,-0.009754676,0.011125533,0.009179794,0.025150761
-0.008927064,0.012080252,0.014254824,0.0011684903,-0.0031867498,0.008892878,0.009650002,0.009410463,-0.010662627,-0.018801272,0.008149287,-0.0049284496,-0.0065015643,-0.009570864,0.008381405,0.01233736,-0.0021446138,-0.0065452373,-0.01236047,0.01313729,0.015098985,-0.0014658356,-0.00877124,-0.0057819774,-0.012725225,0.0133246705,-0.009910518,0.003938649,0.014742111,0.0018045611,0.0054187244,0.011518848
-0.01583736,0.0140479235,0.010947903,0.0008946052,0.003757088,-0.00029973255,0.016406551,0.018130101,-0.0094794035,-0.0037973858,0.0018329826,-0.010235011,-0.015154759,0.007386979,0.018997634,0.007448165,0.00015694002,-0.018723289,-0.0018237144,0.00028820348,-0.0045562023,-0.020735385,-0.0070062024,-0.013525896,-0.004687285,0.003182461,-0.017545,-0.019460281,-0.009754676,0.011125533,0.009179794,0.025150761
-0.008927064,0.012080252,0.014254824,0.0011684903,-0.0031867498,0.008892878,0.009650002,0.009410463,-0.010662627,-0.018801272,0.008149287,-0.0049284496,-0.0065015643,-0.009570864,0.008381405,0.01233736,-0.0021446138,-0.0065452373,-0.01236047,0.01313729,0.015098985,-0.0014658356,-0.00877124,-0.0057819774,-0.012725225,0.0133246705,-0.009910518,0.003938649,0.014742111,0.0018045611,0.0054187244,0.011518848
-0.01583736,0.0140479235,0.010947903,0.0008946052,0.003757088,-0.00029973255,0.016406551,0.018130101,-0.0094794035,-0.0037973858,0.0018329826,-0.010235011,-0.015154759,0.007386979,0.018997634,0.007448165,0.00015694002,-0.018723289,-0.0018237144,0.00028820348,-0.0045562023,-0.020735385,-0.0070062024,-0.013525896,-0.004687285,0.003182461,-0.017545,-0.019460281,-0.009754676,0.011125533,0.009179794,0.025150761
-0.008927064,0.012080252,0.014254824,0.0011684903,-0.0031867498,0.008892878,0.009650002,0.009410463,-0.010662627,-0.018801272,0.008149287,-0.0049284496,-0.0065015643,-0.009570864,0.008381405,0.01233736,-0.0021446138,-0.0065452373,-0.01236047,0.01313729,0.015098985,-0.0014658356,-0.00877124,-0.0057819774,-0.012725225,0.0133246705,-0.009910518,0.003938649,0.014742111,0.0018045611,0.0054187244,0.011518848
-0.01583736,0.0140479235,0.010947903,0.0008946052,0.003757088,-0.00029973255,0.016406551,0.018130101,-0.0094794035,-0.0037973858,0.0018329826,-0.010235011,-0.015154759,0.007386979,0.018997634,0.007448165,0.00015694002,-0.018723289,-0.0018237144,0.00028820348,-0.0045562023,-0.020735385,-0.0070062024,-0.013525896,-0.004687285,0.003182461,-0.017545,-0.019460281,-0.009754676,0.011125533,0.009179794,0.025150761
-0.008927064,0.012080252,0.014254824,0.0011684903,-0.0031867498,0.008892878,0.009650002,0.009410463,-0.010662627,-0.018801272,0.008149287,-0.0049284496,-0.0065015643,-0.009570864,0.008381405,0.01233736,-0.0021446138,-0.0065452373,-0.01236047,0.01313729,0.015098985,-0.0014658356,-0.00877124,-0.0057819774,-0.012725225,0.0133246705,-0.009910518,0.003938649,0.014742111,0.0018045611,0.0054187244,0.011518848
-0.01583736,0.0140479235,0.010947903,0.0008946052,0.003757088,-0.00029973255,0.016406551,0.018130101,-0.0094794035,-0.0037973858,0.0018329826,-0.010235011,-0.015154759,0.007386979,0.018997634,0.007448165,0.00015694002,-0.018723289,-0.0018237144,0.00028820348,-0.0045562023,-0.020735385,-0.0070062024,-0.013525896,-0.004687285,0.003182461,-0.017545,-0.019460281,-0.009754676,0.011125533,0.009179794,0.025150761
-0.008927064,0.012080252,0.014254824,0.0011684903,-0.0031867498,0.008892878,0.009650002,0.009410463,-0.010662627,-0.018801272,0.008149287,-0.0049284496,-0.0065015643,-0.009570864,0.008381405,0.01233736,-0.0021446138,-0.0065452373,-0.01236047,0.01313729,0.015098985,-0.0014658356,-0.00877124,-0.0057819774,-0.012725225,0.0133246705,-0.009910518,0.003938649,0.014742111,0.0018045611,0.0054187244,0.011518848
-0.01583736,0.0140479235,0.010947903,0.0008946052,0.003757088,-0.00029973255,0.016406551,0.018130101,-0.0094794035,-0.0037973858,0.0018329826,-0.010235011,-0.015154759,0.007386979,0.018997634,0.007448165,0.00015694002,-0.018723289,-0.0018237144,0.00028820348,-0.0045562023,-0.020735385,-0.0070062024,-0.013525896,-0.004687285,0.003182461,-0.017545,-0.019460281,-0.009754676,0.011125533,0.009179794,0.025150761
-0.008927064,0.012080252,0.014254824,0.0011684903,-0.0031867498,0.008892878,0.009650002,0.009410463,-0.010662627,-0.018801272,0.008149287,-0.0049284496,-0.0065015643,-0.009570864,0.008381405,0.01233736,-0.0021446138,-0.0065452373,-0.01236047,0.01313729,0.015098985,-0.0014658356,-0.00877124,-0.0057819774,-0.012725225,0.0133246705,-0.009910518,0.003938649,0.014742111,0.0018045611,0.0054187244,0.011518848
-0.01583736,0.0140479235,0.010947903,0.0008946052,0.003757088,-0.00029973255,0.016406551,0.018130101,-0.0094794035,-0.0037973858,0.0018329826,-0.010235011,-0.015154759,0.007386979,0.018997634,0.007448165,0.00015694002,-0.018723289,-0.0018237144,0.00028820348,-0.0045562023,-0.020735385,-0.0070062024,-0.013525896,-0.004687285,0.003182461,-0.017545,-0.019460281,-0.009754676,0.011125533,0.009179794,0.025150761
-0.008927064,0.012080252,0.014254824,0.0011684903,-0.0031867498,0.008892878,0.009650002,0.009410463,-0.010662627,-0.018801272,0.008149287,-0.0049284496,-0.0065015643,-0.009570864,0.008381405,0.01233736,-0.0021446138,-0.0065452373,-0.01236047,0.01313729,0.015098985,-0.0014658356,-0.00877124,-0.0057819774,-0.012725225,0.0133246705,-0.009910518,0.003938649,0.014742111,0.0018045611,0.0054187244,0.011518848
-0.01583736,0.0140479235,0.010947903,0.0008946052,0.003757088,-0.00029973255,0.016406551,0.018130101,-0.0094794035,-0.0037973858,0.0018329826,-0.010235011,-0.015154759,0.007386979,0.018997634,0.007448165,0.00015694002,-0.018723289,-0.0018237144,0.00028820348,-0.0045562023,-0.020735385,-0.0070062024,-0.013525896,-0.004687285,0.003182461,-0.017545,-0.019460281,-0.009754676,0.011125533,0.009179794,0.025150761
-0.008927064,0.012080252,0.014254824,0.0011684903,-0.0031867498,0.008892878,0.009650002,0.009410463,-0.010662627,-0.018801272,0.008149287,-0.0049284496,-0.0065015643,-0.009570864,0.008381405,0.01233736,-0.0021446138,-0.0065452373,-0.01236047,0.01313729,0.015098985,-0.0014658356,-0.00877124,-0.0057819774,-0.012725225,0.0133246705,-0.009910518,0.003938649,0.014742111,0.0018045611,0.0054187244,0.011518848
-0.01583736,0.0140479235,0.010947903,0.0008946052,0.003757088,-0.00029973255,0.016406551,0.018130101,-0.0094794035,-0.0037973858,0.0018329826,-0.010235011,-0.015154759,0.007386979,0.018997634,0.007448165,0.00015694002,-0.018723289,-0.0018237144,0.00028820348,-0.0045562023,-0.020735385,-0.0070062024,-0.013525896,-0.004687285,0.003182461,-0.017545,-0.019460281,-0.009754676,0.011125533,0.009179794,0.025150761
-0.008927064,0.012080252,0.014254824,0.0011684903,-0.0031867498,0.008892878,0.009650002,0.009410463,-0.010662627,-0.018801272,0.008149287,-0.0049284496,-0.0065015643,-0.009570864,0.008381405,0.01233736,-0.0021446138,-0.0065452373,-0.01236047,0.01313729,0.015098985,-0.0014658356,-0.00877124,-0.0057819774,-0.012725225,0.0133246705,-0.009910518,0.003938649,0.014742111,0.0018045611,0.0054187244,0.011518848
-0.01583736,0.0140479235,0.010947903,0.0008946052,0.003757088,-0.00029973255,0.016406551,0.018130101,-0.0094794035,-0.0037973858,0.0018329826,-0.010235011,-0.015154759,0.007386979,0.018997634,0.007448165,0.00015694002,-0.018723289,-0.0018237144,0.00028820348,-0.0045562023,-0.020735385,-0.0070062024,-0.013525896,-0.004687285,0.003182461,-0.017545,-0.019460281,-0.009754676,0.011125533,0.009179794,0.025150761
-0.008927064,0.012080252,0.014254824,0.0011684903,-0.0031867498,0.008892878,0.009650002,0.009410463,-0.010662627,-0.018801272,0.008149287,-0.0049284496,-0.0065015643,-0.009570864,0.008381405,0.01233736,-0.0021446138,-0.0065452373,-0.01236047,0.01313729,0.015098985,-0.0014658356,-0.00877124,-0.0057819774,-0.012725225,0.0133246705,-0.009910518,0.003938649,0.014742111,0.0018045611,0.0054187244,0.011518848
-0.01583736,0.0140479235,0.010947903,0.0008946052,0.003757088,-0.00029973255,0.016406551,0.018130101,-0.0094794035,-0.0037973858,0.0018329826,-0.010235011,-0.015154759,0.007386979,0.018997634,0.007448165,0.00015694002,-0.018723289,-0.0018237144,0.00028820348,-0.0045562023,-0.020735385,-0.0070062024,-0.013525896,-0.004687285,0.003182461,-0.017545,-0.019460281,-0.009754676,0.011125533,0.009179794,0.025150761
-0.008927064,0.012080252,0.014254824,0.0011684903,-0.0031867498,0.008892878,0.009650002,0.009410463,-0.010662627,-0.018801272,0.008149287,-0.0049284496,-0.0065015643,-0.009570864,0.008381405,0.01233736,-0.0021446138,-0.0065452373,-0.01236047,0.01313729,0.015098985,-0.0014658356,-0.00877124,-0.0057819774,-0.012725225,0.0133246705,-0.009910518,0.003938649,0.014742111,0.0018045611,0.0054187244,0.011518848
-0.01583736,0.0140479235,0.010947903,0.0008946052,0.003757088,-0.00029973255,0.016406551,0.018130101,-0.0094794035,-0.0037973858,0.0018329826,-0.010235011,-0.015154759,0.007386979,0.018997634,0.007448165,0.00015694002,-0.018723289,-0.0018237144,0.00028820348,-0.0045562023,-0.020735385,-0.0070062024,-0.013525896,-0.004687285,0.003182461,-0.017545,-0.019460281,-0.009754676,0.011125533,0.009179794,0.025150761
-0.008927064,0.012080252,0.014254824,0.0011684903,-0.0031867498,0.008892878,0.009650002,0.009410463,-0.010662627,-0.018801272,0.008149287,-0.0049284496,-0.0065015643,-0.009570864,0.008381405,0.01233736,-0.0021446138,-0.0065452373,-0.01236047,0.01313729,0.015098985,-0.0014658356,-0.00877124,-0.0057819774,-0.012725225,0.0133246705,-0.009910518,0.003938649,0.014742111,0.0018045611,0.0054187244,0.011518848
-0.01583736,0.0140479235,0.010947903,0.0008946052,0.003757088,-0.00029973255,0.016406551,0.018130101,-0.0094794035,-0.0037973858,0.0018329826,-0.010235011,-0.015154759,0.007386979,0.018997634,0.007448165,0.00015694002,-0.018723289,-0.0018237144,0.00028820348,-0.0045562023,-0.020735385,-0.0070062024,-0.013525896,-0.004687285,0.003182461,-0.017545,-0.019460281,-0.009754676,0.011125533,0.009179794,0.025150761
-0.008927064,0.012080252,0.014254824,0.0011684903,-0.0031867498,0.008892878,0.009650002,0.009410463,-0.010662627,-0.018801272,0.008149287,-0.0049284496,-0.0065015643,-0.009570864,0.008381405,0.01233736,-0.0021446138,-0.0065452373,-0.01236047,0.01313729,0.015098985,-0.0014658356,-0.00877124,-0.0057819774,-0.012725225,0.0133246705,-0.009910518,0.003938649,0.014742111,0.0018045611,0.0054187244,0.011518848
-0.01583736,0.0140479235,0.010947903,0.0008946052,0.003757088,-0.00029973255,0.016406551,0.018130101,-0.0094794035,-0.0037973858,0.0018329826,-0.010235011,-0.015154759,0.007386979,0.018997634,0.007448165,0.00015694002,-0.018723289,-0.0018237144,0.00028820348,-0.0045562023,-0.020735385,-0.0070062024,-0.013525896,-0.004687285,0.003182461,-0.017545,-0.019460281,-0.009754676,0.011125533,0.009179794,0.025150761
-0.008927064,0.012080252,0.014254824,0.0011684903,-0.0031867498,0.008892878,0.009650002,0.009410463,-0.010662627,-0.018801272,0.008149287,-0.0049284496,-0.0065015643,-0.009570864,0.008381405,0.01233736,-0.0021446138,-0.0065452373,-0.01236047,0.01313729,0.015098985,-0.0014658356,-0.00877124,-0.0057819774,-0.012725225,0.0133246705,-0.009910518,0.003938649,0.014742111,0.0018045611,0.0054187244,0.011518848
-0.01583736,0.0140479235,0.010947903,0.0008946052,0.003757088,-0.00029973255,0.016406551,0.018130101,-0.0094794035,-0.0037973858,0.0018329826,-0.010235011,-0.015154759,0.007386979,0.018997634,0.007448165,0.00015694002,-0.018723289,-0.0018237144,0.00028820348,-0.0045562023,-0.020735385,-0.0070062024,-0.013525896,-0.004687285,0.003182461,-0.017545,-0.019460281,-0.009754676,0.011125533,0.009179794,0.025150761
-0.008927064,0.012080252,0.014254824,0.0011684903,-0.0031867498,0.008892878,0.009650002,0.009410463,-0.010662627,-0.018801272,0.008149287,-0.0049284496,-0.0065015643,-0.009570864,0.008381405,0.01233736,-0.0021446138,-0.0065452373,-0.01236047,0.01313729,0.015098985,-0.0014658356,-0.00877124,-0.0057819774,-0.012725225,0.0133246705,-0.009910518,0.003938649,0.014742111,0.0018045611,0.0054187244,0.011518848
-0.01583736,0.0140479235,0.010947903,0.0008946052,0.003757088,-0.00029973255,0.016406551,0.018130101,-0.0094794035,-0.0037973858,0.0018329826,-0.010235011,-0.015154759,0.007386979,0.018997634,0.007448165,0.00015694002,-0.018723289,-0.0018237144,0.00028820348,-0.0045562023,-0.020735385,-0.0070062024,-0.013525896,-0.004687285,0.003182461,-0.017545,-0.019460281,-0.009754676,0.011125533,0.009179794,0.025150761
-0.008927064,0.012080252,0.014254824,0.0011684903,-0.0031867498,0.008892878,0.009650002,0.009410463,-0.010662627,-0.018801272,0.008149287,-0.0049284496,-0.0065015643,-0.009570864,0.008381405,0.01233736,-0.0021446138,-0.0065452373,-0.01236047,0.01313729,0.015098985,-0.0014658356,-0.00877124,-0.0057819774,-0.012725225,0.0133246705,-0.009910518,0.003938649,0.014742111,0.0018045611,0.0054187244,0.011518848
-0.01583736,0.0140479235,0.010947903,0.0008946052,0.003757088,-0.00029973255,0.016406551,0.018130101,-0.0094794035,-0.0037973858,0.0018329826,-0.010235011,-0.015154759,0.007386979,0.018997634,0.007448165,0.00015694002,-0.018723289,-0.0018237144,0.00028820348,-0.0045562023,-0.020735385,-0.0070062024,-0.013525896,-0.004687285,0.003182461,-0.017545,-0.019460281,-0.009754676,0.011125533,0.009179794,0.025150761
-0.008927064,0.012080252,0.014254824,0.0011684903,-0.0031867498,0.008892878,0.009650002,0.009410463,-0.010662627,-0.018801272,0.008149287,-0.0049284496,-0.0065015643,-0.009570864,0.008381405,0.01233736,-0.0021446138,-0.0065452373,-0.01236047,0.01313729,0.015098985,-0.0014658356,-0.00877124,-0.0057819774,-0.012725225,0.0133246705,-0.009910518,0.003938649,0.014742111,0.0018045611,0.0054187244,0.011518848
-0.01583736,0.0140479235,0.010947903,0.0008946052,0.003757088,-0.00029973255,0.016406551,0.018130101,-0.0094794035,-0.0037973858,0.0018329826,-0.010235011,-0.015154759,0.007386979,0.018997634,0.007448165,0.00015694002,-0.018723289,-0.0018237144,0.00028820348,-0.0045562023,-0.020735385,-0.0070062024,-0.013525896,-0.004687285,0.003182461,-0.017545,-0.019460281,-0.009754676,0.011125533,0.009179794,0.025150761
-0.008927064,0.012080252,0.014254824,0.0011684903,-0.0031867498,0.008892878,0.009650002,0.009410463,-0.010662627,-0.018801272,0.008149287,-0.0049284496,-0.0065015643,-0.009570864,0.008381405,0.01233736,-0.0021446138,-0.0065452373,-0.01236047,0.01313729,0.015098985,-0.0014658356,-0.00877124,-0.0057819774,-0.012725225,0.0133246705,-0.009910518,0.003938649,0.014742111,0.0018045611,0.0054187244,0.011518848
-0.01583736,0.0140479235,0.010947903,0.0008946052,0.003757088,-0.00029973255,0.016406551,0.018130101,-0.0094794035,-0.0037973858,0.0018329826,-0.010235011,-0.015154759,0.007386979,0.018997634,0.007448165,0.00015694002,-0.018723289,-0.0018237144,0.00028820348,-0.0045562023,-0.020735385,-0.0070062024,-0.013525896,-0.004687285,0.003182461,-0.017545,-0.019460281,-0.009754676,0.011125533,0.009179794,0.025150761
-0.008927064,0.012080252,0.014254824,0.0011684903,-0.0031867498,0.008892878,0.009650002,0.009410463,-0.010662627,-0.018801272,0.008149287,-0.0049284496,-0.0065015643,-0.009570864,0.008381405,0.01233736,-0.0021446138,-0.0065452373,-0.01236047,0.01313729,0.015098985,-0.0014658356,-0.00877124,-0.0057819774,-0.012725225,0.0133246705,-0.009910518,0.003938649,0.014742111,0.0018045611,0.0054187244,0.011518848
-0.01583736,0.0140479235,0.010947903,0.0008946052,0.003757088,-0.00029973255,0.016406551,0.018130101,-0.0094794035,-0.0037973858,0.0018329826,-0.010235011,-0.015154759,0.007386979,0.018997634,0.007448165,0.00015694002,-0.018723289,-0.0018237144,0.00028820348,-0.0045562023,-0.020735385,-0.0070062024,-0.013525896,-0.004687285,0.003182461,-0.017545,-0.019460281,-0.009754676,0.011125533,0.009179794,0.025150761
-0.008927064,0.012080252,0.014254824,0.0011684903,-0.0031867498,0.008892878,0.009650002,0.009410463,-0.010662627,-0.018801272,0.008149287,-0.0049284496,-0.0065015643,-0.009570864,0.008381405,0.01233736,-0.0021446138,-0.0065452373,-0.01236047,0.01313729,0.015098985,-0.0014658356,-0.00877124,-0.0057819774,-0.012725225,0.0133246705,-0.009910518,0.003938649,0.014742111,0.0018045611,0.0054187244,0.011518848
-0.01583736,0.0140479235,0.010947903,0.0008946052,0.003757088,-0.00029973255,0.016406551,0.018130101,-0.0094794035,-0.0037973858,0.0018329826,-0.010235011,-0.015154759,0.007386979,0.018997634,0.007448165,0.00015694002,-0.018723289,-0.0018237144,0.00028820348,-0.0045562023,-0.020735385,-0.0070062024,-0.013525896,-0.004687285,0.003182461,-0.017545,-0.019460281,-0.009754676,0.011125533,0.009179794,0.025150761
-0.008927064,0.012080252,0.014254824,0.0011684903,-0.0031867498,0.008892878,0.009650002,0.009410463,-0.010662627,-0.018801272,0.008149287,-0.0049284496,-0.0065015643,-0.009570864,0.008381405,0.01233736,-0.0021446138,-0.0065452373,-0.01236047,0.01313729,0.015098985,-0.0014658356,-0.00877124,-0.0057819774,-0.012725225,0.0133246705,-0.009910518,0.003938649,0.014742111,0.0018045611,0.0054187244,0.011518848
0.28146964,0.5158022,0.2122507,0.68177164,0.24784586,0.82966703,0.48888958,0.45559555,0.31418163,0.28888154,-0.14573134,-0.3915427,0.35681403,-0.834029,-0.24950805,-0.7193723,0.29100823,-0.66766304,-0.11398908,0.31633586,-0.3086245,0.095769435,-0.5506454,-0.2639979,0.124177165,0.33954582,-0.469975,0.068435766,0.27026632,0.53154653,0.10392841,-0.4448049
-0.63382465,-0.31048355,0.066767216,0.122509435,-0.029595258,0.6005904,0.2672839,-0.79371107,-0.09060284,-0.43793085,-0.29537913,-0.29235405,-0.049973328,0.5565269,-0.05704198,0.23526941,-0.13329604,0.14085956,-0.07360661,-0.24029653,0.054197952,-0.5097776,0.09951005,-0.44682914,-0.05136607,0.19169244,-0.40577424,0.34452078,-0.16950563,-0.1845107,0.81079173,-0.24474572
0.64417005,-0.30250943,-0.32199812,-0.39341646,-0.089868486,0.3740553,0.39599222,0.9966,0.24112913,-0.25722173,-0.23705003,-0.7443857,0.7445914,-0.49002355,0.16073126,-0.22217053,-0.47255415,0.22782144,0.114815526,0.21315828,0.025495298,0.07260753,-0.3985206,-0.1409857,-0.025128348,-0.19396041,-0.2843439,0.098864205,0.1879115,0.70734835,0.5537256,0.014390923
-0.65818363,0.15960515,0.007135915,0.06497142,0.42592108,0.13084653,0.328629,-0.44635582,-0.10508066,-0.34714103,0.00522763,0.78706574,-0.23970313,0.4443078,0.044253536,-0.208715,-0.3790569,0.37148345,-0.12756132,-0.021873651,0.007730101,-0.027230311,-0.049332187,-0.012948162,-0.19605032,-0.085131116,-0.22961053,-0.55701673,0.012736213,0.15194607,-0.12553945,0.062492743
0.38212848,-0.46668303,-0.15871474,-0.16403505,-0.2397402,0.19623709,0.31050557,0.52729195,0.39646333,-0.5636691,-0.10106116,-0.3575578,0.37383392,0.09499825,-0.1365361,0.15405393,-0.45072562,0.30008173,0.14462873,-0.18400308,0.15514117,-0.3538037,0.056102347,-0.40945044,0.074285105,-0.24433304,-0.23047026,-0.17967366,0.36101484,-0.17742316,0.419768,-0.08169957
0.15374984,0.33214876,0.31015632,0.032442644,-0.05568505,0.00023994409,0.37721494,-0.16185409,0.010269391,0.13850237,0.037970632,-0.32333556,0.010443602,0.040916573,-0.051570166,-0.0029393705,-0.28943783,0.13787724,-0.23224005,-0.20790143,0.08275953,0.52306414,0.34602422,-0.21975973,-0.41957474,0.21007755,0.3199861,-0.21719006,0.10128648,0.3367402,0.09535079,-0.07463781
-0.01583736,0.0140479235,0.010947903,0.0008946052,0.003757088,-0.00029973255,0.016406551,0.018130101,-0.0094794035,-0.0037973858,0.0018329826,-0.010235011,-0.015154759,0.007386979,0.018997634,0.007448165,0.00015694002,-0.018723289,-0.0018237144,0.00028820348,-0.0045562023,-0.020735385,-0.0070062024,-0.013525896,-0.004687285,0.003182461,-0.017545,-0.019460281,-0.009754676,0.011125533,0.009179794,0.025150761
-0.008927064,0.012080252,0.014254824,0.0011684903,-0.0031867498,0.008892878,0.009650002,0.009410463,-0.010662627,-0.018801272,0.008149287,-0.0049284496,-0.0065015643,-0.009570864,0.008381405,0.01233736,-0.0021446138,-0.0065452373,-0.01236047,0.01313729,0.015098985,-0.0014658356,-0.00877124,-0.0057819774,-0.012725225,0.0133246705,-0.009910518,0.003938649,0.014742111,0.0018045611,0.0054187244,0.011518848
-0.01583736,0.0140479235,0.010947903,0.0008946052,0.003757088,-0.00029973255,0.016406551,0.018130101,-0.0094794035,-0.0037973858,0.0018329826,-0.010235011,-0.015154759,0.007386979,0.018997634,0.007448165,0.00015694002,-0.018723289,-0.0018237144,0.00028820348,-0.0045562023,-0.020735385,-0.0070062024,-0.013525896,-0.004687285,0.003182461,-0.017545,-0.019460281,-0.009754676,0.011125533,0.009179794,0.025150761
-0.008927064,0.012080252,0.014254824,0.0011684903,-0.0031867498,0.008892878,0.009650002,0.009410463,-0.010662627,-0.018801272,0.008149287,-0.0049284496,-0.0065015643,-0.009570864,0.008381405,0.01233736,-0.0021446138,-0.0065452373,-0.01236047,0.01313729,0.015098985,-0.0014658356,-0.00877124,-0.0057819774,-0.012725225,0.0133246705,-0.009910518,0.003938649,0.014742111,0.0018045611,0.0054187244,0.011518848
-0.01583736,0.0140479235,0.010947903,0.0008946052,0.003757088,-0.00029973255,0.016406551,0.018130101,-0.0094794035,-0.0037973858,0.0018329826,-0.010235011,-0.015154759,0.007386979,0.018997634,0.007448165,0.00015694002,-0.018723289,-0.0018237144,0.00028820348,-0.0045562023,-0.020735385,-0.0070062024,-0.013525896,-0.004687285,0.003182461,-0.017545,-0.019460281,-0.009754676,0.011125533,0.009179794,0.025150761
-0.008927064,0.012080252,0.014254824,0.0011684903,-0.0031867498,0.008892878,0.009650002,0.009410463,-0.010662627,-0.018801272,0.008149287,-0.0049284496,-0.0065015643,-0.009570864,0.008381405,0.01233736,-0.0021446138,-0.0065452373,-0.01236047,0.01313729,0.015098985,-0.0014658356,-0.00877124,-0.0057819774,-0.012725225,0.0133246705,-0.009910518,0.003938649,0.014742111,0.0018045611,0.0054187244,0.011518848
-0.01583736,0.0140479235,0.010947903,0.0008946052,0.003757088,-0.00029973255,0.016406551,0.018130101,-0.0094794035,-0.0037973858,0.0018329826,-0.010235011,-0.015154759,0.007386979,0.018997634,0.007448165,0.00015694002,-0.018723289,-0.0018237144,0.00028820348,-0.0045562023,-0.020735385,-0.0070062024,-0.013525896,-0.004687285,0.003182461,-0.017545,-0.019460281,-0.009754676,0.011125533,0.009179794,0.025150761
-0.008927064,0.012080252,0.014254824,0.0011684903,-0.0031867498,0.008892878,0.009650002,0.009410463,-0.010662627,-0.018801272,0.008149287,-0.0049284496,-0.0065015643,-0.009570864,0.008381405,0.01233736,-0.0021446138,-0.0065452373,-0.01236047,0.01313729,0.015098985,-0.0014658356,-0.00877124,-0.0057819774,-0.012725225,0.0133246705,-0.009910518,0.003938649,0.014742111,0.0018045611,0.0054187244,0.011518848
-0.01583736,0.0140479235,0.010947903,0.0008946052,0.003757088,-0.00029973255,0.016406551,0.018130101,-0.0094794035,-0.0037973858,0.0018329826,-0.010235011,-0.015154759,0.007386979,0.018997634,0.007448165,0.00015694002,-0.018723289,-0.0018237144,0.00028820348,-0.0045562023,-0.020735385,-0.0070062024,-0.013525896,-0.004687285,0.003182461,-0.017545,-0.019460281,-0.009754676,0.011125533,0.009179794,0.025150761
-0.008927064,0.012080252,0.014254824,0.0011684903,-0.0031867498,0.008892878,0.009650002,0.009410463,-0.010662627,-0.018801272,0.008149287,-0.0049284496,-0.0065015643,-0.009570864,0.008381405,0.01233736,-0.0021446138,-0.0065452373,-0.01236047,0.01313729,0.015098985,-0.0014658356,-0.00877124,-0.0057819774,-0.012725225,0.0133246705,-0.009910518,0.003938649,0.014742111,0.0018045611,0.0054187244,0.011518848
-0.01583736,0.0140479235,0.010947903,0.0008946052,0.003757088,-0.00029973255,0.016406551,0.018130101,-0.0094794035,-0.0037973858,0.0018329826,-0.010235011,-0.015154759,0.007386979,0.018997634,0.007448165,0.00015694002,-0.018723289,-0.0018237144,0.00028820348,-0.0045562023,-0.020735385,-0.0070062024,-0.013525896,-0.004687285,0.003182461,-0.017545,-0.019460281,-0.009754676,0.011125533,0.009179794,0.025150761
-0.008927064,0.012080252,0.014254824,0.0011684903,-0.0031867498,0.008892878,0.009650002,0.009410463,-0.010662627,-0.018801272,0.008149287,-0.0049284496,-0.0065015643,-0.009570864,0.008381405,0.01233736,-0.0021446138,-0.0065452373,-0.01236047,0.01313729,0.015098985,-0.0014658356,-0.00877124,-0.0057819774,-0.012725225,0.0133246705,-0.009910518,0.003938649,0.014742111,0.0018045611,0.0054187244,0.011518848
-0.01583736,0.0140479235,0.010947903,0.0008946052,0.003757088,-0.00029973255,0.016406551,0.018130101,-0.0094794035,-0.0037973858,0.0018329826,-0.010235011,-0.015154759,0.007386979,0.018997634,0.007448165,0.00015694002,-0.018723289,-0.0018237144,0.00028820348,-0.0045562023,-0.020735385,-0.0070062024,-0.013525896,-0.004687285,0.003182461,-0.017545,-0.019460281,-0.009754676,0.011125533,0.009179794,0.025150761
-0.008927064,0.012080252,0.014254824,0.0011684903,-0.0031867498,0.008892878,0.009650002,0.009410463,-0.010662627,-0.018801272,0.008149287,-0.0049284496,-0.0065015643,-0.009570864,0.008381405,0.01233736,-0.0021446138,-0.0065452373,-0.01236047,0.01313729,0.015098985,-0.0014658356,-0.00877124,-0.0057819774,-0.012725225,0.0133246705,-0.009910518,0.003938649,0.014742111,0.0018045611,0.0054187244,0.011518848
-0.01583736,0.0140479235,0.010947903,0.0008946052,0.003757088,-0.00029973255,0.016406551,0.018130101,-0.0094794035,-0.0037973858,0.0018329826,-0.010235011,-0.015154759,0.007386979,0.018997634,0.007448165,0.00015694002,-0.018723289,-0.0018237144,0.00028820348,-0.0045562023,-0.020735385,-0.0070062024,-0.013525896,-0.004687285,0.003182461,-0.017545,-0.019460281,-0.009754676,0.011125533,0.009179794,0.025150761
-0.008927064,0.012080252,0.014254824,0.0011684903,-0.0031867498,0.008892878,0.009650002,0.009410463,-0.010662627,-0.018801272,0.008149287,-0.0049284496,-0.0065015643,-0.009570864,0.008381405,0.01233736,-0.0021446138,-0.0065452373,-0.01236047,0.01313729,0.015098985,-0.0014658356,-0.00877124,-0.0057819774,-0.012725225,0.0133246705,-0.009910518,0.003938649,0.014742111,0.0018045611,0.0054187244,0.011518848
-0.01583736,0.0140479235,0.010947903,0.0008946052,0.003757088,-0.00029973255,0.016406551,0.018130101,-0.0094794035,-0.0037973858,0.0018329826,-0.010235011,-0.015154759,0.007386979,0.018997634,0.007448165,0.00015694002,-0.018723289,-0.0018237144,0.00028820348,-0.0045562023,-0.020735385,-0.0070062024,-0.013525896,-0.004687285,0.003182461,-0.017545,-0.019460281,-0.009754676,0.011125533,0.009179794,0.025150761
-0.008927064,0.012080252,0.014254824,0.0011684903,-0.0031867498,0.008892878,0.009650002,0.009410463,-0.010662627,-0.018801272,0.008149287,-0.0049284496,-0.0065015643,-0.009570864,0.008381405,0.01233736,-0.0021446138,-0.0065452373,-0.01236047,0.01313729,0.015098985,-0.0014658356,-0.00877124,-0.0057819774,-0.012725225,0.0133246705,-0.009910518,0.003938649,0.014742111,0.0018045611,0.0054187244,0.011518848
-0.01583736,0.0140479235,0.010947903,0.0008946052,0.003757088,-0.00029973255,0.016406551,0.018130101,-0.0094794035,-0.0037973858,0.0018329826,-0.010235011,-0.015154759,0.007386979,0.018997634,0.007448165,0.00015694002,-0.018723289,-0.0018237144,0.00028820348,-0.0045562023,-0.020735385,-0.0070062024,-0.013525896,-0.004687285,0.003182461,-0.017545,-0.019460281,-0.009754676,0.011125533,0.009179794,0.025150761
-0.008927064,0.012080252,0.014254824,0.0011684903,-0.0031867498,0.008892878,0.009650002,0.009410463,-0.010662627,-0.018801272,0.008149287,-0.0049284496,-0.0065015643,-0.009570864,0.008381405,0.01233736,-0.0021446138,-0.0065452373,-0.01236047,0.01313729,0.015098985,-0.0014658356,-0.00877124,-0.0057819774,-0.012725225,0.0133246705,-0.009910518,0.003938649,0.014742111,0.0018045611,0.0054187244,0.011518848
-0.01583736,0.0140479235,0.010947903,0.0008946052,0.003757088,-0.00029973255,0.016406551,0.018130101,-0.0094794035,-0.0037973858,0.0018329826,-0.010235011,-0.015154759,0.007386979,0.018997634,0.007448165,0.00015694002,-0.018723289,-0.0018237144,0.00028820348,-0.0045562023,-0.020735385,-0.0070062024,-0.013525896,-0.004687285,0.003182461,-0.017545,-0.019460281,-0.009754676,0.011125533,0.009179794,0.025150761
-0.008927064,0.012080252,0.014254824,0.0011684903,-0.0031867498,0.008892878,0.009650002,0.009410463,-0.010662627,-0.018801272,0.008149287,-0.0049284496,-0.0065015643,-0.009570864,0.008381405,0.01233736,-0.0021446138,-0.0065452373,-0.01236047,0.01313729,0.015098985,-0.0014658356,-0.00877124,-0.0057819774,-0.012725225,0.0133246705,-0.009910518,0.003938649,0.014742111,0.0018045611,0.0054187244,0.011518848
-0.01583736,0.0140479235,0.010947903,0.0008946052,0.003757088,-0.00029973255,0.016406551,0.018130101,-0.0094794035,-0.0037973858,0.0018329826,-0.010235011,-0.015154759,0.007386979,0.018997634,0.007448165,0.00015694002,-0.018723289,-0.0018237144,0.00028820348,-0.0045562023,-0.020735385,-0.0070062024,-0.013525896,-0.004687285,0.003182461,-0.017545,-0.019460281,-0.009754676,0.011125533,0.009179794,0.025150761
-0.008927064,0.012080252,0.014254824,0.0011684903,-0.0031867498,0.008892878,0.009650002,0.009410463,-0.010662627,-0.018801272,0.008149287,-0.0049284496,-0.0065015643,-0.009570864,0.008381405,0.01233736,-0.0021446138,-0.0065452373,-0.01236047,0.01313729,0.015098985,-0.0014658356,-0.00877124,-0.0057819774,-0.012725225,0.0133246705,-0.009910518,0.003938649,0.014742111,0.0018045611,0.0054187244,0.011518848
-0.01583736,0.0140479235,0.010947903,0.0008946052,0.003757088,-0.00029973255,0.016406551,0.018130101,-0.0094794035,-0.0037973858,0.0018329826,-0.010235011,-0.015154759,0.007386979,0.018997634,0.007448165,0.00015694002,-0.018723289,-0.0018237144,0.00028820348,-0.0045562023,-0.020735385,-0.0070062024,-0.013525896,-0.004687285,0.003182461,-0.017545,-0.019460281,-0.009754676,0.011125533,0.009179794,0.025150761
-0.008927064,0.012080252,0.014254824,0.0011684903,-0.0031867498,0.008892878,0.009650002,0.009410463,-0.010662627,-0.018801272,0.008149287,-0.0049284496,-0.0065015643,-0.009570864,0.008381405,0.01233736,-0.0021446138,-0.0065452373,-0.01236047,0.01313729,0.015098985,-0.0014658356,-0.00877124,-0.0057819774,-0.012725225,0.0133246705,-0.009910518,0.003938649,0.014742111,0.0018045611,0.0054187244,0.011518848
-0.01583736,0.0140479235,0.010947903,0.0008946052,0.003757088,-0.00029973255,0.016406551,0.018130101,-0.0094794035,-0.0037973858,0.0018329826,-0.010235011,-0.015154759,0.007386979,0.018997634,0.007448165,0.00015694002,-0.018723289,-0.0018237144,0.00028820348,-0.0045562023,-0.020735385,-0.0070062024,-0.013525896,-0.004687285,0.003182461,-0.017545,-0.019460281,-0.009754676,0.011125533,0.009179794,0.025150761
-0.008927064,0.012080252,0.014254824,0.0011684903,-0.0031867498,0.008892878,0.009650002,0.009410463,-0.010662627,-0.018801272,0.008149287,-0.0049284496,-0.0065015643,-0.009570864,0.008381405,0.01233736,-0.0021446138,-0.0065452373,-0.01236047,0.01313729,0.015098985,-0.0014658356,-0.00877124,-0.0057819774,-0.012725225,0.0133246705,-0.009910518,0.003938649,0.014742111,0.0018045611,0.0054187244,0.011518848
-0.01583736,0.0140479235,0.010947903,0.0008946052,0.003757088,-0.00029973255,0.016406551,0.018130101,-0.0094794035,-0.0037973858,0.0018329826,-0.010235011,-0.015154759,0.007386979,0.018997634,0.007448165,0.00015694002,-0.018723289,-0.0018237144,0.00028820348,-0.0045562023,-0.020735385,-0.0070062024,-0.013525896,-0.004687285,0.003182461,-0.017545,-0.019460281,-0.009754676,0.011125533,0.009179794,0.025150761
-0.008927064,0.012080252,0.014254824,0.0011684903,-0.0031867498,0.008892878,0.009650002,0.009410463,-0.010662627,-0.018801272,0.008149287,-0.0049284496,-0.0065015643,-0.009570864,0.008381405,0.01233736,-0.0021446138,-0.0065452373,-0.01236047,0.01313729,0.015098985,-0.0014658356,-0.00877124,-0.0057819774,-0.012725225,0.0133246705,-0.009910518,0.003938649,0.014742111,0.0018045611,0.0054187244,0.011518848
-0.01583736,0.0140479235,0.010947903,0.0008946052,0.003757088,-0.00029973255,0.016406551,0.018130101,-0.0094794035,-0.0037973858,0.0018329826,-0.010235011,-0.015154759,0.007386979,0.018997634,0.007448165,0.00015694002,-0.018723289,-0.0018237144,0.00028820348,-0.0045562023,-0.020735385,-0.0070062024,-0.013525896,-0.004687285,0.003182461,-0.017545,-0.019460281,-0.009754676,0.011125533,0.009179794,0.025150761
-0.008927064,0.012080252,0.014254824,0.0011684903,-0.0031867498,0.008892878,0.009650002,0.009410463,-0.010662627,-0.018801272,0.008149287,-0.0049284496,-0.0065015643,-0.009570864,0.008381405,0.01233736,-0.0021446138,-0.0065452373,-0.01236047,0.01313729,0.015098985,-0.0014658356,-0.00877124,-0.0057819774,-0.012725225,0.0133246705,-0.009910518,0.003938649,0.014742111,0.0018045611,0.0054187244,0.011518848
-0.01583736,0.0140479235,0.010947903,0.0008946052,0.003757088,-0.00029973255,0.016406551,0.018130101,-0.0094794035,-0.0037973858,0.0018329826,-0.010235011,-0.015154759,0.007386979,0.018997634,0.007448165,0.00015694002,-0.018723289,-0.0018237144,0.00028820348,-0.0045562023,-0.020735385,-0.0070062024,-0.013525896,-0.004687285,0.003182461,-0.017545,-0.019460281,-0.009754676,0.011125533,0.009179794,0.025150761
-0.008927064,0.012080252,0.014254824,0.0011684903,-0.0031867498,0.008892878,0.009650002,0.009410463,-0.010662627,-0.018801272,0.008149287,-0.0049284496,-0.0065015643,-0.009570864,0.008381405,0.01233736,-0.0021446138,-0.0065452373,-0.01236047,0.01313729,0.015098985,-0.0014658356,-0.00877124,-0.0057819774,-0.012725225,0.0133246705,-0.009910518,0.003938649,0.014742111,0.0018045611,0.0054187244,0.011518848
-0.01583736,0.0140479235,0.010947903,0.0008946052,0.003757088,-0.00029973255,0.016406551,0.018130101,-0.0094794035,-0.0037973858,0.0018329826,-0.010235011,-0.015154759,0.007386979,0.018997634,0.007448165,0.00015694002,-0.018723289,-0.0018237144,0.00028820348,-0.0045562023,-0.020735385,-0.0070062024,-0.013525896,-0.004687285,0.003182461,-0.017545,-0.019460281,-0.009754676,0.011125533,0.009179794,0.025150761
-0.008927064,0.012080252,0.014254824,0.0011684903,-0.0031867498,0.008892878,0.009650002,0.009410463,-0.010662627,-0.018801272,0.008149287,-0.0049284496,-0.0065015643,-0.009570864,0.008381405,0.01233736,-0.0021446138,-0.0065452373,-0.01236047,0.01313729,0.015098985,-0.0014658356,-0.00877124,-0.0057819774,-0.012725225,0.0133246705,-0.009910518,0.003938649,0.014742111,0.0018045611,0.0054187244,0.011518848
-0.01583736,0.0140479235,0.010947903,0.0008946052,0.003757088,-0.00029973255,0.016406551,0.018130101,-0.0094794035,-0.0037973858,0.0018329826,-0.010235011,-0.015154759,0.007386979,0.018997634,0.007448165,0.00015694002,-0.018723289,-0.0018237144,0.00028820348,-0.0045562023,-0.020735385,-0.0070062024,-0.013525896,-0.004687285,0.003182461,-0.017545,-0.019460281,-0.009754676,0.011125533,0.009179794,0.025150761
-0.008927064,0.012080252,0.014254824,0.0011684903,-0.0031867498,0.008892878,0.009650002,0.009410463,-0.010662627,-0.018801272,0.008149287,-0.0049284496,-0.0065015643,-0.009570864,0.008381405,0.01233736,-0.0021446138,-0.0065452373,-0.01236047,0.01313729,0.015098985,-0.0014658356,-0.00877124,-0.0057819774,-0.012725225,0.0133246705,-0.009910518,0.003938649,0.014742111,0.0018045611,0.0054187244,0.011518848
-0.01583736,0.0140479235,0.010947903,0.0008946052,0.003757088,-0.00029973255,0.016406551,0.018130101,-0.0094794035,-0.0037973858,0.0018329826,-0.010235011,-0.015154759,0.007386979,0.018997634,0.007448165,0.00015694002,-0.018723289,-0.0018237144,0.00028820348,-0.0045562023,-0.020735385,-0.0070062024,-0.013525896,-0.004687285,0.003182461,-0.017545,-0.019460281,-0.009754676,0.011125533,0.009179794,0.025150761
-0.008927064,0.012080252,0.014254824,0.0011684903,-0.0031867498,0.008892878,0.009650002,0.009410463,-0.010662627,-0.018801272,0.008149287,-0.0049284496,-0.0065015643,-0.009570864,0.008381405,0.01233736,-0.0021446138,-0.0065452373,-0.01236047,0.01313729,0.015098985,-0.0014658356,-0.00877124,-0.0057819774,-0.012725225,0.0133246705,-0.009910518,0.003938649,0.014742111,0.0018045611,0.0054187244,0.011518848
-0.01583736,0.0140479235,0.010947903,0.0008946052,0.003757088,-0.00029973255,0.016406551,0.018130101,-0.0094794035,-0.0037973858,0.0018329826,-0.010235011,-0.015154759,0.007386979,0.018997634,0.007448165,0.00015694002,-0.018723289,-0.0018237144,0.00028820348,-0.0045562023,-0.020735385,-0.0070062024,-0.013525896,-0.004687285,0.003182461,-0.017545,-0.019460281,-0.009754676,0.011125533,0.009179794,0.025150761
-0.008927064,0.012080252,0.014254824,0.0011684903,-0.0031867498,0.008892878,0.009650002,0.009410463,-0.010662627,-0.018801272,0.008149287,-0.0049284496,-0.0065015643,-0.009570864,0.008381405,0.01233736,-0.0021446138,-0.0065452373,-0.01236047,0.01313729,0.015098985,-0.0014658356,-0.00877124,-0.0057819774,-0.012725225,0.0133246705,-0.009910518,0.003938649,0.014742111,0.0018045611,0.0054187244,0.011518848
-0.01583736,0.0140479235,0.010947903,0.0008946052,0.003757088,-0.00029973255,0.016406551,0.018130101,-0.0094794035,-0.0037973858,0.0018329826,-0.010235011,-0.015154759,0.007386979,0.018997634,0.007448165,0.00015694002,-0.018723289,-0.0018237144,0.00028820348,-0.0045562023,-0.020735385,-0.0070062024,-0.013525896,-0.004687285,0.003182461,-0.017545,-0.019460281,-0.009754676,0.011125533,0.009179794,0.025150761
-0.008927064,0.012080252,0.014254824,0.0011684903,-0.0031867498,0.008892878,0.009650002,0.009410463,-0.010662627,-0.018801272,0.008149287,-0.0049284496,-0.0065015643,-0.009570864,0.008381405,0.01233736,-0.0021446138,-0.0065452373,-0.01236047,0.01313729,0.015098985,-0.0014658356,-0.00877124,-0.0057819774,-0.012725225,0.0133246705,-0.009910518,0.003938649,0.014742111,0.0018045611,0.0054187244,0.011518848
-0.01583736,0.0140479235,0.010947903,0.0008946052,0.003757088,-0.00029973255,0.016406551,0.018130101,-0.0094794035,-0.0037973858,0.0018329826,-0.010235011,-0.015154759,0.007386979,0.018997634,0.007448165,0.00015694002,-0.018723289,-0.0018237144,0.00028820348,-0.0045562023,-0.020735385,-0.0070062024,-0.013525896,-0.004687285,0.003182461,-0.017545,-0.019460281,-0.009754676,0.011125533,0.009179794,0.025150761
-0.008927064,0.012080252,0.014254824,0.0011684903,-0.0031867498,0.008892878,0.009650002,0.009410463,-0.010662627,-0.018801272,0.008149287,-0.0049284496,-0.0065015643,-0.009570864,0.008381405,0.01233736,-0.0021446138,-0.0065452373,-0.01236047,0.01313729,0.015098985,-0.0014658356,-0.00877124,-0.0057819774,-0.012725225,0.0133246705,-0.009910518,0.003938649,0.014742111,0.0018045611,0.0054187244,0.011518848
-0.01583736,0.0140479235,0.010947903,0.0008946052,0.003757088,-0.00029973255,0.016406551,0.018130101,-0.0094794035,-0.0037973858,0.0018329826,-0.010235011,-0.015154759,0.007386979,0.018997634,0.007448165,0.00015694002,-0.018723289,-0.0018237144,0.00028820348,-0.0045562023,-0.020735385,-0.0070062024,-0.013525896,-0.004687285,0.003182461,-0.017545,-0.019460281,-0.009754676,0.011125533,0.009179794,0.025150761
-0.008927064,0.012080252,0.014254824,0.0011684903,-0.0031867498,0.008892878,0.009650002,0.009410463,-0.010662627,-0.018801272,0.008149287,-0.0049284496,-0.0065015643,-0.009570864,0.008381405,0.01233736,-0.0021446138,-0.0065452373,-0.01236047,0.01313729,0.015098985,-0.0014658356,-0.00877124,-0.0057819774,-0.012725225,0.0133246705,-0.009910518,0.003938649,0.014742111,0.0018045611,0.0054187244,0.011518848
-0.01583736,0.0140479235,0.010947903,0.0008946052,0.003757088,-0.00029973255,0.016406551,0.018130101,-0.0094794035,-0.0037973858,0.0018329826,-0.010235011,-0.015154759,0.007386979,0.018997634,0.007448165,0.00015694002,-0.018723289,-0.0018237144,0.00028820348,-0.0045562023,-0.020735385,-0.0070062024,-0.013525896,-0.004687285,0.003182461,-0.017545,-0.019460281,-0.009754676,0.011125533,0.009179794,0.025150761
-0.008927064,0.012080252,0.014254824,0.0011684903,-0.0031867498,0.008892878,0.009650002,0.009410463,-0.010662627,-0.018801272,0.008149287,-0.0049284496,-0.0065015643,-0.009570864,0.008381405,0.01233736,-0.0021446138,-0.0065452373,-0.01236047,0.01313729,0.015098985,-0.0014658356,-0.00877124,-0.0057819774,-0.012725225,0.0133246705,-0.009910518,0.003938649,0.014742111,0.0018045611,0.0054187244,0.011518848
-0.01583736,0.0140479235,0.010947903,0.0008946052,0.003757088,-0.00029973255,0.016406551,0.018130101,-0.0094794035,-0.0037973858,0.0018329826,-0.010235011,-0.015154759,0.007386979,0.018997634,0.007448165,0.00015694002,-0.018723289,-0.0018237144,0.00028820348,-0.0045562023,-0.020735385,-0.0070062024,-0.013525896,-0.004687285,0.003182461,-0.017545,-0.019460281,-0.009754676,0.011125533,0.009179794,0.025150761
-0.008927064,0.012080252,0.014254824,0.0011684903,-0.0031867498,0.008892878,0.009650002,0.009410463,-0.010662627,-0.018801272,0.008149287,-0.0049284496,-0.0065015643,-0.009570864,0.008381405,0.01233736,-0.0021446138,-0.0065452373,-0.01236047,0.01313729,0.015098985,-0.0014658356,-0.00877124,-0.0057819774,-0.012725225,0.0133246705,-0.009910518,0.003938649,0.014742111,0.0018045611,0.0054187244,0.011518848
-0.01583736,0.0140479235,0.010947903,0.0008946052,0.003757088,-0.00029973255,0.016406551,0.018130101,-0.0094794035,-0.0037973858,0.0018329826,-0.010235011,-0.015154759,0.007386979,0.018997634,0.007448165,0.00015694002,-0.018723289,-0.0018237144,0.00028820348,-0.0045562023,-0.020735385,-0.0070062024,-0.013525896,-0.004687285,0.003182461,-0.017545,-0.019460281,-0.009754676,0.011125533,0.009179794,0.025150761
-0.008927064,0.012080252,0.014254824,0.0011684903,-0.0031867498,0.008892878,0.009650002,0.009410463,-0.010662627,-0.018801272,0.008149287,-0.0049284496,-0.0065015643,-0.009570864,0.008381405,0.01233736,-0.0021446138,-0.0065452373,-0.01236047,0.01313729,0.015098985,-0.0014658356,-0.00877124,-0.0057819774,-0.012725225,0.0133246705,-0.009910518,0.003938649,0.014742111,0.0018045611,0.0054187244,0.011518848
-0.01583736,0.0140479235,0.010947903,0.0008946052,0.003757088,-0.00029973255,0.016406551,0.018130101,-0.0094794035,-0.0037973858,0.0018329826,-0.010235011,-0.015154759,0.007386979,0.018997634,0.007448165,0.00015694002,-0.018723289,-0.0018237144,0.00028820348,-0.0045562023,-0.020735385,-0.0070062024,-0.013525896,-0.004687285,0.003182461,-0.017545,-0.019460281,-0.009754676,0.011125533,0.009179794,0.025150761
-0.008927064,0.012080252,0.014254824,0.0011684903,-0.0031867498,0.008892878,0.009650002,0.009410463,-0.010662627,-0.018801272,0.008149287,-0.0049284496,-0.0065015643,-0.009570864,0.008381405,0.01233736,-0.0021446138,-0.0065452373,-0.01236047,0.01313729,0.015098985,-0.0014658356,-0.00877124,-0.0057819774,-0.012725225,0.0133246705,-0.009910518,0.003938649,0.014742111,0.0018045611,0.0054187244,0.011518848
0.10696478,0.17337514,0.28346294,0.058404125,0.42554802,0.33359304,0.24339351,0.2278319,0.09068829,0.004481646,-0.092239544,-0.57307774,-0.0784121,-0.72540706,0.06315607,-0.3565943,0.14287731,-0.28444076,0.017326243,0.30429986,-0.15064186,0.11426082,-0.29610127,-0.37664312,-0.05891981,0.1947056,-0.2362669,0.2235525,0.19319858,0.3214914,0.06277713,-0.29755378
-0.68976647,0.058767833,-0.10300178,-0.2203542,-0.049840257,-0.2212648,0.15818039,-0.03628171,-0.11410754,0.4935863,0.288505,0.2705491,-0.46270087,0.1696097,0.18451688,0.43692073,-0.43598878,0.39025867,-0.031088654,-0.30908102,0.040020883,0.033759564,-0.09233322,0.6294815,-0.22565262,0.09434527,-0.80889404,0.025522495,-0.23382261,0.21629985,0.16680972,-0.0788762
0.6182401,-0.44402283,-0.016622718,0.11446621,-0.28204507,0.49305993,-0.13738948,1.0696243,0.21559684,-0.070010066,-0.2453449,-0.53102225,0.16400008,-0.41683328,-0.13498567,-0.22758807,-0.04527991,-0.027303187,0.008379716,0.08276204,0.12571122,-0.14814699,-0.29347447,-0.28238288,-0.02315369,-0.26116267,-0.33641428,-0.07859898,0.29200357,0.36245137,0.37945035,0.016981967
-0.031755596,-0.69529784,0.30236477,0.6539408,0.19424137,0.16197062,0.19672124,-0.2920142,0.19723429,-0.5570571,-0.059028044,0.75957763,-0.31130278,0.00814568,-0.3433022,0.61813146,0.10277942,-0.30149665,-0.28144658,-0.2706831,0.057543438,-0.16845694,-0.08770892,-0.40778235,-0.42821494,-0.44275564,-0.47597376,-0.054711338,0.20341572,-0.2640726,0.22784437,0.13751344
-0.3033074,-0.4624442,-0.0013382202,-0.0071252957,-0.31898695,0.012193692,0.3035537,0.6189649,0.4698055,-0.36046565,0.25381047,-0.49193773,0.1918156,0.0055400655,-0.050176404,-0.15358326,-0.23638575,0.034417987,-0.37498787,-0.44400606,0.20938951,-0.1973752,0.025686637,-0.09488179,-0.12238039,-0.2048784,-0.083556995,-0.0009781979,0.108486176,-0.022562834,0.26824856,-0.1874156
-0.0529169,0.52054876,0.013115928,-0.07829729,0.21061717,0.21417297,0.5978843,-0.25236005,0.1820536,0.43803918,0.05645059,0.24268502,-0.13409323,0.18073644,0.24044368,0.08919945,-0.06876356,0.45711064,0.022335092,-0.28832042,0.06731461,-0.10533158,0.24030733,-0.13849127,-0.23506078,-0.13741392,-0.10152084,0.11437844,0.20154706,0.005618864,0.25286904,-0.16805278
-0.01583736,0.0140479235,0.010947903,0.0008946052,0.003757088,-0.00029973255,0.016406551,0.018130101,-0.0094794035,-0.0037973858,0.0018329826,-0.010235011,-0.015154759,0.007386979,0.018997634,0.007448165,0.00015694002,-0.018723289,-0.0018237144,0.00028820348,-0.0045562023,-0.020735385,-0.0070062024,-0.013525896,-0.004687285,0.003182461,-0.017545,-0.019460281,-0.009754676,0.011125533,0.009179794,0.025150761
-0.008927064,0.012080252,0.014254824,0.0011684903,-0.0031867498,0.008892878,0.009650002,0.009410463,-0.010662627,-0.018801272,0.008149287,-0.0049284496,-0.0065015643,-0.009570864,0.008381405,0.01233736,-0.0021446138,-0.0065452373,-0.01236047,0.01313729,0.015098985,-0.0014658356,-0.00877124,-0.0057819774,-0.012725225,0.0133246705,-0.009910518,0.003938649,0.014742111,0.0018045611,0.0054187244,0.011518848
-0.01583736,0.0140479235,0.010947903,0.0008946052,0.003757088,-0.00029973255,0.016406551,0.018130101,-0.0094794035,-0.0037973858,0.0018329826,-0.010235011,-0.015154759,0.007386979,0.018997634,0.007448165,0.00015694002,-0.018723289,-0.0018237144,0.00028820348,-0.0045562023,-0.020735385,-0.0070062024,-0.013525896,-0.004687285,0.003182461,-0.017545,-0.019460281,-0.009754676,0.011125533,0.009179794,0.025150761
-0.008927064,0.012080252,0.014254824,0.0011684903,-0.0031867498,0.008892878,0.009650002,0.009410463,-0.010662627,-0.018801272,0.008149287,-0.0049284496,-0.0065015643,-0.009570864,0.008381405,0.01233736,-0.0021446138,-0.0065452373,-0.01236047,0.01313729,0.015098985,-0.0014658356,-0.00877124,-0.0057819774,-0.012725225,0.0133246705,-0.009910518,0.003938649,0.014742111,0.0018045611,0.0054187244,0.011518848
-0.01583736,0.0140479235,0.010947903,0.0008946052,0.003757088,-0.00029973255,0.016406551,0.018130101,-0.0094794035,-0.0037973858,0.0018329826,-0.010235011,-0.015154759,0.007386979,0.018997634,0.007448165,0.00015694002,-0.018723289,-0.0018237144,0.00028820348,-0.0045562023,-0.020735385,-0.0070062024,-0.013525896,-0.004687285,0.003182461,-0.017545,-0.019460281,-0.009754676,0.011125533,0.009179794,0.025150761
-0.008927064,0.012080252,0.014254824,0.0011684903,-0.0031867498,0.008892878,0.009650002,0.009410463,-0.010662627,-0.018801272,0.008149287,-0.0049284496,-0.0065015643,-0.009570864,0.008381405,0.01233736,-0.0021446138,-0.0065452373,-0.01236047,0.01313729,0.015098985,-0.0014658356,-0.00877124,-0.0057819774,-0.012725225,0.0133246705,-0.009910518,0.003938649,0.014742111,0.0018045611,0.0054187244,0.011518848
-0.01583736,0.0140479235,0.010947903,0.0008946052,0.003757088,-0.00029973255,0.016406551,0.018130101,-0.0094794035,-0.0037973858,0.0018329826,-0.010235011,-0.015154759,0.007386979,0.018997634,0.007448165,0.00015694002,-0.018723289,-0.0018237144,0.00028820348,-0.0045562023,-0.020735385,-0.0070062024,-0.013525896,-0.004687285,0.003182461,-0.017545,-0.019460281,-0.009754676,0.011125533,0.009179794,0.025150761
-0.008927064,0.012080252,0.014254824,0.0011684903,-0.0031867498,0.008892878,0.009650002,0.009410463,-0.010662627,-0.018801272,0.008149287,-0.0049284496,-0.0065015643,-0.009570864,0.008381405,0.01233736,-0.0021446138,-0.0065452373,-0.01236047,0.01313729,0.015098985,-0.0014658356,-0.00877124,-0.0057819774,-0.012725225,0.0133246705,-0.009910518,0.003938649,0.014742111,0.0018045611,0.0054187244,0.011518848
-0.01583736,0.0140479235,0.010947903,0.0008946052,0.003757088,-0.00029973255,0.016406551,0.018130101,-0.0094794035,-0.0037973858,0.0018329826,-0.010235011,-0.015154759,0.007386979,0.018997634,0.007448165,0.00015694002,-0.018723289,-0.0018237144,0.00028820348,-0.0045562023,-0.020735385,-0.0070062024,-0.013525896,-0.004687285,0.003182461,-0.017545,-0.019460281,-0.009754676,0.011125533,0.009179794,0.025150761
-0.008927064,0.012080252,0.014254824,0.0011684903,-0.0031867498,0.008892878,0.009650002,0.009410463,-0.010662627,-0.018801272,0.008149287,-0.0049284496,-0.0065015643,-0.009570864,0.008381405,0.01233736,-0.0021446138,-0.0065452373,-0.01236047,0.01313729,0.015098985,-0.0014658356,-0.00877124,-0.0057819774,-0.012725225,0.0133246705,-0.009910518,0.003938649,0.014742111,0.0018045611,0.0054187244,0.011518848
-0.01583736,0.0140479235,0.010947903,0.0008946052,0.003757088,-0.00029973255,0.016406551,0.018130101,-0.0094794035,-0.0037973858,0.0018329826,-0.010235011,-0.015154759,0.007386979,0.018997634,0.007448165,0.00015694002,-0.018723289,-0.0018237144,0.00028820348,-0.0045562023,-0.020735385,-0.0070062024,-0.013525896,-0.004687285,0.003182461,-0.017545,-0.019460281,-0.009754676,0.011125533,0.009179794,0.025150761
-0.008927064,0.012080252,0.014254824,0.0011684903,-0.0031867498,0.008892878,0.009650002,0.009410463,-0.010662627,-0.018801272,0.008149287,-0.0049284496,-0.0065015643,-0.009570864,0.008381405,0.01233736,-0.0021446138,-0.0065452373,-0.01236047,0.01313729,0.015098985,-0.0014658356,-0.00877124,-0.0057819774,-0.012725225,0.0133246705,-0.009910518,0.003938649,0.014742111,0.0018045611,0.0054187244,0.011518848
-0.01583736,0.0140479235,0.010947903,0.0008946052,0.003757088,-0.00029973255,0.016406551,0.018130101,-0.0094794035,-0.0037973858,0.0018329826,-0.010235011,-0.015154759,0.007386979,0.018997634,0.007448165,0.00015694002,-0.018723289,-0.0018237144,0.00028820348,-0.0045562023,-0.020735385,-0.0070062024,-0.013525896,-0.004687285,0.003182461,-0.017545,-0.019460281,-0.009754676,0.011125533,0.009179794,0.025150761
-0.008927064,0.012080252,0.014254824,0.0011684903,-0.0031867498,0.008892878,0.009650002,0.009410463,-0.010662627,-0.018801272,0.008149287,-0.0049284496,-0.0065015643,-0.009570864,0.008381405,0.01233736,-0.0021446138,-0.0065452373,-0.01236047,0.01313729,0.015098985,-0.0014658356,-0.00877124,-0.0057819774,-0.012725225,0.0133246705,-0.009910518,0.003938649,0.014742111,0.0018045611,0.0054187244,0.011518848
-0.01583736,0.0140479235,0.010947903,0.0008946052,0.003757088,-0.00029973255,0.016406551,0.018130101,-0.0094794035,-0.0037973858,0.0018329826,-0.010235011,-0.015154759,0.007386979,0.018997634,0.007448165,0.00015694002,-0.018723289,-0.0018237144,0.00028820348,-0.0045562023,-0.020735385,-0.0070062024,-0.013525896,-0.004687285,0.003182461,-0.017545,-0.019460281,-0.009754676,0.011125533,0.009179794,0.025150761
-0.008927064,0.012080252,0.014254824,0.0011684903,-0.0031867498,0.008892878,0.009650002,0.009410463,-0.010662627,-0.018801272,0.008149287,-0.0049284496,-0.0065015643,-0.009570864,0.008381405,0.01233736,-0.0021446138,-0.0065452373,-0.01236047,0.01313729,0.015098985,-0.0014658356,-0.00877124,-0.0057819774,-0.012725225,0.0133246705,-0.009910518,0.003938649,0.014742111,0.0018045611,0.0054187244,0.011518848
-0.01583736,0.0140479235,0.010947903,0.0008946052,0.003757088,-0.00029973255,0.016406551,0.018130101,-0.0094794035,-0.0037973858,0.0018329826,-0.010235011,-0.015154759,0.007386979,0.018997634,0.007448165,0.00015694002,-0.018723289,-0.0018237144,0.00028820348,-0.0045562023,-0.020735385,-0.0070062024,-0.013525896,-0.004687285,0.003182461,-0.017545,-0.019460281,-0.009754676,0.011125533,0.009179794,0.025150761
-0.008927064,0.012080252,0.014254824,0.0011684903,-0.0031867498,0.008892878,0.009650002,0.009410463,-0.010662627,-0.018801272,0.008149287,-0.0049284496,-0.0065015643,-0.009570864,0.008381405,0.01233736,-0.0021446138,-0.0065452373,-0.01236047,0.01313729,0.015098985,-0.0014658356,-0.00877124,-0.0057819774,-0.012725225,0.0133246705,-0.009910518,0.003938649,0.014742111,0.0018045611,0.0054187244,0.011518848
-0.01583736,0.0140479235,0.010947903,0.0008946052,0.003757088,-0.00029973255,0.016406551,0.018130101,-0.0094794035,-0.0037973858,0.0018329826,-0.010235011,-0.015154759,0.007386979,0.018997634,0.007448165,0.00015694002,-0.018723289,-0.0018237144,0.00028820348,-0.0045562023,-0.020735385,-0.0070062024,-0.013525896,-0.004687285,0.003182461,-0.017545,-0.019460281,-0.009754676,0.011125533,0.009179794,0.025150761
-0.008927064,0.012080252,0.014254824,0.0011684903,-0.0031867498,0.008892878,0.009650002,0.009410463,-0.010662627,-0.018801272,0.008149287,-0.0049284496,-0.0065015643,-0.009570864,0.008381405,0.01233736,-0.0021446138,-0.0065452373,-0.01236047,0.01313729,0.015098985,-0.0014658356,-0.00877124,-0.0057819774,-0.012725225,0.0133246705,-0.009910518,0.003938649,0.014742111,0.0018045611,0.0054187244,0.011518848
-0.01583736,0.0140479235,0.010947903,0.0008946052,0.003757088,-0.00029973255,0.016406551,0.018130101,-0.0094794035,-0.0037973858,0.0018329826,-0.010235011,-0.015154759,0.007386979,0.018997634,0.007448165,0.00015694002,-0.018723289,-0.0018237144,0.00028820348,-0.0045562023,-0.020735385,-0.0070062024,-0.013525896,-0.004687285,0.003182461,-0.017545,-0.019460281,-0.009754676,0.011125533,0.009179794,0.025150761
-0.008927064,0.012080252,0.014254824,0.0011684903,-0.0031867498,0.008892878,0.009650002,0.009410463,-0.010662627,-0.018801272,0.008149287,-0.0049284496,-0.0065015643,-0.009570864,0.008381405,0.01233736,-0.0021446138,-0.0065452373,-0.01236047,0.01313729,0.015098985,-0.0014658356,-0.00877124,-0.0057819774,-0.012725225,0.0133246705,-0.009910518,0.003938649,0.014742111,0.0018045611,0.0054187244,0.011518848
-0.01583736,0.0140479235,0.010947903,0.0008946052,0.003757088,-0.00029973255,0.016406551,0.018130101,-0.0094794035,-0.0037973858,0.0018329826,-0.010235011,-0.015154759,0.007386979,0.018997634,0.007448165,0.00015694002,-0.018723289,-0.0018237144,0.00028820348,-0.0045562023,-0.020735385,-0.0070062024,-0.013525896,-0.004687285,0.003182461,-0.017545,-0.019460281,-0.009754676,0.011125533,0.009179794,0.025150761
-0.008927064,0.012080252,0.014254824,0.0011684903,-0.0031867498,0.008892878,0.009650002,0.009410463,-0.010662627,-0.018801272,0.008149287,-0.0049284496,-0.0065015643,-0.009570864,0.008381405,0.01233736,-0.0021446138,-0.0065452373,-0.01236047,0.01313729,0.015098985,-0.0014658356,-0.00877124,-0.0057819774,-0.012725225,0.0133246705,-0.009910518,0.003938649,0.014742111,0.0018045611,0.0054187244,0.011518848
-0.01583736,0.0140479235,0.010947903,0.0008946052,0.003757088,-0.00029973255,0.016406551,0.018130101,-0.0094794035,-0.0037973858,0.0018329826,-0.010235011,-0.015154759,0.007386979,0.018997634,0.007448165,0.00015694002,-0.018723289,-0.0018237144,0.00028820348,-0.0045562023,-0.020735385,-0.0070062024,-0.013525896,-0.004687285,0.003182461,-0.017545,-0.019460281,-0.009754676,0.011125533,0.009179794,0.025150761
-0.008927064,0.012080252,0.014254824,0.0011684903,-0.0031867498,0.008892878,0.009650002,0.009410463,-0.010662627,-0.018801272,0.008149287,-0.0049284496,-0.0065015643,-0.009570864,0.008381405,0.01233736,-0.0021446138,-0.0065452373,-0.01236047,0.01313729,0.015098985,-0.0014658356,-0.00877124,-0.0057819774,-0.012725225,0.0133246705,-0.009910518,0.003938649,0.014742111,0.0018045611,0.0054187244,0.011518848
-0.01583736,0.0140479235,0.010947903,0.0008946052,0.003757088,-0.00029973255,0.016406551,0.018130101,-0.0094794035,-0.0037973858,0.0018329826,-0.010235011,-0.015154759,0.007386979,0.018997634,0.007448165,0.00015694002,-0.018723289,-0.0018237144,0.00028820348,-0.0045562023,-0.020735385,-0.0070062024,-0.013525896,-0.004687285,0.003182461,-0.017545,-0.019460281,-0.009754676,0.011125533,0.009179794,0.025150761
-0.008927064,0.012080252,0.014254824,0.0011684903,-0.0031867498,0.008892878,0.009650002,0.009410463,-0.010662627,-0.018801272,0.008149287,-0.0049284496,-0.0065015643,-0.009570864,0.008381405,0.01233736,-0.0021446138,-0.0065452373,-0.01236047,0.01313729,0.015098985,-0.0014658356,-0.00877124,-0.0057819774,-0.012725225,0.0133246705,-0.009910518,0.003938649,0.014742111,0.0018045611,0.0054187244,0.011518848
-0.01583736,0.0140479235,0.010947903,0.0008946052,0.003757088,-0.00029973255,0.016406551,0.018130101,-0.0094794035,-0.0037973858,0.0018329826,-0.010235011,-0.015154759,0.007386979,0.018997634,0.007448165,0.00015694002,-0.018723289,-0.0018237144,0.00028820348,-0.0045562023,-0.020735385,-0.0070062024,-0.013525896,-0.004687285,0.003182461,-0.017545,-0.019460281,-0.009754676,0.011125533,0.009179794,0.025150761
-0.008927064,0.012080252,0.014254824,0.0011684903,-0.0031867498,0.008892878,0.009650002,0.009410463,-0.010662627,-0.018801272,0.008149287,-0.0049284496,-0.0065015643,-0.009570864,0.008381405,0.01233736,-0.0021446138,-0.0065452373,-0.01236047,0.01313729,0.015098985,-0.0014658356,-0.00877124,-0.0057819774,-0.012725225,0.0133246705,-0.009910518,0.003938649,0.014742111,0.0018045611,0.0054187244,0.011518848
-0.01583736,0.0140479235,0.010947903,0.0008946052,0.003757088,-0.00029973255,0.016406551,0.018130101,-0.0094794035,-0.0037973858,0.0018329826,-0.010235011,-0.015154759,0.007386979,0.018997634,0.007448165,0.00015694002,-0.018723289,-0.0018237144,0.00028820348,-0.0045562023,-0.020735385,-0.0070062024,-0.013525896,-0.004687285,0.003182461,-0.017545,-0.019460281,-0.009754676,0.011125533,0.009179794,0.025150761
-0.008927064,0.012080252,0.014254824,0.0011684903,-0.0031867498,0.008892878,0.009650002,0.009410463,-0.010662627,-0.018801272,0.008149287,-0.0049284496,-0.0065015643,-0.009570864,0.008381405,0.01233736,-0.0021446138,-0.0065452373,-0.01236047,0.01313729,0.015098985,-0.0014658356,-0.00877124,-0.0057819774,-0.012725225,0.0133246705,-0.009910518,0.003938649,0.014742111,0.0018045611,0.0054187244,0.011518848
-0.01583736,0.0140479235,0.010947903,0.0008946052,0.003757088,-0.00029973255,0.016406551,0.018130101,-0.0094794035,-0.0037973858,0.0018329826,-0.010235011,-0.015154759,0.007386979,0.018997634,0.007448165,0.00015694002,-0.018723289,-0.0018237144,0.00028820348,-0.0045562023,-0.020735385,-0.0070062024,-0.013525896,-0.004687285,0.003182461,-0.017545,-0.019460281,-0.009754676,0.011125533,0.009179794,0.025150761
-0.008927064,0.012080252,0.014254824,0.0011684903,-0.0031867498,0.008892878,0.009650002,0.009410463,-0.010662627,-0.018801272,0.008149287,-0.0049284496,-0.0065015643,-0.009570864,0.008381405,0.01233736,-0.0021446138,-0.0065452373,-0.01236047,0.01313729,0.015098985,-0.0014658356,-0.00877124,-0.0057819774,-0.012725225,0.0133246705,-0.009910518,0.003938649,0.014742111,0.0018045611,0.0054187244,0.011518848
-0.01583736,0.0140479235,0.010947903,0.0008946052,0.003757088,-0.00029973255,0.016406551,0.018130101,-0.0094794035,-0.0037973858,0.0018329826,-0.010235011,-0.015154759,0.007386979,0.018997634,0.007448165,0.00015694002,-0.018723289,-0.0018237144,0.00028820348,-0.0045562023,-0.020735385,-0.0070062024,-0.013525896,-0.004687285,0.003182461,-0.017545,-0.019460281,-0.009754676,0.011125533,0.009179794,0.025150761
-0.008927064,0.012080252,0.014254824,0.0011684903,-0.0031867498,0.008892878,0.009650002,0.009410463,-0.010662627,-0.018801272,0.008149287,-0.0049284496,-0.0065015643,-0.009570864,0.008381405,0.01233736,-0.0021446138,-0.0065452373,-0.01236047,0.01313729,0.015098985,-0.0014658356,-0.00877124,-0.0057819774,-0.012725225,0.0133246705,-0.009910518,0.003938649,0.014742111,0.0018045611,0.0054187244,0.011518848
-0.01583736,0.0140479235,0.010947903,0.0008946052,0.003757088,-0.00029973255,0.016406551,0.018130101,-0.0094794035,-0.0037973858,0.0018329826,-0.010235011,-0.015154759,0.007386979,0.018997634,0.007448165,0.00015694002,-0.018723289,-0.0018237144,0.00028820348,-0.0045562023,-0.020735385,-0.0070062024,-0.013525896,-0.004687285,0.003182461,-0.017545,-0.019460281,-0.009754676,0.011125533,0.009179794,0.025150761
-0.008927064,0.012080252,0.014254824,0.0011684903,-0.0031867498,0.008892878,0.009650002,0.009410463,-0.010662627,-0.018801272,0.008149287,-0.0049284496,-0.0065015643,-0.009570864,0.008381405,0.01233736,-0.0021446138,-0.0065452373,-0.01236047,0.01313729,0.015098985,-0.0014658356,-0.00877124,-0.0057819774,-0.012725225,0.0133246705,-0.009910518,0.003938649,0.014742111,0.0018045611,0.0054187244,0.011518848
-0.01583736,0.0140479235,0.010947903,0.0008946052,0.003757088,-0.00029973255,0.016406551,0.018130101,-0.0094794035,-0.0037973858,0.0018329826,-0.010235011,-0.015154759,0.007386979,0.018997634,0.007448165,0.00015694002,-0.018723289,-0.0018237144,0.00028820348,-0.0045562023,-0.020735385,-0.0070062024,-0.013525896,-0.004687285,0.003182461,-0.017545,-0.019460281,-0.009754676,0.011125533,0.009179794,0.025150761
-0.008927064,0.012080252,0.014254824,0.0011684903,-0.0031867498,0.008892878,0.009650002,0.009410463,-0.010662627,-0.018801272,0.008149287,-0.0049284496,-0.0065015643,-0.009570864,0.008381405,0.01233736,-0.0021446138,-0.0065452373,-0.01236047,0.01313729,0.015098985,-0.0014658356,-0.00877124,-0.0057819774,-0.012725225,0.0133246705,-0.009910518,0.003938649,0.014742111,0.0018045611,0.0054187244,0.011518848
-0.01583736,0.0140479235,0.010947903,0.0008946052,0.003757088,-0.00029973255,0.016406551,0.018130101,-0.0094794035,-0.0037973858,0.0018329826,-0.010235011,-0.015154759,0.007386979,0.018997634,0.007448165,0.00015694002,-0.018723289,-0.0018237144,0.00028820348,-0.0045562023,-0.020735385,-0.0070062024,-0.013525896,-0.004687285,0.003182461,-0.017545,-0.019460281,-0.009754676,0.011125533,0.009179794,0.025150761
-0.008927064,0.012080252,0.014254824,0.0011684903,-0.0031867498,0.008892878,0.009650002,0.009410463,-0.010662627,-0.018801272,0.008149287,-0.0049284496,-0.0065015643,-0.009570864,0.008381405,0.01233736,-0.0021446138,-0.0065452373,-0.01236047,0.01313729,0.015098985,-0.0014658356,-0.00877124,-0.0057819774,-0.012725225,0.0133246705,-0.009910518,0.003938649,0.014742111,0.0018045611,0.0054187244,0.011518848
-0.01583736,0.0140479235,0.010947903,0.0008946052,0.003757088,-0.00029973255,0.016406551,0.018130101,-0.0094794035,-0.0037973858,0.0018329826,-0.010235011,-0.015154759,0.007386979,0.018997634,0.007448165,0.00015694002,-0.018723289,-0.0018237144,0.00028820348,-0.0045562023,-0.020735385,-0.0070062024,-0.013525896,-0.004687285,0.003182461,-0.017545,-0.019460281,-0.009754676,0.011125533,0.009179794,0.025150761
-0.008927064,0.012080252,0.014254824,0.0011684903,-0.0031867498,0.008892878,0.009650002,0.009410463,-0.010662627,-0.018801272,0.008149287,-0.0049284496,-0.0065015643,-0.009570864,0.008381405,0.01233736,-0.0021446138,-0.0065452373,-0.01236047,0.01313729,0.015098985,-0.0014658356,-0.00877124,-0.0057819774,-0.012725225,0.0133246705,-0.009910518,0.003938649,0.014742111,0.0018045611,0.0054187244,0.011518848
-0.01583736,0.0140479235,0.010947903,0.0008946052,0.003757088,-0.00029973255,0.016406551,0.018130101,-0.0094794035,-0.0037973858,0.0018329826,-0.010235011,-0.015154759,0.007386979,0.018997634,0.007448165,0.00015694002,-0.018723289,-0.0018237144,0.00028820348,-0.0045562023,-0.020735385,-0.0070062024,-0.013525896,-0.004687285,0.003182461,-0.017545,-0.019460281,-0.009754676,0.011125533,0.009179794,0.025150761
-0.008927064,0.012080252,0.014254824,0.0011684903,-0.0031867498,0.008892878,0.009650002,0.009410463,-0.010662627,-0.018801272,0.008149287,-0.0049284496,-0.0065015643,-0.009570864,0.008381405,0.01233736,-0.0021446138,-0.0065452373,-0.01236047,0.01313729,0.015098985,-0.0014658356,-0.00877124,-0.0057819774,-0.012725225,0.0133246705,-0.009910518,0.003938649,0.014742111,0.0018045611,0.0054187244,0.011518848
-0.01583736,0.0140479235,0.010947903,0.0008946052,0.003757088,-0.00029973255,0.016406551,0.018130101,-0.0094794035,-0.0037973858,0.0018329826,-0.010235011,-0.015154759,0.007386979,0.018997634,0.007448165,0.00015694002,-0.018723289,-0.0018237144,0.00028820348,-0.0045562023,-0.020735385,-0.0070062024,-0.013525896,-0.004687285,0.003182461,-0.017545,-0.019460281,-0.009754676,0.011125533,0.009179794,0.025150761
-0.008927064,0.012080252,0.014254824,0.0011684903,-0.0031867498,0.008892878,0.009650002,0.009410463,-0.010662627,-0.018801272,0.008149287,-0.0049284496,-0.0065015643,-0.009570864,0.008381405,0.01233736,-0.0021446138,-0.0065452373,-0.01236047,0.01313729,0.015098985,-0.0014658356,-0.00877124,-0.0057819774,-0.012725225,0.0133246705,-0.009910518,0.003938649,0.014742111,0.0018045611,0.0054187244,0.011518848
-0.01583736,0.0140479235,0.010947903,0.0008946052,0.003757088,-0.00029973255,0.016406551,0.018130101,-0.0094794035,-0.0037973858,0.0018329826,-0.010235011,-0.015154759,0.007386979,0.018997634,0.007448165,0.00015694002,-0.018723289,-0.0018237144,0.00028820348,-0.0045562023,-0.020735385,-0.0070062024,-0.013525896,-0.004687285,0.003182461,-0.017545,-0.019460281,-0.009754676,0.011125533,0.009179794,0.025150761
-0.008927064,0.012080252,0.014254824,0.0011684903,-0.0031867498,0.008892878,0.009650002,0.009410463,-0.010662627,-0.018801272,0.008149287,-0.0049284496,-0.0065015643,-0.009570864,0.008381405,0.01233736,-0.0021446138,-0.0065452373,-0.01236047,0.01313729,0.015098985,-0.0014658356,-0.00877124,-0.0057819774,-0.012725225,0.0133246705,-0.009910518,0.003938649,0.014742111,0.0018045611,0.0054187244,0.011518848
-0.01583736,0.0140479235,0.010947903,0.0008946052,0.003757088,-0.00029973255,0.016406551,0.018130101,-0.0094794035,-0.0037973858,0.0018329826,-0.010235011,-0.015154759,0.007386979,0.018997634,0.007448165,0.00015694002,-0.018723289,-0.0018237144,0.00028820348,-0.0045562023,-0.020735385,-0.0070062024,-0.013525896,-0.004687285,0.003182461,-0.017545,-0.019460281,-0.009754676,0.011125533,0.009179794,0.025150761
-0.008927064,0.012080252,0.014254824,0.0011684903,-0.0031867498,0.008892878,0.009650002,0.009410463,-0.010662627,-0.018801272,0.008149287,-0.0049284496,-0.0065015643,-0.009570864,0.008381405,0.01233736,-0.0021446138,-0.0065452373,-0.01236047,0.01313729,0.015098985,-0.0014658356,-0.00877124,-0.0057819774,-0.012725225,0.0133246705,-0.009910518,0.003938649,0.014742111,0.0018045611,0.0054187244,0.011518848
-0.01583736,0.0140479235,0.010947903,0.0008946052,0.003757088,-0.00029973255,0.016406551,0.018130101,-0.0094794035,-0.0037973858,0.0018329826,-0.010235011,-0.015154759,0.007386979,0.018997634,0.007448165,0.00015694002,-0.018723289,-0.0018237144,0.00028820348,-0.0045562023,-0.020735385,-0.0070062024,-0.013525896,-0.004687285,0.003182461,-0.017545,-0.019460281,-0.009754676,0.011125533,0.009179794,0.025150761
-0.008927064,0.012080252,0.014254824,0.0011684903,-0.0031867498,0.008892878,0.009650002,0.009410463,-0.010662627,-0.018801272,0.008149287,-0.0049284496,-0.0065015643,-0.009570864,0.008381405,0.01233736,-0.0021446138,-0.0065452373,-0.01236047,0.01313729,0.015098985,-0.0014658356,-0.00877124,-0.0057819774,-0.012725225,0.0133246705,-0.009910518,0.003938649,0.014742111,0.0018045611,0.0054187244,0.011518848
-0.01583736,0.0140479235,0.010947903,0.0008946052,0.003757088,-0.00029973255,0.016406551,0.018130101,-0.0094794035,-0.0037973858,0.0018329826,-0.010235011,-0.015154759,0.007386979,0.018997634,0.007448165,0.00015694002,-0.018723289,-0.0018237144,0.00028820348,-0.0045562023,-0.020735385,-0.0070062024,-0.013525896,-0.004687285,0.003182461,-0.017545,-0.019460281,-0.009754676,0.011125533,0.009179794,0.025150761
-0.008927064,0.012080252,0.014254824,0.0011684903,-0.0031867498,0.008892878,0.009650002,0.009410463,-0.010662627,-0.018801272,0.008149287,-0.0049284496,-0.0065015643,-0.009570864,0.008381405,0.01233736,-0.0021446138,-0.0065452373,-0.01236047,0.01313729,0.015098985,-0.0014658356,-0.00877124,-0.0057819774,-0.012725225,0.0133246705,-0.009910518,0.003938649,0.014742111,0.0018045611,0.0054187244,0.011518848
0.3079209,0.50822014,0.28417405,0.53442603,0.17150535,0.78195703,0.34414423,0.28425738,0.4828127,0.32373345,-0.24396001,-0.37290934,0.34258682,-0.84555155,-0.07207927,-0.7036075,0.41983798,-0.86320853,0.010411726,0.36107287,-0.41045487,0.12781388,-0.7220313,-0.35815436,0.057429604,0.24387138,-0.1612074,0.21308501,0.30380833,0.53317016,0.16708697,-0.3273784
-0.89147514,-0.24149978,0.22783118,0.12927277,0.105390415,0.54132485,0.08149667,-0.57552695,0.100247726,-0.31598797,0.10281498,-0.25728363,-0.16160214,0.6035568,0.079092294,0.030806798,-0.11052976,0.3737559,-0.10863331,-0.4785837,0.39600807,-0.23891617,-0.5486415,-0.075200364,-0.15281984,-0.2628667,-0.3083364,0.22936994,0.14377764,0.02225005,0.39017946,0.021340642
0.6217899,-0.1642249,-0.21078128,-0.33093673,-0.029832115,0.45177624,0.20455816,0.81124115,0.09136729,-0.5420513,-0.37451035,-0.7157302,0.7049728,-0.5873259,0.09216196,-0.09774983,-0.35049617,-0.003411457,0.04177285,0.060028553,0.13328123,0.1231841,-0.33184123,-0.19463027,0.05996561,-0.21744798,-0.62629926,0.049645014,0.36286452,0.19620633,0.4374856,-0.16531347
-0.37797624,0.11167686,0.2506591,0.37449875,0.15954179,0.23632227,0.03819793,-0.061889485,0.09526466,-0.5669752,0.043426566,0.43377864,-0.5653962,0.1529619,-0.07187198,0.2841654,-0.4897869,-0.06306183,0.020572739,-0.13121913,0.22525722,0.21458769,0.3471951,-0.4034501,-0.09264421,0.0144918645,-0.50045365,-0.2289915,0.14004776,-0.2797836,0.3082514,0.07425886
0.3936122,-0.39593947,-0.21723196,-0.32898656,-0.22069815,0.019073382,0.19071881,0.4862963,0.37835068,-0.4434993,-0.05124572,-0.42380932,0.36100104,0.2604746,-0.07996263,0.10167629,-0.41508514,0.23696147,0.168323,-0.2160663,0.14592771,-0.3475292,-0.13830501,-0.39168555,0.24627993,-0.3111958,-0.3517335,-0.27092844,0.3626021,-0.12823543,0.47400892,0.079219386
0.025162237,0.30841768,0.14870608,0.16167992,0.38438255,-0.06906329,0.5852743,-0.42570668,-0.08116866,0.12960596,0.34268963,-0.105663545,-0.07220628,0.28581446,-0.14510745,-0.20858513,-0.05003359,0.17944759,-0.3359589,-0.27631766,0.14217047,0.16872902,0.11030522,-0.060073726,-0.104473695,-0.2279779,-0.05299244,-0.30148137,0.42727277,0.08615603,0.1312896,-0.058949713
-0.01583736,0.0140479235,0.010947903,0.0008946052,0.003757088,-0.00029973255,0.016406551,0.018130101,-0.0094794035,-0.0037973858,0.0018329826,-0.010235011,-0.015154759,0.007386979,0.018997634,0.007448165,0.00015694002,-0.018723289,-0.0018237144,0.00028820348,-0.0045562023,-0.020735385,-0.0070062024,-0.013525896,-0.004687285,0.003182461,-0.017545,-0.019460281,-0.009754676,0.011125533,0.009179794,0.025150761
-0.008927064,0.012080252,0.014254824,0.0011684903,-0.0031867498,0.008892878,0.009650002,0.009410463,-0.010662627,-0.018801272,0.008149287,-0.0049284496,-0.0065015643,-0.009570864,0.008381405,0.01233736,-0.0021446138,-0.0065452373,-0.01236047,0.01313729,0.015098985,-0.0014658356,-0.00877124,-0.0057819774,-0.012725225,0.0133246705,-0.009910518,0.003938649,0.014742111,0.0018045611,0.0054187244,0.011518848
-0.01583736,0.0140479235,0.010947903,0.0008946052,0.003757088,-0.00029973255,0.016406551,0.018130101,-0.0094794035,-0.0037973858,0.0018329826,-0.010235011,-0.015154759,0.007386979,0.018997634,0.007448165,0.00015694002,-0.018723289,-0.0018237144,0.00028820348,-0.0045562023,-0.020735385,-0.0070062024,-0.013525896,-0.004687285,0.003182461,-0.017545,-0.019460281,-0.009754676,0.011125533,0.009179794,0.025150761
-0.008927064,0.012080252,0.014254824,0.0011684903,-0.0031867498,0.008892878,0.009650002,0.009410463,-0.010662627,-0.018801272,0.008149287,-0.0049284496,-0.0065015643,-0.009570864,0.008381405,0.01233736,-0.0021446138,-0.0065452373,-0.01236047,0.01313729,0.015098985,-0.0014658356,-0.00877124,-0.0057819774,-0.012725225,0.0133246705,-0.009910518,0.003938649,0.014742111,0.0018045611,0.0054187244,0.011518848
-0.01583736,0.0140479235,0.010947903,0.0008946052,0.003757088,-0.00029973255,0.016406551,0.018130101,-0.0094794035,-0.0037973858,0.0018329826,-0.010235011,-0.015154759,0.007386979,0.018997634,0.007448165,0.00015694002,-0.018723289,-0.0018237144,0.00028820348,-0.0045562023,-0.020735385,-0.0070062024,-0.013525896,-0.004687285,0.003182461,-0.017545,-0.019460281,-0.009754676,0.011125533,0.009179794,0.025150761
-0.008927064,0.012080252,0.014254824,0.0011684903,-0.0031867498,0.008892878,0.009650002,0.009410463,-0.010662627,-0.018801272,0.008149287,-0.0049284496,-0.0065015643,-0.009570864,0.008381405,0.01233736,-0.0021446138,-0.0065452373,-0.01236047,0.01313729,0.015098985,-0.0014658356,-0.00877124,-0.0057819774,-0.012725225,0.0133246705,-0.009910518,0.003938649,0.014742111,0.0018045611,0.0054187244,0.011518848
-0.01583736,0.0140479235,0.010947903,0.0008946052,0.003757088,-0.00029973255,0.016406551,0.018130101,-0.0094794035,-0.0037973858,0.0018329826,-0.010235011,-0.015154759,0.007386979,0.018997634,0.007448165,0.00015694002,-0.018723289,-0.0018237144,0.00028820348,-0.0045562023,-0.020735385,-0.0070062024,-0.013525896,-0.004687285,0.003182461,-0.017545,-0.019460281,-0.009754676,0.011125533,0.009179794,0.025150761
-0.008927064,0.012080252,0.014254824,0.0011684903,-0.0031867498,0.008892878,0.009650002,0.009410463,-0.010662627,-0.018801272,0.008149287,-0.0049284496,-0.0065015643,-0.009570864,0.008381405,0.01233736,-0.0021446138,-0.0065452373,-0.01236047,0.01313729,0.015098985,-0.0014658356,-0.00877124,-0.0057819774,-0.012725225,0.0133246705,-0.009910518,0.003938649,0.014742111,0.0018045611,0.0054187244,0.011518848
-0.01583736,0.0140479235,0.010947903,0.0008946052,0.003757088,-0.00029973255,0.016406551,0.018130101,-0.0094794035,-0.0037973858,0.0018329826,-0.010235011,-0.015154759,0.007386979,0.018997634,0.007448165,0.00015694002,-0.018723289,-0.0018237144,0.00028820348,-0.0045562023,-0.020735385,-0.0070062024,-0.013525896,-0.004687285,0.003182461,-0.017545,-0.019460281,-0.009754676,0.011125533,0.009179794,0.025150761
-0.008927064,0.012080252,0.014254824,0.0011684903,-0.0031867498,0.008892878,0.009650002,0.009410463,-0.010662627,-0.018801272,0.008149287,-0.0049284496,-0.0065015643,-0.009570864,0.008381405,0.01233736,-0.0021446138,-0.0065452373,-0.01236047,0.01313729,0.015098985,-0.0014658356,-0.00877124,-0.0057819774,-0.012725225,0.0133246705,-0.009910518,0.003938649,0.014742111,0.0018045611,0.0054187244,0.011518848
-0.01583736,0.0140479235,0.010947903,0.0008946052,0.003757088,-0.00029973255,0.016406551,0.018130101,-0.0094794035,-0.0037973858,0.0018329826,-0.010235011,-0.015154759,0.007386979,0.018997634,0.007448165,0.00015694002,-0.018723289,-0.0018237144,0.00028820348,-0.0045562023,-0.020735385,-0.0070062024,-0.013525896,-0.004687285,0.003182461,-0.017545,-0.019460281,-0.009754676,0.011125533,0.009179794,0.025150761
-0.008927064,0.012080252,0.014254824,0.0011684903,-0.0031867498,0.008892878,0.009650002,0.009410463,-0.010662627,-0.018801272,0.008149287,-0.0049284496,-0.0065015643,-0.009570864,0.008381405,0.01233736,-0.0021446138,-0.0065452373,-0.01236047,0.01313729,0.015098985,-0.0014658356,-0.00877124,-0.0057819774,-0.012725225,0.0133246705,-0.009910518,0.003938649,0.014742111,0.0018045611,0.0054187244,0.011518848
-0.01583736,0.0140479235,0.010947903,0.0008946052,0.003757088,-0.00029973255,0.016406551,0.018130101,-0.0094794035,-0.0037973858,0.0018329826,-0.010235011,-0.015154759,0.007386979,0.018997634,0.007448165,0.00015694002,-0.018723289,-0.0018237144,0.00028820348,-0.0045562023,-0.020735385,-0.0070062024,-0.013525896,-0.004687285,0.003182461,-0.017545,-0.019460281,-0.009754676,0.011125533,0.009179794,0.025150761
-0.008927064,0.012080252,0.014254824,0.0011684903,-0.0031867498,0.008892878,0.009650002,0.009410463,-0.010662627,-0.018801272,0.008149287,-0.0049284496,-0.0065015643,-0.009570864,0.008381405,0.01233736,-0.0021446138,-0.0065452373,-0.01236047,0.01313729,0.015098985,-0.0014658356,-0.00877124,-0.0057819774,-0.012725225,0.0133246705,-0.009910518,0.003938649,0.014742111,0.0018045611,0.0054187244,0.011518848
-0.01583736,0.0140479235,0.010947903,0.0008946052,0.003757088,-0.00029973255,0.016406551,0.018130101,-0.0094794035,-0.0037973858,0.0018329826,-0.010235011,-0.015154759,0.007386979,0.018997634,0.007448165,0.00015694002,-0.018723289,-0.0018237144,0.00028820348,-0.0045562023,-0.020735385,-0.0070062024,-0.013525896,-0.004687285,0.003182461,-0.017545,-0.019460281,-0.009754676,0.011125533,0.009179794,0.025150761
-0.008927064,0.012080252,0.014254824,0.0011684903,-0.0031867498,0.008892878,0.009650002,0.009410463,-0.010662627,-0.018801272,0.008149287,-0.0049284496,-0.0065015643,-0.009570864,0.008381405,0.01233736,-0.0021446138,-0.0065452373,-0.01236047,0.01313729,0.015098985,-0.0014658356,-0.00877124,-0.0057819774,-0.012725225,0.0133246705,-0.009910518,0.003938649,0.014742111,0.0018045611,0.0054187244,0.011518848
-0.01583736,0.0140479235,0.010947903,0.0008946052,0.003757088,-0.00029973255,0.016406551,0.018130101,-0.0094794035,-0.0037973858,0.0018329826,-0.010235011,-0.015154759,0.007386979,0.018997634,0.007448165,0.00015694002,-0.018723289,-0.0018237144,0.00028820348,-0.0045562023,-0.020735385,-0.0070062024,-0.013525896,-0.004687285,0.003182461,-0.017545,-0.019460281,-0.009754676,0.011125533,0.009179794,0.025150761
-0.008927064,0.012080252,0.014254824,0.0011684903,-0.0031867498,0.008892878,0.009650002,0.009410463,-0.010662627,-0.018801272,0.008149287,-0.0049284496,-0.0065015643,-0.009570864,0.008381405,0.01233736,-0.0021446138,-0.0065452373,-0.01236047,0.01313729,0.015098985,-0.0014658356,-0.00877124,-0.0057819774,-0.012725225,0.0133246705,-0.009910518,0.003938649,0.014742111,0.0018045611,0.0054187244,0.011518848
-0.01583736,0.0140479235,0.010947903,0.0008946052,0.003757088,-0.00029973255,0.016406551,0.018130101,-0.0094794035,-0.0037973858,0.0018329826,-0.010235011,-0.015154759,0.007386979,0.018997634,0.007448165,0.00015694002,-0.018723289,-0.0018237144,0.00028820348,-0.0045562023,-0.020735385,-0.0070062024,-0.013525896,-0.004687285,0.003182461,-0.017545,-0.019460281,-0.009754676,0.011125533,0.009179794,0.025150761
-0.008927064,0.012080252,0.014254824,0.0011684903,-0.0031867498,0.008892878,0.009650002,0.009410463,-0.010662627,-0.018801272,0.008149287,-0.0049284496,-0.0065015643,-0.009570864,0.008381405,0.01233736,-0.0021446138,-0.0065452373,-0.01236047,0.01313729,0.015098985,-0.0014658356,-0.00877124,-0.0057819774,-0.012725225,0.0133246705,-0.009910518,0.003938649,0.014742111,0.0018045611,0.0054187244,0.011518848
-0.01583736,0.0140479235,0.010947903,0.0008946052,0.003757088,-0.00029973255,0.016406551,0.018130101,-0.0094794035,-0.0037973858,0.0018329826,-0.010235011,-0.015154759,0.007386979,0.018997634,0.007448165,0.00015694002,-0.018723289,-0.0018237144,0.00028820348,-0.0045562023,-0.020735385,-0.0070062024,-0.013525896,-0.004687285,0.003182461,-0.017545,-0.019460281,-0.009754676,0.011125533,0.009179794,0.025150761
-0.008927064,0.012080252,0.014254824,0.0011684903,-0.0031867498,0.008892878,0.009650002,0.009410463,-0.010662627,-0.018801272,0.008149287,-0.0049284496,-0.0065015643,-0.009570864,0.008381405,0.01233736,-0.0021446138,-0.0065452373,-0.01236047,0.01313729,0.015098985,-0.0014658356,-0.00877124,-0.0057819774,-0.012725225,0.0133246705,-0.009910518,0.003938649,0.014742111,0.0018045611,0.0054187244,0.011518848
-0.01583736,0.0140479235,0.010947903,0.0008946052,0.003757088,-0.00029973255,0.016406551,0.018130101,-0.0094794035,-0.0037973858,0.0018329826,-0.010235011,-0.015154759,0.007386979,0.018997634,0.007448165,0.00015694002,-0.018723289,-0.0018237144,0.00028820348,-0.0045562023,-0.020735385,-0.0070062024,-0.013525896,-0.004687285,0.003182461,-0.017545,-0.019460281,-0.009754676,0.011125533,0.009179794,0.025150761
-0.008927064,0.012080252,0.014254824,0.0011684903,-0.0031867498,0.008892878,0.009650002,0.009410463,-0.010662627,-0.018801272,0.008149287,-0.0049284496,-0.0065015643,-0.009570864,0.008381405,0.01233736,-0.0021446138,-0.0065452373,-0.01236047,0.01313729,0.015098985,-0.0014658356,-0.00877124,-0.0057819774,-0.012725225,0.0133246705,-0.009910518,0.003938649,0.014742111,0.0018045611,0.0054187244,0.011518848
-0.01583736,0.0140479235,0.010947903,0.0008946052,0.003757088,-0.00029973255,0.016406551,0.018130101,-0.0094794035,-0.0037973858,0.0018329826,-0.010235011,-0.015154759,0.007386979,0.018997634,0.007448165,0.00015694002,-0.018723289,-0.0018237144,0.00028820348,-0.0045562023,-0.020735385,-0.0070062024,-0.013525896,-0.004687285,0.003182461,-0.017545,-0.019460281,-0.009754676,0.011125533,0.009179794,0.025150761
-0.008927064,0.012080252,0.014254824,0.0011684903,-0.0031867498,0.008892878,0.009650002,0.009410463,-0.010662627,-0.018801272,0.008149287,-0.0049284496,-0.0065015643,-0.009570864,0.008381405,0.01233736,-0.0021446138,-0.0065452373,-0.01236047,0.01313729,0.015098985,-0.0014658356,-0.00877124,-0.0057819774,-0.012725225,0.0133246705,-0.009910518,0.003938649,0.014742111,0.0018045611,0.0054187244,0.011518848
-0.01583736,0.0140479235,0.010947903,0.0008946052,0.003757088,-0.00029973255,0.016406551,0.018130101,-0.0094794035,-0.0037973858,0.0018329826,-0.010235011,-0.015154759,0.007386979,0.018997634,0.007448165,0.00015694002,-0.018723289,-0.0018237144,0.00028820348,-0.0045562023,-0.020735385,-0.0070062024,-0.013525896,-0.004687285,0.003182461,-0.017545,-0.019460281,-0.009754676,0.011125533,0.009179794,0.025150761
-0.008927064,0.012080252,0.014254824,0.0011684903,-0.0031867498,0.008892878,0.009650002,0.009410463,-0.010662627,-0.018801272,0.008149287,-0.0049284496,-0.0065015643,-0.009570864,0.008381405,0.01233736,-0.0021446138,-0.0065452373,-0.01236047,0.01313729,0.015098985,-0.0014658356,-0.00877124,-0.0057819774,-0.012725225,0.0133246705,-0.009910518,0.003938649,0.014742111,0.0018045611,0.0054187244,0.011518848
-0.01583736,0.0140479235,0.010947903,0.0008946052,0.003757088,-0.00029973255,0.016406551,0.018130101,-0.0094794035,-0.0037973858,0.0018329826,-0.010235011,-0.015154759,0.007386979,0.018997634,0.007448165,0.00015694002,-0.018723289,-0.0018237144,0.00028820348,-0.0045562023,-0.020735385,-0.0070062024,-0.013525896,-0.004687285,0.003182461,-0.017545,-0.019460281,-0.009754676,0.011125533,0.009179794,0.025150761
-0.008927064,0.012080252,0.014254824,0.0011684903,-0.0031867498,0.008892878,0.009650002,0.009410463,-0.010662627,-0.018801272,0.008149287,-0.0049284496,-0.0065015643,-0.009570864,0.008381405,0.01233736,-0.0021446138,-0.0065452373,-0.01236047,0.01313729,0.015098985,-0.0014658356,-0.00877124,-0.0057819774,-0.012725225,0.0133246705,-0.009910518,0.003938649,0.014742111,0.0018045611,0.0054187244,0.011518848
-0.01583736,0.0140479235,0.010947903,0.0008946052,0.003757088,-0.00029973255,0.016406551,0.018130101,-0.0094794035,-0.0037973858,0.0018329826,-0.010235011,-0.015154759,0.007386979,0.018997634,0.007448165,0.00015694002,-0.018723289,-0.0018237144,0.00028820348,-0.0045562023,-0.020735385,-0.0070062024,-0.013525896,-0.004687285,0.003182461,-0.017545,-0.019460281,-0.009754676,0.011125533,0.009179794,0.025150761
-0.008927064,0.012080252,0.014254824,0.0011684903,-0.0031867498,0.008892878,0.009650002,0.009410463,-0.010662627,-0.018801272,0.008149287,-0.0049284496,-0.0065015643,-0.009570864,0.008381405,0.01233736,-0.0021446138,-0.0065452373,-0.01236047,0.01313729,0.015098985,-0.0014658356,-0.00877124,-0.0057819774,-0.012725225,0.0133246705,-0.009910518,0.003938649,0.014742111,0.0018045611,0.0054187244,0.011518848
-0.01583736,0.0140479235,0.010947903,0.0008946052,0.003757088,-0.00029973255,0.016406551,0.018130101,-0.0094794035,-0.0037973858,0.0018329826,-0.010235011,-0.015154759,0.007386979,0.018997634,0.007448165,0.00015694002,-0.018723289,-0.0018237144,0.00028820348,-0.0045562023,-0.020735385,-0.0070062024,-0.013525896,-0.004687285,0.003182461,-0.017545,-0.019460281,-0.009754676,0.011125533,0.009179794,0.025150761
-0.008927064,0.012080252,0.014254824,0.0011684903,-0.0031867498,0.008892878,0.009650002,0.009410463,-0.010662627,-0.018801272,0.008149287,-0.0049284496,-0.0065015643,-0.009570864,0.008381405,0.01233736,-0.0021446138,-0.0065452373,-0.01236047,0.01313729,0.015098985,-0.0014658356,-0.00877124,-0.0057819774,-0.012725225,0.0133246705,-0.009910518,0.003938649,0.014742111,0.0018045611,0.0054187244,0.011518848
-0.01583736,0.0140479235,0.010947903,0.0008946052,0.003757088,-0.00029973255,0.016406551,0.018130101,-0.0094794035,-0.0037973858,0.0018329826,-0.010235011,-0.015154759,0.007386979,0.018997634,0.007448165,0.00015694002,-0.018723289,-0.0018237144,0.00028820348,-0.0045562023,-0.020735385,-0.0070062024,-0.013525896,-0.004687285,0.003182461,-0.017545,-0.019460281,-0.009754676,0.011125533,0.009179794,0.025150761
-0.008927064,0.012080252,0.014254824,0.0011684903,-0.0031867498,0.008892878,0.009650002,0.009410463,-0.010662627,-0.018801272,0.008149287,-0.0049284496,-0.0065015643,-0.009570864,0.008381405,0.01233736,-0.0021446138,-0.0065452373,-0.01236047,0.01313729,0.015098985,-0.0014658356,-0.00877124,-0.0057819774,-0.012725225,0.0133246705,-0.009910518,0.003938649,0.014742111,0.0018045611,0.0054187244,0.011518848
-0.01583736,0.0140479235,0.010947903,0.0008946052,0.003757088,-0.00029973255,0.016406551,0.018130101,-0.0094794035,-0.0037973858,0.0018329826,-0.010235011,-0.015154759,0.007386979,0.018997634,0.007448165,0.00015694002,-0.018723289,-0.0018237144,0.00028820348,-0.0045562023,-0.020735385,-0.0070062024,-0.013525896,-0.004687285,0.003182461,-0.017545,-0.019460281,-0.009754676,0.011125533,0.009179794,0.025150761
-0.008927064,0.012080252,0.014254824,0.0011684903,-0.0031867498,0.008892878,0.009650002,0.009410463,-0.010662627,-0.018801272,0.008149287,-0.0049284496,-0.0065015643,-0.009570864,0.008381405,0.01233736,-0.0021446138,-0.0065452373,-0.01236047,0.01313729,0.015098985,-0.0014658356,-0.00877124,-0.0057819774,-0.012725225,0.0133246705,-0.009910518,0.003938649,0.014742111,0.0018045611,0.0054187244,0.011518848
-0.01583736,0.0140479235,0.010947903,0.0008946052,0.003757088,-0.00029973255,0.016406551,0.018130101,-0.0094794035,-0.0037973858,0.0018329826,-0.010235011,-0.015154759,0.007386979,0.018997634,0.007448165,0.00015694002,-0.018723289,-0.0018237144,0.00028820348,-0.0045562023,-0.020735385,-0.0070062024,-0.013525896,-0.004687285,0.003182461,-0.017545,-0.019460281,-0.009754676,0.011125533,0.009179794,0.025150761
-0.008927064,0.012080252,0.014254824,0.0011684903,-0.0031867498,0.008892878,0.009650002,0.009410463,-0.010662627,-0.018801272,0.008149287,-0.0049284496,-0.0065015643,-0.009570864,0.008381405,0.01233736,-0.0021446138,-0.0065452373,-0.01236047,0.01313729,0.015098985,-0.0014658356,-0.00877124,-0.0057819774,-0.012725225,0.0133246705,-0.009910518,0.003938649,0.014742111,0.0018045611,0.0054187244,0.011518848
-0.01583736,0.0140479235,0.010947903,0.0008946052,0.003757088,-0.00029973255,0.016406551,0.018130101,-0.0094794035,-0.0037973858,0.0018329826,-0.010235011,-0.015154759,0.007386979,0.018997634,0.007448165,0.00015694002,-0.018723289,-0.0018237144,0.00028820348,-0.0045562023,-0.020735385,-0.0070062024,-0.013525896,-0.004687285,0.003182461,-0.017545,-0.019460281,-0.009754676,0.011125533,0.009179794,0.025150761
-0.008927064,0.012080252,0.014254824,0.0011684903,-0.0031867498,0.008892878,0.009650002,0.009410463,-0.010662627,-0.018801272,0.008149287,-0.0049284496,-0.0065015643,-0.009570864,0.008381405,0.01233736,-0.0021446138,-0.0065452373,-0.01236047,0.01313729,0.015098985,-0.0014658356,-0.00877124,-0.0057819774,-0.012725225,0.0133246705,-0.009910518,0.003938649,0.014742111,0.0018045611,0.0054187244,0.011518848
-0.01583736,0.0140479235,0.010947903,0.0008946052,0.003757088,-0.00029973255,0.016406551,0.018130101,-0.0094794035,-0.0037973858,0.0018329826,-0.010235011,-0.015154759,0.007386979,0.018997634,0.007448165,0.00015694002,-0.018723289,-0.0018237144,0.00028820348,-0.0045562023,-0.020735385,-0.0070062024,-0.013525896,-0.004687285,0.003182461,-0.017545,-0.019460281,-0.009754676,0.011125533,0.009179794,0.025150761
-0.008927064,0.012080252,0.014254824,0.0011684903,-0.0031867498,0.008892878,0.009650002,0.009410463,-0.010662627,-0.018801272,0.008149287,-0.0049284496,-0.0065015643,-0.009570864,0.008381405,0.01233736,-0.0021446138,-0.0065452373,-0.01236047,0.01313729,0.015098985,-0.0014658356,-0.00877124,-0.0057819774,-0.012725225,0.0133246705,-0.009910518,0.003938649,0.014742111,0.0018045611,0.0054187244,0.011518848
-0.01583736,0.0140479235,0.010947903,0.0008946052,0.003757088,-0.00029973255,0.016406551,0.018130101,-0.0094794035,-0.0037973858,0.0018329826,-0.010235011,-0.015154759,0.007386979,0.018997634,0.007448165,0.00015694002,-0.018723289,-0.0018237144,0.00028820348,-0.0045562023,-0.020735385,-0.0070062024,-0.013525896,-0.004687285,0.003182461,-0.017545,-0.019460281,-0.009754676,0.011125533,0.009179794,0.025150761
-0.008927064,0.012080252,0.014254824,0.0011684903,-0.0031867498,0.008892878,0.009650002,0.009410463,-0.010662627,-0.018801272,0.008149287,-0.0049284496,-0.0065015643,-0.009570864,0.008381405,0.01233736,-0.0021446138,-0.0065452373,-0.01236047,0.01313729,0.015098985,-0.0014658356,-0.00877124,-0.0057819774,-0.012725225,0.0133246705,-0.009910518,0.003938649,0.014742111,0.0018045611,0.0054187244,0.011518848
-0.01583736,0.0140479235,0.010947903,0.0008946052,0.003757088,-0.00029973255,0.016406551,0.018130101,-0.0094794035,-0.0037973858,0.0018329826,-0.010235011,-0.015154759,0.007386979,0.018997634,0.007448165,0.00015694002,-0.018723289,-0.0018237144,0.00028820348,-0.0045562023,-0.020735385,-0.0070062024,-0.013525896,-0.004687285,0.003182461,-0.017545,-0.019460281,-0.009754676,0.011125533,0.009179794,0.025150761
-0.008927064,0.012080252,0.014254824,0.0011684903,-0.0031867498,0.008892878,0.009650002,0.009410463,-0.010662627,-0.018801272,0.008149287,-0.0049284496,-0.0065015643,-0.009570864,0.008381405,0.01233736,-0.0021446138,-0.0065452373,-0.01236047,0.01313729,0.015098985,-0.0014658356,-0.00877124,-0.0057819774,-0.012725225,0.0133246705,-0.009910518,0.003938649,0.014742111,0.0018045611,0.0054187244,0.011518848
-0.01583736,0.0140479235,0.010947903,0.0008946052,0.003757088,-0.00029973255,0.016406551,0.018130101,-0.0094794035,-0.0037973858,0.0018329826,-0.010235011,-0.015154759,0.007386979,0.018997634,0.007448165,0.00015694002,-0.018723289,-0.0018237144,0.00028820348,-0.0045562023,-0.020735385,-0.0070062024,-0.013525896,-0.004687285,0.003182461,-0.017545,-0.019460281,-0.009754676,0.011125533,0.009179794,0.025150761
-0.008927064,0.012080252,0.014254824,0.0011684903,-0.0031867498,0.008892878,0.009650002,0.009410463,-0.010662627,-0.018801272,0.008149287,-0.0049284496,-0.0065015643,-0.009570864,0.008381405,0.01233736,-0.0021446138,-0.0065452373,-0.01236047,0.01313729,0.015098985,-0.0014658356,-0.00877124,-0.0057819774,-0.012725225,0.0133246705,-0.009910518,0.003938649,0.014742111,0.0018045611,0.0054187244,0.011518848
-0.01583736,0.0140479235,0.010947903,0.0008946052,0.003757088,-0.00029973255,0.016406551,0.018130101,-0.0094794035,-0.0037973858,0.0018329826,-0.010235011,-0.015154759,0.007386979,0.018997634,0.007448165,0.00015694002,-0.018723289,-0.0018237144,0.00028820348,-0.0045562023,-0.020735385,-0.0070062024,-0.013525896,-0.004687285,0.003182461,-0.017545,-0.019460281,-0.009754676,0.011125533,0.009179794,0.025150761
-0.008927064,0.012080252,0.014254824,0.0011684903,-0.0031867498,0.008892878,0.009650002,0.009410463,-0.010662627,-0.018801272,0.008149287,-0.0049284496,-0.0065015643,-0.009570864,0.008381405,0.01233736,-0.0021446138,-0.0065452373,-0.01236047,0.01313729,0.015098985,-0.0014658356,-0.00877124,-0.0057819774,-0.012725225,0.0133246705,-0.009910518,0.003938649,0.014742111,0.0018045611,0.0054187244,0.011518848
-0.01583736,0.0140479235,0.010947903,0.0008946052,0.003757088,-0.00029973255,0.016406551,0.018130101,-0.0094794035,-0.0037973858,0.0018329826,-0.010235011,-0.015154759,0.007386979,0.018997634,0.007448165,0.00015694002,-0.018723289,-0.0018237144,0.00028820348,-0.0045562023,-0.020735385,-0.0070062024,-0.013525896,-0.004687285,0.003182461,-0.017545,-0.019460281,-0.009754676,0.011125533,0.009179794,0.025150761
-0.008927064,0.012080252,0.014254824,0.0011684903,-0.0031867498,0.008892878,0.009650002,0.009410463,-0.010662627,-0.018801272,0.008149287,-0.0049284496,-0.0065015643,-0.009570864,0.008381405,0.01233736,-0.0021446138,-0.0065452373,-0.01236047,0.01313729,0.015098985,-0.0014658356,-0.00877124,-0.0057819774,-0.012725225,0.0133246705,-0.009910518,0.003938649,0.014742111,0.0018045611,0.0054187244,0.011518848
-0.01583736,0.0140479235,0.010947903,0.0008946052,0.003757088,-0.00029973255,0.016406551,0.018130101,-0.0094794035,-0.0037973858,0.0018329826,-0.010235011,-0.015154759,0.007386979,0.018997634,0.007448165,0.00015694002,-0.018723289,-0.0018237144,0.00028820348,-0.0045562023,-0.020735385,-0.0070062024,-0.013525896,-0.004687285,0.003182461,-0.017545,-0.019460281,-0.009754676,0.011125533,0.009179794,0.025150761
-0.008927064,0.012080252,0.014254824,0.0011684903,-0.0031867498,0.008892878,0.009650002,0.009410463,-0.010662627,-0.018801272,0.008149287,-0.0049284496,-0.0065015643,-0.009570864,0.008381405,0.01233736,-0.0021446138,-0.0065452373,-0.01236047,0.01313729,0.015098985,-0.0014658356,-0.00877124,-0.0057819774,-0.012725225,0.0133246705,-0.009910518,0.003938649,0.014742111,0.0018045611,0.0054187244,0.011518848
0.4064062,-0.07149124,-0.14394483,0.09686446,0.7459193,-0.06000598,-0.107595205,-0.19094673,0.25794947,0.28273976,-0.14233059,-0.26906466,-0.1958398,-0.37958577,0.3286359,-0.082839325,0.024667444,-1.0748869,0.16270779,0.7047882,-0.59237105,0.2438474,-0.29686636,-0.54572296,-0.20884052,0.08854879,0.04274182,-0.046927452,-0.17342281,0.0018405151,-0.17346351,-0.02677675
-0.4174374,0.014008127,0.17144452,0.47144112,0.27492058,0.14406057,-0.5371882,-0.2520579,-0.56004727,-0.7377326,0.6530793,0.76401067,-0.26432917,0.17621031,1.1252174,0.5088042,0.4179974,-0.0061728423,-0.04924506,0.04933872,0.30449927,-0.09413942,-0.09730442,0.088537246,-0.21343736,0.44978938,-0.11376053,-0.0225886,-0.2613877,-0.09233,0.12085522,0.5304881
-0.059644483,-0.2733128,-0.2868057,-0.6612645,-0.16294669,0.113534965,0.04462986,0.7456178,-0.24229926,-0.1983167,-0.24095228,-0.18103981,0.30774078,-0.12954819,-0.24026492,0.14104229,0.06346822,0.37822676,0.36979875,0.33423015,-0.0076780776,0.069325544,-0.33911514,-0.36864537,0.23090494,-0.14979057,0.3755057,-0.27852395,-0.24713829,0.33047,-0.22267441,0.029480822
-0.0817513,-0.08798711,0.41308972,0.6239935,0.57942116,0.42309257,0.22834064,-0.4293088,-0.20530438,-0.6812815,0.22425425,-0.37008268,-0.11040484,0.8688669,-0.12436905,0.24649575,0.694675,-0.31667688,-0.5294444,0.1443637,0.7116509,0.34598702,-0.070286766,0.05391159,-0.58406353,-0.33785844,-0.26099706,-0.6496087,0.29642424,-0.61803627,0.18051285,0.37306213
-0.50762737,-0.21827261,-0.29430056,-0.36068603,-0.248474,0.0926765,0.18436892,0.5794315,0.4904936,-0.31734464,0.18839969,-0.10015915,0.07139181,0.5417614,-0.55912286,0.48052034,-0.28544307,-0.065917745,0.0070527545,0.10403459,0.49495408,-0.16954887,0.1079881,0.03965168,-0.06535234,0.18067929,-0.08323491,-0.14625573,-0.15524979,0.12419167,0.079773344,-0.15960276
0.0035290662,0.5630685,-0.07907875,-0.2297419,0.08110199,-0.12762801,0.16105147,0.033772774,0.27171597,0.10305651,-0.39187837,-0.26194885,-0.30884197,0.5491249,0.3962318,0.08028239,0.06629511,0.018317975,0.0421696,-0.23087554,0.4038575,0.3724221,-0.14600804,0.3846761,-0.29159728,-0.07005773,-0.048760086,-0.27566957,-0.07050092,-0.44063058,0.35554436,-0.06342347
-0.01583736,0.0140479235,0.010947903,0.0008946052,0.003757088,-0.00029973255,0.016406551,0.018130101,-0.0094794035,-0.0037973858,0.0018329826,-0.010235011,-0.015154759,0.007386979,0.018997634,0.007448165,0.00015694002,-0.018723289,-0.0018237144,0.00028820348,-0.0045562023,-0.020735385,-0.0070062024,-0.013525896,-0.004687285,0.003182461,-0.017545,-0.019460281,-0.009754676,0.011125533,0.009179794,0.025150761
-0.008927064,0.012080252,0.014254824,0.0011684903,-0.0031867498,0.008892878,0.009650002,0.009410463,-0.010662627,-0.018801272,0.008149287,-0.0049284496,-0.0065015643,-0.009570864,0.008381405,0.01233736,-0.0021446138,-0.0065452373,-0.01236047,0.01313729,0.015098985,-0.0014658356,-0.00877124,-0.0057819774,-0.012725225,0.0133246705,-0.009910518,0.003938649,0.014742111,0.0018045611,0.0054187244,0.011518848
-0.01583736,0.0140479235,0.010947903,0.0008946052,0.003757088,-0.00029973255,0.016406551,0.018130101,-0.0094794035,-0.0037973858,0.0018329826,-0.010235011,-0.015154759,0.007386979,0.018997634,0.007448165,0.00015694002,-0.018723289,-0.0018237144,0.00028820348,-0.0045562023,-0.020735385,-0.0070062024,-0.013525896,-0.004687285,0.003182461,-0.017545,-0.019460281,-0.009754676,0.011125533,0.009179794,0.025150761
-0.008927064,0.012080252,0.014254824,0.0011684903,-0.0031867498,0.008892878,0.009650002,0.009410463,-0.010662627,-0.018801272,0.008149287,-0.0049284496,-0.0065015643,-0.009570864,0.008381405,0.01233736,-0.0021446138,-0.0065452373,-0.01236047,0.01313729,0.015098985,-0.0014658356,-0.00877124,-0.0057819774,-0.012725225,0.0133246705,-0.009910518,0.003938649,0.014742111,0.0018045611,0.0054187244,0.011518848
-0.01583736,0.0140479235,0.010947903,0.0008946052,0.003757088,-0.00029973255,0.016406551,0.018130101,-0.0094794035,-0.0037973858,0.0018329826,-0.010235011,-0.015154759,0.007386979,0.018997634,0.007448165,0.00015694002,-0.018723289,-0.0018237144,0.00028820348,-0.0045562023,-0.020735385,-0.0070062024,-0.013525896,-0.004687285,0.003182461,-0.017545,-0.019460281,-0.009754676,0.011125533,0.009179794,0.025150761
-0.008927064,0.012080252,0.014254824,0.0011684903,-0.0031867498,0.008892878,0.009650002,0.009410463,-0.010662627,-0.018801272,0.008149287,-0.0049284496,-0.0065015643,-0.009570864,0.008381405,0.01233736,-0.0021446138,-0.0065452373,-0.01236047,0.01313729,0.015098985,-0.0014658356,-0.00877124,-0.0057819774,-0.012725225,0.0133246705,-0.009910518,0.003938649,0.014742111,0.0018045611,0.0054187244,0.011518848
-0.01583736,0.0140479235,0.010947903,0.0008946052,0.003757088,-0.00029973255,0.016406551,0.018130101,-0.0094794035,-0.0037973858,0.0018329826,-0.010235011,-0.015154759,0.007386979,0.018997634,0.007448165,0.00015694002,-0.018723289,-0.0018237144,0.00028820348,-0.0045562023,-0.020735385,-0.0070062024,-0.013525896,-0.004687285,0.003182461,-0.017545,-0.019460281,-0.009754676,0.011125533,0.009179794,0.025150761
-0.008927064,0.012080252,0.014254824,0.0011684903,-0.0031867498,0.008892878,0.009650002,0.009410463,-0.010662627,-0.018801272,0.008149287,-0.0049284496,-0.0065015643,-0.009570864,0.008381405,0.01233736,-0.0021446138,-0.0065452373,-0.01236047,0.01313729,0.015098985,-0.0014658356,-0.00877124,-0.0057819774,-0.012725225,0.0133246705,-0.009910518,0.003938649,0.014742111,0.0018045611,0.0054187244,0.011518848
-0.01583736,0.0140479235,0.010947903,0.0008946052,0.003757088,-0.00029973255,0.016406551,0.018130101,-0.0094794035,-0.0037973858,0.0018329826,-0.010235011,-0.015154759,0.007386979,0.018997634,0.007448165,0.00015694002,-0.018723289,-0.0018237144,0.00028820348,-0.0045562023,-0.020735385,-0.0070062024,-0.013525896,-0.004687285,0.003182461,-0.017545,-0.019460281,-0.009754676,0.011125533,0.009179794,0.025150761
-0.008927064,0.012080252,0.014254824,0.0011684903,-0.0031867498,0.008892878,0.009650002,0.009410463,-0.010662627,-0.018801272,0.008149287,-0.0049284496,-0.0065015643,-0.009570864,0.008381405,0.01233736,-0.0021446138,-0.0065452373,-0.01236047,0.01313729,0.015098985,-0.0014658356,-0.00877124,-0.0057819774,-0.012725225,0.0133246705,-0.009910518,0.003938649,0.014742111,0.0018045611,0.0054187244,0.011518848
-0.01583736,0.0140479235,0.010947903,0.0008946052,0.003757088,-0.00029973255,0.016406551,0.018130101,-0.0094794035,-0.0037973858,0.0018329826,-0.010235011,-0.015154759,0.007386979,0.018997634,0.007448165,0.00015694002,-0.018723289,-0.0018237144,0.00028820348,-0.0045562023,-0.020735385,-0.0070062024,-0.013525896,-0.004687285,0.003182461,-0.017545,-0.019460281,-0.009754676,0.011125533,0.009179794,0.025150761
-0.008927064,0.012080252,0.014254824,0.0011684903,-0.0031867498,0.008892878,0.009650002,0.009410463,-0.010662627,-0.018801272,0.008149287,-0.0049284496,-0.0065015643,-0.009570864,0.008381405,0.01233736,-0.0021446138,-0.0065452373,-0.01236047,0.01313729,0.015098985,-0.0014658356,-0.00877124,-0.0057819774,-0.012725225,0.0133246705,-0.009910518,0.003938649,0.014742111,0.0018045611,0.0054187244,0.011518848
-0.01583736,0.0140479235,0.010947903,0.0008946052,0.003757088,-0.00029973255,0.016406551,0.018130101,-0.0094794035,-0.0037973858,0.0018329826,-0.010235011,-0.015154759,0.007386979,0.018997634,0.007448165,0.00015694002,-0.018723289,-0.0018237144,0.00028820348,-0.0045562023,-0.020735385,-0.0070062024,-0.013525896,-0.004687285,0.003182461,-0.017545,-0.019460281,-0.009754676,0.011125533,0.009179794,0.025150761
-0.008927064,0.012080252,0.014254824,0.0011684903,-0.0031867498,0.008892878,0.009650002,0.009410463,-0.010662627,-0.018801272,0.008149287,-0.0049284496,-0.0065015643,-0.009570864,0.008381405,0.01233736,-0.0021446138,-0.0065452373,-0.01236047,0.01313729,0.015098985,-0.0014658356,-0.00877124,-0.0057819774,-0.012725225,0.0133246705,-0.009910518,0.003938649,0.014742111,0.0018045611,0.0054187244,0.011518848
-0.01583736,0.0140479235,0.010947903,0.0008946052,0.003757088,-0.00029973255,0.016406551,0.018130101,-0.0094794035,-0.0037973858,0.0018329826,-0.010235011,-0.015154759,0.007386979,0.018997634,0.007448165,0.00015694002,-0.018723289,-0.0018237144,0.00028820348,-0.0045562023,-0.020735385,-0.0070062024,-0.013525896,-0.004687285,0.003182461,-0.017545,-0.019460281,-0.009754676,0.011125533,0.009179794,0.025150761
-0.008927064,0.012080252,0.014254824,0.0011684903,-0.0031867498,0.008892878,0.009650002,0.009410463,-0.010662627,-0.018801272,0.008149287,-0.0049284496,-0.0065015643,-0.009570864,0.008381405,0.01233736,-0.0021446138,-0.0065452373,-0.01236047,0.01313729,0.015098985,-0.0014658356,-0.00877124,-0.0057819774,-0.012725225,0.0133246705,-0.009910518,0.003938649,0.014742111,0.0018045611,0.0054187244,0.011518848
-0.01583736,0.0140479235,0.010947903,0.0008946052,0.003757088,-0.00029973255,0.016406551,0.018130101,-0.0094794035,-0.0037973858,0.0018329826,-0.010235011,-0.015154759,0.007386979,0.018997634,0.007448165,0.00015694002,-0.018723289,-0.0018237144,0.00028820348,-0.0045562023,-0.020735385,-0.0070062024,-0.013525896,-0.004687285,0.003182461,-0.017545,-0.019460281,-0.009754676,0.011125533,0.009179794,0.025150761
-0.008927064,0.012080252,0.014254824,0.0011684903,-0.0031867498,0.008892878,0.009650002,0.009410463,-0.010662627,-0.018801272,0.008149287,-0.0049284496,-0.0065015643,-0.009570864,0.008381405,0.01233736,-0.0021446138,-0.0065452373,-0.01236047,0.01313729,0.015098985,-0.0014658356,-0.00877124,-0.0057819774,-0.012725225,0.0133246705,-0.009910518,0.003938649,0.014742111,0.0018045611,0.0054187244,0.011518848
-0.01583736,0.0140479235,0.010947903,0.0008946052,0.003757088,-0.00029973255,0.016406551,0.018130101,-0.0094794035,-0.0037973858,0.0018329826,-0.010235011,-0.015154759,0.007386979,0.018997634,0.007448165,0.00015694002,-0.018723289,-0.0018237144,0.00028820348,-0.0045562023,-0.020735385,-0.0070062024,-0.013525896,-0.004687285,0.003182461,-0.017545,-0.019460281,-0.009754676,0.011125533,0.009179794,0.025150761
-0.008927064,0.012080252,0.014254824,0.0011684903,-0.0031867498,0.008892878,0.009650002,0.009410463,-0.010662627,-0.018801272,0.008149287,-0.0049284496,-0.0065015643,-0.009570864,0.008381405,0.01233736,-0.0021446138,-0.0065452373,-0.01236047,0.01313729,0.015098985,-0.0014658356,-0.00877124,-0.0057819774,-0.012725225,0.0133246705,-0.009910518,0.003938649,0.014742111,0.0018045611,0.0054187244,0.011518848
-0.01583736,0.0140479235,0.010947903,0.0008946052,0.003757088,-0.00029973255,0.016406551,0.018130101,-0.0094794035,-0.0037973858,0.0018329826,-0.010235011,-0.015154759,0.007386979,0.018997634,0.007448165,0.00015694002,-0.018723289,-0.0018237144,0.00028820348,-0.0045562023,-0.020735385,-0.0070062024,-0.013525896,-0.004687285,0.003182461,-0.017545,-0.019460281,-0.009754676,0.011125533,0.009179794,0.025150761
-0.008927064,0.012080252,0.014254824,0.0011684903,-0.0031867498,0.008892878,0.009650002,0.009410463,-0.010662627,-0.018801272,0.008149287,-0.0049284496,-0.0065015643,-0.009570864,0.008381405,0.01233736,-0.0021446138,-0.0065452373,-0.01236047,0.01313729,0.015098985,-0.0014658356,-0.00877124,-0.0057819774,-0.012725225,0.0133246705,-0.009910518,0.003938649,0.014742111,0.0018045611,0.0054187244,0.011518848
-0.01583736,0.0140479235,0.010947903,0.0008946052,0.003757088,-0.00029973255,0.016406551,0.018130101,-0.0094794035,-0.0037973858,0.0018329826,-0.010235011,-0.015154759,0.007386979,0.018997634,0.007448165,0.00015694002,-0.018723289,-0.0018237144,0.00028820348,-0.0045562023,-0.020735385,-0.0070062024,-0.013525896,-0.004687285,0.003182461,-0.017545,-0.019460281,-0.009754676,0.011125533,0.009179794,0.025150761
-0.008927064,0.012080252,0.014254824,0.0011684903,-0.0031867498,0.008892878,0.009650002,0.009410463,-0.010662627,-0.018801272,0.008149287,-0.0049284496,-0.0065015643,-0.009570864,0.008381405,0.01233736,-0.0021446138,-0.0065452373,-0.01236047,0.01313729,0.015098985,-0.0014658356,-0.00877124,-0.0057819774,-0.012725225,0.0133246705,-0.009910518,0.003938649,0.014742111,0.0018045611,0.0054187244,0.011518848
-0.01583736,0.0140479235,0.010947903,0.0008946052,0.003757088,-0.00029973255,0.016406551,0.018130101,-0.0094794035,-0.0037973858,0.0018329826,-0.010235011,-0.015154759,0.007386979,0.018997634,0.007448165,0.00015694002,-0.018723289,-0.0018237144,0.00028820348,-0.0045562023,-0.020735385,-0.0070062024,-0.013525896,-0.004687285,0.003182461,-0.017545,-0.019460281,-0.009754676,0.011125533,0.009179794,0.025150761
-0.008927064,0.012080252,0.014254824,0.0011684903,-0.0031867498,0.008892878,0.009650002,0.009410463,-0.010662627,-0.018801272,0.008149287,-0.0049284496,-0.0065015643,-0.009570864,0.008381405,0.01233736,-0.0021446138,-0.0065452373,-0.01236047,0.01313729,0.015098985,-0.0014658356,-0.00877124,-0.0057819774,-0.012725225,0.0133246705,-0.009910518,0.003938649,0.014742111,0.0018045611,0.0054187244,0.011518848
-0.01583736,0.0140479235,0.010947903,0.0008946052,0.003757088,-0.00029973255,0.016406551,0.018130101,-0.0094794035,-0.0037973858,0.0018329826,-0.010235011,-0.015154759,0.007386979,0.018997634,0.007448165,0.00015694002,-0.018723289,-0.0018237144,0.00028820348,-0.0045562023,-0.020735385,-0.0070062024,-0.013525896,-0.004687285,0.003182461,-0.017545,-0.019460281,-0.009754676,0.011125533,0.009179794,0.025150761
-0.008927064,0.012080252,0.014254824,0.0011684903,-0.0031867498,0.008892878,0.009650002,0.009410463,-0.010662627,-0.018801272,0.008149287,-0.0049284496,-0.0065015643,-0.009570864,0.008381405,0.01233736,-0.0021446138,-0.0065452373,-0.01236047,0.01313729,0.015098985,-0.0014658356,-0.00877124,-0.0057819774,-0.012725225,0.0133246705,-0.009910518,0.003938649,0.014742111,0.0018045611,0.0054187244,0.011518848
-0.01583736,0.0140479235,0.010947903,0.0008946052,0.003757088,-0.00029973255,0.016406551,0.018130101,-0.0094794035,-0.0037973858,0.0018329826,-0.010235011,-0.015154759,0.007386979,0.018997634,0.007448165,0.00015694002,-0.018723289,-0.0018237144,0.00028820348,-0.0045562023,-0.020735385,-0.0070062024,-0.013525896,-0.004687285,0.003182461,-0.017545,-0.019460281,-0.009754676,0.011125533,0.009179794,0.025150761
-0.008927064,0.012080252,0.014254824,0.0011684903,-0.0031867498,0.008892878,0.009650002,0.009410463,-0.010662627,-0.018801272,0.008149287,-0.0049284496,-0.0065015643,-0.009570864,0.008381405,0.01233736,-0.0021446138,-0.0065452373,-0.01236047,0.01313729,0.015098985,-0.0014658356,-0.00877124,-0.0057819774,-0.012725225,0.0133246705,-0.009910518,0.003938649,0.014742111,0.0018045611,0.0054187244,0.011518848
-0.01583736,0.0140479235,0.010947903,0.0008946052,0.003757088,-0.00029973255,0.016406551,0.018130101,-0.0094794035,-0.0037973858,0.0018329826,-0.010235011,-0.015154759,0.007386979,0.018997634,0.007448165,0.00015694002,-0.018723289,-0.0018237144,0.00028820348,-0.0045562023,-0.020735385,-0.0070062024,-0.013525896,-0.004687285,0.003182461,-0.017545,-0.019460281,-0.009754676,0.011125533,0.009179794,0.025150761
-0.008927064,0.012080252,0.014254824,0.0011684903,-0.0031867498,0.008892878,0.009650002,0.009410463,-0.010662627,-0.018801272,0.008149287,-0.0049284496,-0.0065015643,-0.009570864,0.008381405,0.01233736,-0.0021446138,-0.0065452373,-0.01236047,0.01313729,0.015098985,-0.0014658356,-0.00877124,-0.0057819774,-0.012725225,0.0133246705,-0.009910518,0.003938649,0.014742111,0.0018045611,0.0054187244,0.011518848
-0.01583736,0.0140479235,0.010947903,0.0008946052,0.003757088,-0.00029973255,0.016406551,0.018130101,-0.0094794035,-0.0037973858,0.0018329826,-0.010235011,-0.015154759,0.007386979,0.018997634,0.007448165,0.00015694002,-0.018723289,-0.0018237144,0.00028820348,-0.0045562023,-0.020735385,-0.0070062024,-0.013525896,-0.004687285,0.003182461,-0.017545,-0.019460281,-0.009754676,0.011125533,0.009179794,0.025150761
-0.008927064,0.012080252,0.014254824,0.0011684903,-0.0031867498,0.008892878,0.009650002,0.009410463,-0.010662627,-0.018801272,0.008149287,-0.0049284496,-0.0065015643,-0.009570864,0.008381405,0.01233736,-0.0021446138,-0.0065452373,-0.01236047,0.01313729,0.015098985,-0.0014658356,-0.00877124,-0.0057819774,-0.012725225,0.0133246705,-0.009910518,0.003938649,0.014742111,0.0018045611,0.0054187244,0.011518848
-0.01583736,0.0140479235,0.010947903,0.0008946052,0.003757088,-0.00029973255,0.016406551,0.018130101,-0.0094794035,-0.0037973858,0.0018329826,-0.010235011,-0.015154759,0.007386979,0.018997634,0.007448165,0.00015694002,-0.018723289,-0.0018237144,0.00028820348,-0.0045562023,-0.020735385,-0.0070062024,-0.013525896,-0.004687285,0.003182461,-0.017545,-0.019460281,-0.009754676,0.011125533,0.009179794,0.025150761
-0.008927064,0.012080252,0.014254824,0.0011684903,-0.0031867498,0.008892878,0.009650002,0.009410463,-0.010662627,-0.018801272,0.008149287,-0.0049284496,-0.0065015643,-0.009570864,0.008381405,0.01233736,-0.0021446138,-0.0065452373,-0.01236047,0.01313729,0.015098985,-0.0014658356,-0.00877124,-0.0057819774,-0.012725225,0.0133246705,-0.009910518,0.003938649,0.014742111,0.0018045611,0.0054187244,0.011518848
-0.01583736,0.0140479235,0.010947903,0.0008946052,0.003757088,-0.00029973255,0.016406551,0.018130101,-0.0094794035,-0.0037973858,0.0018329826,-0.010235011,-0.015154759,0.007386979,0.018997634,0.007448165,0.00015694002,-0.018723289,-0.0018237144,0.00028820348,-0.0045562023,-0.020735385,-0.0070062024,-0.013525896,-0.004687285,0.003182461,-0.017545,-0.019460281,-0.009754676,0.011125533,0.009179794,0.025150761
-0.008927064,0.012080252,0.014254824,0.0011684903,-0.0031867498,0.008892878,0.009650002,0.009410463,-0.010662627,-0.018801272,0.008149287,-0.0049284496,-0.0065015643,-0.009570864,0.008381405,0.01233736,-0.0021446138,-0.0065452373,-0.01236047,0.01313729,0.015098985,-0.0014658356,-0.00877124,-0.0057819774,-0.012725225,0.0133246705,-0.009910518,0.003938649,0.014742111,0.0018045611,0.0054187244,0.011518848
-0.01583736,0.0140479235,0.010947903,0.0008946052,0.003757088,-0.00029973255,0.016406551,0.018130101,-0.0094794035,-0.0037973858,0.0018329826,-0.010235011,-0.015154759,0.007386979,0.018997634,0.007448165,0.00015694002,-0.018723289,-0.0018237144,0.00028820348,-0.0045562023,-0.020735385,-0.0070062024,-0.013525896,-0.004687285,0.003182461,-0.017545,-0.019460281,-0.009754676,0.011125533,0.009179794,0.025150761
-0.008927064,0.012080252,0.014254824,0.0011684903,-0.0031867498,0.008892878,0.009650002,0.009410463,-0.010662627,-0.018801272,0.008149287,-0.0049284496,-0.0065015643,-0.009570864,0.008381405,0.01233736,-0.0021446138,-0.0065452373,-0.01236047,0.01313729,0.015098985,-0.0014658356,-0.00877124,-0.0057819774,-0.012725225,0.0133246705,-0.009910518,0.003938649,0.014742111,0.0018045611,0.0054187244,0.011518848
-0.01583736,0.0140479235,0.010947903,0.0008946052,0.003757088,-0.00029973255,0.016406551,0.018130101,-0.0094794035,-0.0037973858,0.0018329826,-0.010235011,-0.015154759,0.007386979,0.018997634,0.007448165,0.00015694002,-0.018723289,-0.0018237144,0.00028820348,-0.0045562023,-0.020735385,-0.0070062024,-0.013525896,-0.004687285,0.003182461,-0.017545,-0.019460281,-0.009754676,0.011125533,0.009179794,0.025150761
-0.008927064,0.012080252,0.014254824,0.0011684903,-0.0031867498,0.008892878,0.009650002,0.009410463,-0.010662627,-0.018801272,0.008149287,-0.0049284496,-0.0065015643,-0.009570864,0.008381405,0.01233736,-0.0021446138,-0.0065452373,-0.01236047,0.01313729,0.015098985,-0.0014658356,-0.00877124,-0.0057819774,-0.012725225,0.0133246705,-0.009910518,0.003938649,0.014742111,0.0018045611,0.0054187244,0.011518848
-0.01583736,0.0140479235,0.010947903,0.0008946052,0.003757088,-0.00029973255,0.016406551,0.018130101,-0.0094794035,-0.0037973858,0.0018329826,-0.010235011,-0.015154759,0.007386979,0.018997634,0.007448165,0.00015694002,-0.018723289,-0.0018237144,0.00028820348,-0.0045562023,-0.020735385,-0.0070062024,-0.013525896,-0.004687285,0.003182461,-0.017545,-0.019460281,-0.009754676,0.011125533,0.009179794,0.025150761
-0.008927064,0.012080252,0.014254824,0.0011684903,-0.0031867498,0.008892878,0.009650002,0.009410463,-0.010662627,-0.018801272,0.008149287,-0.0049284496,-0.0065015643,-0.009570864,0.008381405,0.01233736,-0.0021446138,-0.0065452373,-0.01236047,0.01313729,0.015098985,-0.0014658356,-0.00877124,-0.0057819774,-0.012725225,0.0133246705,-0.009910518,0.003938649,0.014742111,0.0018045611,0.0054187244,0.011518848
-0.01583736,0.0140479235,0.010947903,0.0008946052,0.003757088,-0.00029973255,0.016406551,0.018130101,-0.0094794035,-0.0037973858,0.0018329826,-0.010235011,-0.015154759,0.007386979,0.018997634,0.007448165,0.00015694002,-0.018723289,-0.0018237144,0.00028820348,-0.0045562023,-0.020735385,-0.0070062024,-0.013525896,-0.004687285,0.003182461,-0.017545,-0.019460281,-0.009754676,0.011125533,0.009179794,0.025150761
-0.008927064,0.012080252,0.014254824,0.0011684903,-0.0031867498,0.008892878,0.009650002,0.009410463,-0.010662627,-0.018801272,0.008149287,-0.0049284496,-0.0065015643,-0.009570864,0.008381405,0.01233736,-0.0021446138,-0.0065452373,-0.01236047,0.01313729,0.015098985,-0.0014658356,-0.00877124,-0.0057819774,-0.012725225,0.0133246705,-0.009910518,0.003938649,0.014742111,0.0018045611,0.0054187244,0.011518848
-0.01583736,0.0140479235,0.010947903,0.0008946052,0.003757088,-0.00029973255,0.016406551,0.018130101,-0.0094794035,-0.0037973858,0.0018329826,-0.010235011,-0.015154759,0.007386979,0.018997634,0.007448165,0.00015694002,-0.018723289,-0.0018237144,0.00028820348,-0.0045562023,-0.020735385,-0.0070062024,-0.013525896,-0.004687285,0.003182461,-0.017545,-0.019460281,-0.009754676,0.011125533,0.009179794,0.025150761
-0.008927064,0.012080252,0.014254824,0.0011684903,-0.0031867498,0.008892878,0.009650002,0.009410463,-0.010662627,-0.018801272,0.008149287,-0.0049284496,-0.0065015643,-0.009570864,0.008381405,0.01233736,-0.0021446138,-0.0065452373,-0.01236047,0.01313729,0.015098985,-0.0014658356,-0.00877124,-0.0057819774,-0.012725225,0.0133246705,-0.009910518,0.003938649,0.014742111,0.0018045611,0.0054187244,0.011518848
-0.01583736,0.0140479235,0.010947903,0.0008946052,0.003757088,-0.00029973255,0.016406551,0.018130101,-0.0094794035,-0.0037973858,0.0018329826,-0.010235011,-0.015154759,0.007386979,0.018997634,0.007448165,0.00015694002,-0.018723289,-0.0018237144,0.00028820348,-0.0045562023,-0.020735385,-0.0070062024,-0.013525896,-0.004687285,0.003182461,-0.017545,-0.019460281,-0.009754676,0.011125533,0.009179794,0.025150761
-0.008927064,0.012080252,0.014254824,0.0011684903,-0.0031867498,0.008892878,0.009650002,0.009410463,-0.010662627,-0.018801272,0.008149287,-0.0049284496,-0.0065015643,-0.009570864,0.008381405,0.01233736,-0.0021446138,-0.0065452373,-0.01236047,0.01313729,0.015098985,-0.0014658356,-0.00877124,-0.0057819774,-0.012725225,0.0133246705,-0.009910518,0.003938649,0.014742111,0.0018045611,0.0054187244,0.011518848
-0.01583736,0.0140479235,0.010947903,0.0008946052,0.003757088,-0.00029973255,0.016406551,0.018130101,-0.0094794035,-0.0037973858,0.0018329826,-0.010235011,-0.015154759,0.007386979,0.018997634,0.007448165,0.00015694002,-0.018723289,-0.0018237144,0.00028820348,-0.0045562023,-0.020735385,-0.0070062024,-0.013525896,-0.004687285,0.003182461,-0.017545,-0.019460281,-0.009754676,0.011125533,0.009179794,0.025150761
-0.008927064,0.012080252,0.014254824,0.0011684903,-0.0031867498,0.008892878,0.009650002,0.009410463,-0.010662627,-0.018801272,0.008149287,-0.0049284496,-0.0065015643,-0.009570864,0.008381405,0.01233736,-0.0021446138,-0.0065452373,-0.01236047,0.01313729,0.015098985,-0.0014658356,-0.00877124,-0.0057819774,-0.012725225,0.0133246705,-0.009910518,0.003938649,0.014742111,0.0018045611,0.0054187244,0.011518848
-0.01583736,0.0140479235,0.010947903,0.0008946052,0.003757088,-0.00029973255,0.016406551,0.018130101,-0.0094794035,-0.0037973858,0.0018329826,-0.010235011,-0.015154759,0.007386979,0.018997634,0.007448165,0.00015694002,-0.018723289,-0.0018237144,0.00028820348,-0.0045562023,-0.020735385,-0.0070062024,-0.013525896,-0.004687285,0.003182461,-0.017545,-0.019460281,-0.009754676,0.011125533,0.009179794,0.025150761
-0.008927064,0.012080252,0.014254824,0.0011684903,-0.0031867498,0.008892878,0.009650002,0.009410463,-0.010662627,-0.018801272,0.008149287,-0.0049284496,-0.0065015643,-0.009570864,0.008381405,0.01233736,-0.0021446138,-0.0065452373,-0.01236047,0.01313729,0.015098985,-0.0014658356,-0.00877124,-0.0057819774,-0.012725225,0.0133246705,-0.009910518,0.003938649,0.014742111,0.0018045611,0.0054187244,0.011518848
-0.01583736,0.0140479235,0.010947903,0.0008946052,0.003757088,-0.00029973255,0.016406551,0.018130101,-0.0094794035,-0.0037973858,0.0018329826,-0.010235011,-0.015154759,0.007386979,0.018997634,0.007448165,0.00015694002,-0.018723289,-0.0018237144,0.00028820348,-0.0045562023,-0.020735385,-0.0070062024,-0.013525896,-0.004687285,0.003182461,-0.017545,-0.019460281,-0.009754676,0.011125533,0.009179794,0.025150761
-0.008927064,0.012080252,0.014254824,0.0011684903,-0.0031867498,0.008892878,0.009650002,0.009410463,-0.010662627,-0.018801272,0.008149287,-0.0049284496,-0.0065015643,-0.009570864,0.008381405,0.01233736,-0.0021446138,-0.0065452373,-0.01236047,0.01313729,0.015098985,-0.0014658356,-0.00877124,-0.0057819774,-0.012725225,0.0133246705,-0.009910518,0.003938649,0.014742111,0.0018045611,0.0054187244,0.011518848
0.40669116,0.21315107,-0.41451168,0.22519255,0.30861846,-0.2812608,0.20324227,0.29552168,0.2558575,0.4577502,0.09357174,-0.19145536,0.040824834,-0.4913568,-0.2594049,-0.09762981,0.30032516,-0.4990619,-0.059574373,0.29627952,-0.43472266,0.39540002,-0.83945936,-0.1140959,-0.28018147,0.040817622,0.29552,-0.054136977,-0.032723688,0.42906326,-0.2074809,0.14695454
-0.33993563,-0.023991235,0.33400288,0.33847046,0.4145991,0.23670495,-0.28021556,0.18104568,-0.14837274,-0.8770599,0.50614834,0.086487666,-0.5154867,0.021463279,0.29224643,0.7967172,0.12614691,0.15500398,0.041449398,0.15007745,0.5074738,-0.06394136,-0.24904679,0.22860043,-0.3459646,0.25311896,0.088870965,-0.0674407,-0.24274081,-0.30978072,-0.36891326,0.582288
0.12790045,-0.263915,-0.47863916,-0.94389147,-0.47524914,0.3025613,0.4657364,0.47812688,0.31546122,-0.26599824,0.55919486,-0.1579301,0.8541132,-0.009684749,0.052365743,0.1411442,-0.19939326,0.1268874,0.6007008,0.21769296,0.3904475,0.11328393,-0.54919606,-0.31210798,-0.41274744,-0.17142048,-0.18109232,-0.17089963,0.08200276,0.12764126,-0.051136278,-0.18568356
-0.5011311,0.06830226,0.82651734,0.75240064,0.61710036,0.3373122,0.05054589,-0.8097143,-0.57379985,-0.8024992,0.4356417,-0.36832026,-0.29293075,1.2281832,0.27373767,-0.38374975,0.70348656,0.083040036,-0.44752792,-0.024368102,0.47478342,0.18372999,-0.18726443,-0.18329938,-0.2843146,-0.17294028,-0.11541996,-0.2753605,0.054727137,-0.5682198,0.55580646,0.8251095
-0.54638463,0.10067634,-0.16558483,-0.15911485,-0.07470964,0.0906674,0.08832268,0.04529259,0.108810514,-0.14061293,0.2757586,0.21406707,0.020262938,0.064865574,0.40749636,0.42313674,-0.27688694,0.4524124,0.37018448,0.04119628,0.08752771,-0.2952406,-0.046592306,-0.16085413,0.013307059,-0.043613333,-0.35900825,-0.15236853,-0.03958577,-0.5971835,0.24902351,-0.21131541
-0.2559861,0.7189493,0.07593542,-0.27821088,0.23859796,-0.042518593,0.10958438,0.006864108,-0.04896177,-0.2310864,0.23774995,-0.46278682,-0.17346355,0.4836883,0.11908095,-0.18555304,-0.15500082,-0.062479265,0.18548633,-0.20078678,0.545815,0.4580382,-0.06780254,0.46973008,-0.049737744,-0.11364678,-0.3309187,-0.33644786,0.042133186,-0.5434549,0.5408252,0.28850576
-0.01583736,0.0140479235,0.010947903,0.0008946052,0.003757088,-0.00029973255,0.016406551,0.018130101,-0.0094794035,-0.0037973858,0.0018329826,-0.010235011,-0.015154759,0.007386979,0.018997634,0.007448165,0.00015694002,-0.018723289,-0.0018237144,0.00028820348,-0.0045562023,-0.020735385,-0.0070062024,-0.013525896,-0.004687285,0.003182461,-0.017545,-0.019460281,-0.009754676,0.011125533,0.009179794,0.025150761
-0.008927064,0.012080252,0.014254824,0.0011684903,-0.0031867498,0.008892878,0.009650002,0.009410463,-0.010662627,-0.018801272,0.008149287,-0.0049284496,-0.0065015643,-0.009570864,0.008381405,0.01233736,-0.0021446138,-0.0065452373,-0.01236047,0.01313729,0.015098985,-0.0014658356,-0.00877124,-0.0057819774,-0.012725225,0.0133246705,-0.009910518,0.003938649,0.014742111,0.0018045611,0.0054187244,0.011518848
-0.01583736,0.0140479235,0.010947903,0.0008946052,0.003757088,-0.00029973255,0.016406551,0.018130101,-0.0094794035,-0.0037973858,0.0018329826,-0.010235011,-0.015154759,0.007386979,0.018997634,0.007448165,0.00015694002,-0.018723289,-0.0018237144,0.00028820348,-0.0045562023,-0.020735385,-0.0070062024,-0.013525896,-0.004687285,0.003182461,-0.017545,-0.019460281,-0.009754676,0.011125533,0.009179794,0.025150761
-0.008927064,0.012080252,0.014254824,0.0011684903,-0.0031867498,0.008892878,0.009650002,0.009410463,-0.010662627,-0.018801272,0.008149287,-0.0049284496,-0.0065015643,-0.009570864,0.008381405,0.01233736,-0.0021446138,-0.0065452373,-0.01236047,0.01313729,0.015098985,-0.0014658356,-0.00877124,-0.0057819774,-0.012725225,0.0133246705,-0.009910518,0.003938649,0.014742111,0.0018045611,0.0054187244,0.011518848
-0.01583736,0.0140479235,0.010947903,0.0008946052,0.003757088,-0.00029973255,0.016406551,0.018130101,-0.0094794035,-0.0037973858,0.0018329826,-0.010235011,-0.015154759,0.007386979,0.018997634,0.007448165,0.00015694002,-0.018723289,-0.0018237144,0.00028820348,-0.0045562023,-0.020735385,-0.0070062024,-0.013525896,-0.004687285,0.003182461,-0.017545,-0.019460281,-0.009754676,0.011125533,0.009179794,0.025150761
-0.008927064,0.012080252,0.014254824,0.0011684903,-0.0031867498,0.008892878,0.009650002,0.009410463,-0.010662627,-0.018801272,0.008149287,-0.0049284496,-0.0065015643,-0.009570864,0.008381405,0.01233736,-0.0021446138,-0.0065452373,-0.01236047,0.01313729,0.015098985,-0.0014658356,-0.00877124,-0.0057819774,-0.012725225,0.0133246705,-0.009910518,0.003938649,0.014742111,0.0018045611,0.0054187244,0.011518848
-0.01583736,0.0140479235,0.010947903,0.0008946052,0.003757088,-0.00029973255,0.016406551,0.018130101,-0.0094794035,-0.0037973858,0.0018329826,-0.010235011,-0.015154759,0.007386979,0.018997634,0.007448165,0.00015694002,-0.018723289,-0.0018237144,0.00028820348,-0.0045562023,-0.020735385,-0.0070062024,-0.013525896,-0.004687285,0.003182461,-0.017545,-0.019460281,-0.009754676,0.011125533,0.009179794,0.025150761
-0.008927064,0.012080252,0.014254824,0.0011684903,-0.0031867498,0.008892878,0.009650002,0.009410463,-0.010662627,-0.018801272,0.008149287,-0.0049284496,-0.0065015643,-0.009570864,0.008381405,0.01233736,-0.0021446138,-0.0065452373,-0.01236047,0.01313729,0.015098985,-0.0014658356,-0.00877124,-0.0057819774,-0.012725225,0.0133246705,-0.009910518,0.003938649,0.014742111,0.0018045611,0.0054187244,0.011518848
-0.01583736,0.0140479235,0.010947903,0.0008946052,0.003757088,-0.00029973255,0.016406551,0.018130101,-0.0094794035,-0.0037973858,0.0018329826,-0.010235011,-0.015154759,0.007386979,0.018997634,0.007448165,0.00015694002,-0.018723289,-0.0018237144,0.00028820348,-0.0045562023,-0.020735385,-0.0070062024,-0.013525896,-0.004687285,0.003182461,-0.017545,-0.019460281,-0.009754676,0.011125533,0.009179794,0.025150761
-0.008927064,0.012080252,0.014254824,0.0011684903,-0.0031867498,0.008892878,0.009650002,0.009410463,-0.010662627,-0.018801272,0.008149287,-0.0049284496,-0.0065015643,-0.009570864,0.008381405,0.01233736,-0.0021446138,-0.0065452373,-0.01236047,0.01313729,0.015098985,-0.0014658356,-0.00877124,-0.0057819774,-0.012725225,0.0133246705,-0.009910518,0.003938649,0.014742111,0.0018045611,0.0054187244,0.011518848
-0.01583736,0.0140479235,0.010947903,0.0008946052,0.003757088,-0.00029973255,0.016406551,0.018130101,-0.0094794035,-0.0037973858,0.0018329826,-0.010235011,-0.015154759,0.007386979,0.018997634,0.007448165,0.00015694002,-0.018723289,-0.0018237144,0.00028820348,-0.0045562023,-0.020735385,-0.0070062024,-0.013525896,-0.004687285,0.003182461,-0.017545,-0.019460281,-0.009754676,0.011125533,0.009179794,0.025150761
-0.008927064,0.012080252,0.014254824,0.0011684903,-0.0031867498,0.008892878,0.009650002,0.009410463,-0.010662627,-0.018801272,0.008149287,-0.0049284496,-0.0065015643,-0.009570864,0.008381405,0.01233736,-0.0021446138,-0.0065452373,-0.01236047,0.01313729,0.015098985,-0.0014658356,-0.00877124,-0.0057819774,-0.012725225,0.0133246705,-0.009910518,0.003938649,0.014742111,0.0018045611,0.0054187244,0.011518848
-0.01583736,0.0140479235,0.010947903,0.0008946052,0.003757088,-0.00029973255,0.016406551,0.018130101,-0.0094794035,-0.0037973858,0.0018329826,-0.010235011,-0.015154759,0.007386979,0.018997634,0.007448165,0.00015694002,-0.018723289,-0.0018237144,0.00028820348,-0.0045562023,-0.020735385,-0.0070062024,-0.013525896,-0.004687285,0.003182461,-0.017545,-0.019460281,-0.009754676,0.011125533,0.009179794,0.025150761
-0.008927064,0.012080252,0.014254824,0.0011684903,-0.0031867498,0.008892878,0.009650002,0.009410463,-0.010662627,-0.018801272,0.008149287,-0.0049284496,-0.0065015643,-0.009570864,0.008381405,0.01233736,-0.0021446138,-0.0065452373,-0.01236047,0.01313729,0.015098985,-0.0014658356,-0.00877124,-0.0057819774,-0.012725225,0.0133246705,-0.009910518,0.003938649,0.014742111,0.0018045611,0.0054187244,0.011518848
-0.01583736,0.0140479235,0.010947903,0.0008946052,0.003757088,-0.00029973255,0.016406551,0.018130101,-0.0094794035,-0.0037973858,0.0018329826,-0.010235011,-0.015154759,0.007386979,0.018997634,0.007448165,0.00015694002,-0.018723289,-0.0018237144,0.00028820348,-0.0045562023,-0.020735385,-0.0070062024,-0.013525896,-0.004687285,0.003182461,-0.017545,-0.019460281,-0.009754676,0.011125533,0.009179794,0.025150761
-0.008927064,0.012080252,0.014254824,0.0011684903,-0.0031867498,0.008892878,0.009650002,0.009410463,-0.010662627,-0.018801272,0.008149287,-0.0049284496,-0.0065015643,-0.009570864,0.008381405,0.01233736,-0.0021446138,-0.0065452373,-0.01236047,0.01313729,0.015098985,-0.0014658356,-0.00877124,-0.0057819774,-0.012725225,0.0133246705,-0.009910518,0.003938649,0.014742111,0.0018045611,0.0054187244,0.011518848
-0.01583736,0.0140479235,0.010947903,0.0008946052,0.003757088,-0.00029973255,0.016406551,0.018130101,-0.0094794035,-0.0037973858,0.0018329826,-0.010235011,-0.015154759,0.007386979,0.018997634,0.007448165,0.00015694002,-0.018723289,-0.0018237144,0.00028820348,-0.0045562023,-0.020735385,-0.0070062024,-0.013525896,-0.004687285,0.003182461,-0.017545,-0.019460281,-0.009754676,0.011125533,0.009179794,0.025150761
-0.008927064,0.012080252,0.014254824,0.0011684903,-0.0031867498,0.008892878,0.009650002,0.009410463,-0.010662627,-0.018801272,0.008149287,-0.0049284496,-0.0065015643,-0.009570864,0.008381405,0.01233736,-0.0021446138,-0.0065452373,-0.01236047,0.01313729,0.015098985,-0.0014658356,-0.00877124,-0.0057819774,-0.012725225,0.0133246705,-0.009910518,0.003938649,0.014742111,0.0018045611,0.0054187244,0.011518848
-0.01583736,0.0140479235,0.010947903,0.0008946052,0.003757088,-0.00029973255,0.016406551,0.018130101,-0.0094794035,-0.0037973858,0.0018329826,-0.010235011,-0.015154759,0.007386979,0.018997634,0.007448165,0.00015694002,-0.018723289,-0.0018237144,0.00028820348,-0.0045562023,-0.020735385,-0.0070062024,-0.013525896,-0.004687285,0.003182461,-0.017545,-0.019460281,-0.009754676,0.011125533,0.009179794,0.025150761
-0.008927064,0.012080252,0.014254824,0.0011684903,-0.0031867498,0.008892878,0.009650002,0.009410463,-0.010662627,-0.018801272,0.008149287,-0.0049284496,-0.0065015643,-0.009570864,0.008381405,0.01233736,-0.0021446138,-0.0065452373,-0.01236047,0.01313729,0.015098985,-0.0014658356,-0.00877124,-0.0057819774,-0.012725225,0.0133246705,-0.009910518,0.003938649,0.014742111,0.0018045611,0.0054187244,0.011518848
-0.01583736,0.0140479235,0.010947903,0.0008946052,0.003757088,-0.00029973255,0.016406551,0.018130101,-0.0094794035,-0.0037973858,0.0018329826,-0.010235011,-0.015154759,0.007386979,0.018997634,0.007448165,0.00015694002,-0.018723289,-0.0018237144,0.00028820348,-0.0045562023,-0.020735385,-0.0070062024,-0.013525896,-0.004687285,0.003182461,-0.017545,-0.019460281,-0.009754676,0.011125533,0.009179794,0.025150761
-0.008927064,0.012080252,0.014254824,0.0011684903,-0.0031867498,0.008892878,0.009650002,0.009410463,-0.010662627,-0.018801272,0.008149287,-0.0049284496,-0.0065015643,-0.009570864,0.008381405,0.01233736,-0.0021446138,-0.0065452373,-0.01236047,0.01313729,0.015098985,-0.0014658356,-0.00877124,-0.0057819774,-0.012725225,0.0133246705,-0.009910518,0.003938649,0.014742111,0.0018045611,0.0054187244,0.011518848
-0.01583736,0.0140479235,0.010947903,0.0008946052,0.003757088,-0.00029973255,0.016406551,0.018130101,-0.0094794035,-0.0037973858,0.0018329826,-0.010235011,-0.015154759,0.007386979,0.018997634,0.007448165,0.00015694002,-0.018723289,-0.0018237144,0.00028820348,-0.0045562023,-0.020735385,-0.0070062024,-0.013525896,-0.004687285,0.003182461,-0.017545,-0.019460281,-0.009754676,0.011125533,0.009179794,0.025150761
-0.008927064,0.012080252,0.014254824,0.0011684903,-0.0031867498,0.008892878,0.009650002,0.009410463,-0.010662627,-0.018801272,0.008149287,-0.0049284496,-0.0065015643,-0.009570864,0.008381405,0.01233736,-0.0021446138,-0.0065452373,-0.01236047,0.01313729,0.015098985,-0.0014658356,-0.00877124,-0.0057819774,-0.012725225,0.0133246705,-0.009910518,0.003938649,0.014742111,0.0018045611,0.0054187244,0.011518848
-0.01583736,0.0140479235,0.010947903,0.0008946052,0.003757088,-0.00029973255,0.016406551,0.018130101,-0.0094794035,-0.0037973858,0.0018329826,-0.010235011,-0.015154759,0.007386979,0.018997634,0.007448165,0.00015694002,-0.018723289,-0.0018237144,0.00028820348,-0.0045562023,-0.020735385,-0.0070062024,-0.013525896,-0.004687285,0.003182461,-0.017545,-0.019460281,-0.009754676,0.011125533,0.009179794,0.025150761
-0.008927064,0.012080252,0.014254824,0.0011684903,-0.0031867498,0.008892878,0.009650002,0.009410463,-0.010662627,-0.018801272,0.008149287,-0.0049284496,-0.0065015643,-0.009570864,0.008381405,0.01233736,-0.0021446138,-0.0065452373,-0.01236047,0.01313729,0.015098985,-0.0014658356,-0.00877124,-0.0057819774,-0.012725225,0.0133246705,-0.009910518,0.003938649,0.014742111,0.0018045611,0.0054187244,0.011518848
-0.01583736,0.0140479235,0.010947903,0.0008946052,0.003757088,-0.00029973255,0.016406551,0.018130101,-0.0094794035,-0.0037973858,0.0018329826,-0.010235011,-0.015154759,0.007386979,0.018997634,0.007448165,0.00015694002,-0.018723289,-0.0018237144,0.00028820348,-0.0045562023,-0.020735385,-0.0070062024,-0.013525896,-0.004687285,0.003182461,-0.017545,-0.019460281,-0.009754676,0.011125533,0.009179794,0.025150761
-0.008927064,0.012080252,0.014254824,0.0011684903,-0.0031867498,0.008892878,0.009650002,0.009410463,-0.010662627,-0.018801272,0.008149287,-0.0049284496,-0.0065015643,-0.009570864,0.008381405,0.01233736,-0.0021446138,-0.0065452373,-0.01236047,0.01313729,0.015098985,-0.0014658356,-0.00877124,-0.0057819774,-0.012725225,0.0133246705,-0.009910518,0.003938649,0.014742111,0.0018045611,0.0054187244,0.011518848
-0.01583736,0.0140479235,0.010947903,0.0008946052,0.003757088,-0.00029973255,0.016406551,0.018130101,-0.0094794035,-0.0037973858,0.0018329826,-0.010235011,-0.015154759,0.007386979,0.018997634,0.007448165,0.00015694002,-0.018723289,-0.0018237144,0.00028820348,-0.0045562023,-0.020735385,-0.0070062024,-0.013525896,-0.004687285,0.003182461,-0.017545,-0.019460281,-0.009754676,0.011125533,0.009179794,0.025150761
-0.008927064,0.012080252,0.014254824,0.0011684903,-0.0031867498,0.008892878,0.009650002,0.009410463,-0.010662627,-0.018801272,0.008149287,-0.0049284496,-0.0065015643,-0.009570864,0.008381405,0.01233736,-0.0021446138,-0.0065452373,-0.01236047,0.01313729,0.015098985,-0.0014658356,-0.00877124,-0.0057819774,-0.012725225,0.0133246705,-0.009910518,0.003938649,0.014742111,0.0018045611,0.0054187244,0.011518848
-0.01583736,0.0140479235,0.010947903,0.0008946052,0.003757088,-0.00029973255,0.016406551,0.018130101,-0.0094794035,-0.0037973858,0.0018329826,-0.010235011,-0.015154759,0.007386979,0.018997634,0.007448165,0.00015694002,-0.018723289,-0.0018237144,0.00028820348,-0.0045562023,-0.020735385,-0.0070062024,-0.013525896,-0.004687285,0.003182461,-0.017545,-0.019460281,-0.009754676,0.011125533,0.009179794,0.025150761
-0.008927064,0.012080252,0.014254824,0.0011684903,-0.0031867498,0.008892878,0.009650002,0.009410463,-0.010662627,-0.018801272,0.008149287,-0.0049284496,-0.0065015643,-0.009570864,0.008381405,0.01233736,-0.0021446138,-0.0065452373,-0.01236047,0.01313729,0.015098985,-0.0014658356,-0.00877124,-0.0057819774,-0.012725225,0.0133246705,-0.009910518,0.003938649,0.014742111,0.0018045611,0.0054187244,0.011518848
-0.01583736,0.0140479235,0.010947903,0.0008946052,0.003757088,-0.00029973255,0.016406551,0.018130101,-0.0094794035,-0.0037973858,0.0018329826,-0.010235011,-0.015154759,0.007386979,0.018997634,0.007448165,0.00015694002,-0.018723289,-0.0018237144,0.00028820348,-0.0045562023,-0.020735385,-0.0070062024,-0.013525896,-0.004687285,0.003182461,-0.017545,-0.019460281,-0.009754676,0.011125533,0.009179794,0.025150761
-0.008927064,0.012080252,0.014254824,0.0011684903,-0.0031867498,0.008892878,0.009650002,0.009410463,-0.010662627,-0.018801272,0.008149287,-0.0049284496,-0.0065015643,-0.009570864,0.008381405,0.01233736,-0.0021446138,-0.0065452373,-0.01236047,0.01313729,0.015098985,-0.0014658356,-0.00877124,-0.0057819774,-0.012725225,0.0133246705,-0.009910518,0.003938649,0.014742111,0.0018045611,0.0054187244,0.011518848
-0.01583736,0.0140479235,0.010947903,0.0008946052,0.003757088,-0.00029973255,0.016406551,0.018130101,-0.0094794035,-0.0037973858,0.0018329826,-0.010235011,-0.015154759,0.007386979,0.018997634,0.007448165,0.00015694002,-0.018723289,-0.0018237144,0.00028820348,-0.0045562023,-0.020735385,-0.0070062024,-0.013525896,-0.004687285,0.003182461,-0.017545,-0.019460281,-0.009754676,0.011125533,0.009179794,0.025150761
-0.008927064,0.012080252,0.014254824,0.0011684903,-0.0031867498,0.008892878,0.009650002,0.009410463,-0.010662627,-0.018801272,0.008149287,-0.0049284496,-0.0065015643,-0.009570864,0.008381405,0.01233736,-0.0021446138,-0.0065452373,-0.01236047,0.01313729,0.015098985,-0.0014658356,-0.00877124,-0.0057819774,-0.012725225,0.0133246705,-0.009910518,0.003938649,0.014742111,0.0018045611,0.0054187244,0.011518848
-0.01583736,0.0140479235,0.010947903,0.0008946052,0.003757088,-0.00029973255,0.016406551,0.018130101,-0.0094794035,-0.0037973858,0.0018329826,-0.010235011,-0.015154759,0.007386979,0.018997634,0.007448165,0.00015694002,-0.018723289,-0.0018237144,0.00028820348,-0.0045562023,-0.020735385,-0.0070062024,-0.013525896,-0.004687285,0.003182461,-0.017545,-0.019460281,-0.009754676,0.011125533,0.009179794,0.025150761
-0.008927064,0.012080252,0.014254824,0.0011684903,-0.0031867498,0.008892878,0.009650002,0.009410463,-0.010662627,-0.018801272,0.008149287,-0.0049284496,-0.0065015643,-0.009570864,0.008381405,0.01233736,-0.0021446138,-0.0065452373,-0.01236047,0.01313729,0.015098985,-0.0014658356,-0.00877124,-0.0057819774,-0.012725225,0.0133246705,-0.009910518,0.003938649,0.014742111,0.0018045611,0.0054187244,0.011518848
-0.01583736,0.0140479235,0.010947903,0.0008946052,0.003757088,-0.00029973255,0.016406551,0.018130101,-0.0094794035,-0.0037973858,0.0018329826,-0.010235011,-0.015154759,0.007386979,0.018997634,0.007448165,0.00015694002,-0.018723289,-0.0018237144,0.00028820348,-0.0045562023,-0.020735385,-0.0070062024,-0.013525896,-0.004687285,0.003182461,-0.017545,-0.019460281,-0.009754676,0.011125533,0.009179794,0.025150761
-0.008927064,0.012080252,0.014254824,0.0011684903,-0.0031867498,0.008892878,0.009650002,0.009410463,-0.010662627,-0.018801272,0.008149287,-0.0049284496,-0.0065015643,-0.009570864,0.008381405,0.01233736,-0.0021446138,-0.0065452373,-0.01236047,0.01313729,0.015098985,-0.0014658356,-0.00877124,-0.0057819774,-0.012725225,0.0133246705,-0.009910518,0.003938649,0.014742111,0.0018045611,0.0054187244,0.011518848
-0.01583736,0.0140479235,0.010947903,0.0008946052,0.003757088,-0.00029973255,0.016406551,0.018130101,-0.0094794035,-0.0037973858,0.0018329826,-0.010235011,-0.015154759,0.007386979,0.018997634,0.007448165,0.00015694002,-0.018723289,-0.0018237144,0.00028820348,-0.0045562023,-0.020735385,-0.0070062024,-0.013525896,-0.004687285,0.003182461,-0.017545,-0.019460281,-0.009754676,0.011125533,0.009179794,0.025150761
-0.008927064,0.012080252,0.014254824,0.0011684903,-0.0031867498,0.008892878,0.009650002,0.009410463,-0.010662627,-0.018801272,0.008149287,-0.0049284496,-0.0065015643,-0.009570864,0.008381405,0.01233736,-0.0021446138,-0.0065452373,-0.01236047,0.01313729,0.015098985,-0.0014658356,-0.00877124,-0.0057819774,-0.012725225,0.0133246705,-0.009910518,0.003938649,0.014742111,0.0018045611,0.0054187244,0.011518848
-0.01583736,0.0140479235,0.010947903,0.0008946052,0.003757088,-0.00029973255,0.016406551,0.018130101,-0.0094794035,-0.0037973858,0.0018329826,-0.010235011,-0.015154759,0.007386979,0.018997634,0.007448165,0.00015694002,-0.018723289,-0.0018237144,0.00028820348,-0.0045562023,-0.020735385,-0.0070062024,-0.013525896,-0.004687285,0.003182461,-0.017545,-0.019460281,-0.009754676,0.011125533,0.009179794,0.025150761
-0.008927064,0.012080252,0.014254824,0.0011684903,-0.0031867498,0.008892878,0.009650002,0.009410463,-0.010662627,-0.018801272,0.008149287,-0.0049284496,-0.0065015643,-0.009570864,0.008381405,0.01233736,-0.0021446138,-0.0065452373,-0.01236047,0.01313729,0.015098985,-0.0014658356,-0.00877124,-0.0057819774,-0.012725225,0.0133246705,-0.009910518,0.003938649,0.014742111,0.0018045611,0.0054187244,0.011518848
-0.01583736,0.0140479235,0.010947903,0.0008946052,0.003757088,-0.00029973255,0.016406551,0.018130101,-0.0094794035,-0.0037973858,0.0018329826,-0.010235011,-0.015154759,0.007386979,0.018997634,0.007448165,0.00015694002,-0.018723289,-0.0018237144,0.00028820348,-0.0045562023,-0.020735385,-0.0070062024,-0.013525896,-0.004687285,0.003182461,-0.017545,-0.019460281,-0.009754676,0.011125533,0.009179794,0.025150761
-0.008927064,0.012080252,0.014254824,0.0011684903,-0.0031867498,0.008892878,0.009650002,0.009410463,-0.010662627,-0.018801272,0.008149287,-0.0049284496,-0.0065015643,-0.009570864,0.008381405,0.01233736,-0.0021446138,-0.0065452373,-0.01236047,0.01313729,0.015098985,-0.0014658356,-0.00877124,-0.0057819774,-0.012725225,0.0133246705,-0.009910518,0.003938649,0.014742111,0.0018045611,0.0054187244,0.011518848
-0.01583736,0.0140479235,0.010947903,0.0008946052,0.003757088,-0.00029973255,0.016406551,0.018130101,-0.0094794035,-0.0037973858,0.0018329826,-0.010235011,-0.015154759,0.007386979,0.018997634,0.007448165,0.00015694002,-0.018723289,-0.0018237144,0.00028820348,-0.0045562023,-0.020735385,-0.0070062024,-0.013525896,-0.004687285,0.003182461,-0.017545,-0.019460281,-0.009754676,0.011125533,0.009179794,0.025150761
-0.008927064,0.012080252,0.014254824,0.0011684903,-0.0031867498,0.008892878,0.009650002,0.009410463,-0.010662627,-0.018801272,0.008149287,-0.0049284496,-0.0065015643,-0.009570864,0.008381405,0.01233736,-0.0021446138,-0.0065452373,-0.01236047,0.01313729,0.015098985,-0.0014658356,-0.00877124,-0.0057819774,-0.012725225,0.0133246705,-0.009910518,0.003938649,0.014742111,0.0018045611,0.0054187244,0.011518848
-0.01583736,0.0140479235,0.010947903,0.0008946052,0.003757088,-0.00029973255,0.016406551,0.018130101,-0.0094794035,-0.0037973858,0.0018329826,-0.010235011,-0.015154759,0.007386979,0.018997634,0.007448165,0.00015694002,-0.018723289,-0.0018237144,0.00028820348,-0.0045562023,-0.020735385,-0.0070062024,-0.013525896,-0.004687285,0.003182461,-0.017545,-0.019460281,-0.009754676,0.011125533,0.009179794,0.025150761
-0.008927064,0.012080252,0.014254824,0.0011684903,-0.0031867498,0.008892878,0.009650002,0.009410463,-0.010662627,-0.018801272,0.008149287,-0.0049284496,-0.0065015643,-0.009570864,0.008381405,0.01233736,-0.0021446138,-0.0065452373,-0.01236047,0.01313729,0.015098985,-0.0014658356,-0.00877124,-0.0057819774,-0.012725225,0.0133246705,-0.009910518,0.003938649,0.014742111,0.0018045611,0.0054187244,0.011518848
-0.01583736,0.0140479235,0.010947903,0.0008946052,0.003757088,-0.00029973255,0.016406551,0.018130101,-0.0094794035,-0.0037973858,0.0018329826,-0.010235011,-0.015154759,0.007386979,0.018997634,0.007448165,0.00015694002,-0.018723289,-0.0018237144,0.00028820348,-0.0045562023,-0.020735385,-0.0070062024,-0.013525896,-0.004687285,0.003182461,-0.017545,-0.019460281,-0.009754676,0.011125533,0.009179794,0.025150761
-0.008927064,0.012080252,0.014254824,0.0011684903,-0.0031867498,0.008892878,0.009650002,0.009410463,-0.010662627,-0.018801272,0.008149287,-0.0049284496,-0.0065015643,-0.009570864,0.008381405,0.01233736,-0.0021446138,-0.0065452373,-0.01236047,0.01313729,0.015098985,-0.0014658356,-0.00877124,-0.0057819774,-0.012725225,0.0133246705,-0.009910518,0.003938649,0.014742111,0.0018045611,0.0054187244,0.011518848
-0.01583736,0.0140479235,0.010947903,0.0008946052,0.003757088,-0.00029973255,0.016406551,0.018130101,-0.0094794035,-0.0037973858,0.0018329826,-0.010235011,-0.015154759,0.007386979,0.018997634,0.007448165,0.00015694002,-0.018723289,-0.0018237144,0.00028820348,-0.0045562023,-0.020735385,-0.0070062024,-0.013525896,-0.004687285,0.003182461,-0.017545,-0.019460281,-0.009754676,0.011125533,0.009179794,0.025150761
-0.008927064,0.012080252,0.014254824,0.0011684903,-0.0031867498,0.008892878,0.009650002,0.009410463,-0.010662627,-0.018801272,0.008149287,-0.0049284496,-0.0065015643,-0.009570864,0.008381405,0.01233736,-0.0021446138,-0.0065452373,-0.01236047,0.01313729,0.015098985,-0.0014658356,-0.00877124,-0.0057819774,-0.012725225,0.0133246705,-0.009910518,0.003938649,0.014742111,0.0018045611,0.0054187244,0.011518848
-0.01583736,0.0140479235,0.010947903,0.0008946052,0.003757088,-0.00029973255,0.016406551,0.018130101,-0.0094794035,-0.0037973858,0.0018329826,-0.010235011,-0.015154759,0.007386979,0.018997634,0.007448165,0.00015694002,-0.018723289,-0.0018237144,0.00028820348,-0.0045562023,-0.020735385,-0.0070062024,-0.013525896,-0.004687285,0.003182461,-0.017545,-0.019460281,-0.009754676,0.011125533,0.009179794,0.025150761
-0.008927064,0.012080252,0.014254824,0.0011684903,-0.0031867498,0.008892878,0.009650002,0.009410463,-0.010662627,-0.018801272,0.008149287,-0.0049284496,-0.0065015643,-0.009570864,0.008381405,0.01233736,-0.0021446138,-0.0065452373,-0.01236047,0.01313729,0.015098985,-0.0014658356,-0.00877124,-0.0057819774,-0.012725225,0.0133246705,-0.009910518,0.003938649,0.014742111,0.0018045611,0.0054187244,0.011518848
0.28910068,0.10039425,-0.37703994,0.5382756,0.42481238,0.07226082,0.34444702,0.15350565,0.14216411,0.3741119,-0.13736676,-0.104946874,0.119033165,-0.51315534,0.34139767,-0.024692928,0.1507406,-0.6243045,0.004747858,0.24964242,-0.6759653,0.4348528,-0.80784863,0.104770936,-0.22885348,0.15466075,0.10156682,-0.121019654,-0.35353124,0.19808954,0.050357427,-0.11451441
-0.40227777,0.1229919,0.4336744,0.2385859,0.31730703,0.6082021,0.044883776,-0.22024953,-0.33004308,-1.0135658,0.36395875,-0.2775596,-0.41177973,0.63177127,0.28868884,0.43628064,0.22675316,0.21571542,-0.04523821,0.07834993,0.5175874,-0.43985757,0.06281595,-0.18336485,-0.26518735,0.24420947,0.0805522,0.5325069,-0.11388219,-0.36021703,0.30958617,0.4897713
0.14766495,-0.2091287,-0.57635903,-0.7438391,-0.5204744,0.20425372,0.36450243,0.77740693,0.03196149,-0.574701,-0.01350121,0.016811308,0.47481835,-0.2552084,-0.49213257,0.14381334,0.0056072427,0.14361428,1.0859804,0.25188756,0.14221698,0.16605346,-0.74519956,-0.50244576,-0.3972385,-0.23712468,-0.041851714,-0.06437989,0.1576855,0.21749833,0.31895828,0.016563533
-0.84935564,0.5614528,0.35169253,0.62839,0.7379486,0.3645946,0.1580967,-0.8810904,-0.29750064,-0.8648148,0.28221813,-0.091415495,-0.11029463,1.2820442,-0.021564271,-0.75798726,0.2891731,0.13440976,-0.34705564,-0.09391554,0.62282175,-0.104614556,-0.015060303,0.0767039,-0.07270527,-0.04898449,-0.10866227,-0.3383504,-0.2380352,-0.4223449,0.43445134,0.78785676
-0.30731854,-0.22365715,-0.45873442,-0.25528124,-0.1871503,0.069952354,0.10016625,0.56251115,-0.041847818,-0.2574978,-0.122411765,0.07075622,-0.05016251,0.46431446,0.3866711,0.18309414,0.08351268,0.39569178,0.23655151,0.15362643,0.23780625,-0.08684839,0.09123655,-0.40337723,-0.23892881,-0.06487009,-0.41946322,-0.06273425,-0.014183843,-0.5285271,0.008114514,-0.46671546
-0.16766508,0.46466273,0.2440479,0.09729663,0.19828156,-0.5239362,0.11967791,-0.10484722,-0.12673263,-0.22414741,-0.022554059,-0.63215554,-0.28407383,0.5508254,-0.0098325545,-0.280236,-0.47512975,-0.09764077,-0.17009819,0.029493906,0.538976,0.65037423,0.05320276,0.1831958,-0.30374655,0.023596259,-0.050566204,-0.28640842,-0.13185897,-0.10620309,0.28929344,0.33716488
-0.01583736,0.0140479235,0.010947903,0.0008946052,0.003757088,-0.00029973255,0.016406551,0.018130101,-0.0094794035,-0.0037973858,0.0018329826,-0.010235011,-0.015154759,0.007386979,0.018997634,0.007448165,0.00015694002,-0.018723289,-0.0018237144,0.00028820348,-0.0045562023,-0.020735385,-0.0070062024,-0.013525896,-0.004687285,0.003182461,-0.017545,-0.019460281,-0.009754676,0.011125533,0.009179794,0.025150761
-0.008927064,0.012080252,0.014254824,0.0011684903,-0.0031867498,0.008892878,0.009650002,0.009410463,-0.010662627,-0.018801272,0.008149287,-0.0049284496,-0.0065015643,-0.009570864,0.008381405,0.01233736,-0.0021446138,-0.0065452373,-0.01236047,0.01313729,0.015098985,-0.0014658356,-0.00877124,-0.0057819774,-0.012725225,0.0133246705,-0.009910518,0.003938649,0.014742111,0.0018045611,0.0054187244,0.011518848
-0.01583736,0.0140479235,0.010947903,0.0008946052,0.003757088,-0.00029973255,0.016406551,0.018130101,-0.0094794035,-0.0037973858,0.0018329826,-0.010235011,-0.015154759,0.007386979,0.018997634,0.007448165,0.00015694002,-0.018723289,-0.0018237144,0.00028820348,-0.0045562023,-0.020735385,-0.0070062024,-0.013525896,-0.004687285,0.003182461,-0.017545,-0.019460281,-0.009754676,0.011125533,0.009179794,0.025150761
-0.008927064,0.012080252,0.014254824,0.0011684903,-0.0031867498,0.008892878,0.009650002,0.009410463,-0.010662627,-0.018801272,0.008149287,-0.0049284496,-0.0065015643,-0.009570864,0.008381405,0.01233736,-0.0021446138,-0.0065452373,-0.01236047,0.01313729,0.015098985,-0.0014658356,-0.00877124,-0.0057819774,-0.012725225,0.0133246705,-0.009910518,0.003938649,0.014742111,0.0018045611,0.0054187244,0.011518848
-0.01583736,0.0140479235,0.010947903,0.0008946052,0.003757088,-0.00029973255,0.016406551,0.018130101,-0.0094794035,-0.0037973858,0.0018329826,-0.010235011,-0.015154759,0.007386979,0.018997634,0.007448165,0.00015694002,-0.018723289,-0.0018237144,0.00028820348,-0.0045562023,-0.020735385,-0.0070062024,-0.013525896,-0.004687285,0.003182461,-0.017545,-0.019460281,-0.009754676,0.011125533,0.009179794,0.025150761
-0.008927064,0.012080252,0.014254824,0.0011684903,-0.0031867498,0.008892878,0.009650002,0.009410463,-0.010662627,-0.018801272,0.008149287,-0.0049284496,-0.0065015643,-0.009570864,0.008381405,0.01233736,-0.0021446138,-0.0065452373,-0.01236047,0.01313729,0.015098985,-0.0014658356,-0.00877124,-0.0057819774,-0.012725225,0.0133246705,-0.009910518,0.003938649,0.014742111,0.0018045611,0.0054187244,0.011518848
-0.01583736,0.0140479235,0.010947903,0.0008946052,0.003757088,-0.00029973255,0.016406551,0.018130101,-0.0094794035,-0.0037973858,0.0018329826,-0.010235011,-0.015154759,0.007386979,0.018997634,0.007448165,0.00015694002,-0.018723289,-0.0018237144,0.00028820348,-0.0045562023,-0.020735385,-0.0070062024,-0.013525896,-0.004687285,0.003182461,-0.017545,-0.019460281,-0.009754676,0.011125533,0.009179794,0.025150761
-0.008927064,0.012080252,0.014254824,0.0011684903,-0.0031867498,0.008892878,0.009650002,0.009410463,-0.010662627,-0.018801272,0.008149287,-0.0049284496,-0.0065015643,-0.009570864,0.008381405,0.01233736,-0.0021446138,-0.0065452373,-0.01236047,0.01313729,0.015098985,-0.0014658356,-0.00877124,-0.0057819774,-0.012725225,0.0133246705,-0.009910518,0.003938649,0.014742111,0.0018045611,0.0054187244,0.011518848
-0.01583736,0.0140479235,0.010947903,0.0008946052,0.003757088,-0.00029973255,0.016406551,0.018130101,-0.0094794035,-0.0037973858,0.0018329826,-0.010235011,-0.015154759,0.007386979,0.018997634,0.007448165,0.00015694002,-0.018723289,-0.0018237144,0.00028820348,-0.0045562023,-0.020735385,-0.0070062024,-0.013525896,-0.004687285,0.003182461,-0.017545,-0.019460281,-0.009754676,0.011125533,0.009179794,0.025150761
-0.008927064,0.012080252,0.014254824,0.0011684903,-0.0031867498,0.008892878,0.009650002,0.009410463,-0.010662627,-0.018801272,0.008149287,-0.0049284496,-0.0065015643,-0.009570864,0.008381405,0.01233736,-0.0021446138,-0.0065452373,-0.01236047,0.01313729,0.015098985,-0.0014658356,-0.00877124,-0.0057819774,-0.012725225,0.0133246705,-0.009910518,0.003938649,0.014742111,0.0018045611,0.0054187244,0.011518848
-0.01583736,0.0140479235,0.010947903,0.0008946052,0.003757088,-0.00029973255,0.016406551,0.018130101,-0.0094794035,-0.0037973858,0.0018329826,-0.010235011,-0.015154759,0.007386979,0.018997634,0.007448165,0.00015694002,-0.018723289,-0.0018237144,0.00028820348,-0.0045562023,-0.020735385,-0.0070062024,-0.013525896,-0.004687285,0.003182461,-0.017545,-0.019460281,-0.009754676,0.011125533,0.009179794,0.025150761
-0.008927064,0.012080252,0.014254824,0.0011684903,-0.0031867498,0.008892878,0.009650002,0.009410463,-0.010662627,-0.018801272,0.008149287,-0.0049284496,-0.0065015643,-0.009570864,0.008381405,0.01233736,-0.0021446138,-0.0065452373,-0.01236047,0.01313729,0.015098985,-0.0014658356,-0.00877124,-0.0057819774,-0.012725225,0.0133246705,-0.009910518,0.003938649,0.014742111,0.0018045611,0.0054187244,0.011518848
-0.01583736,0.0140479235,0.010947903,0.0008946052,0.003757088,-0.00029973255,0.016406551,0.018130101,-0.0094794035,-0.0037973858,0.0018329826,-0.010235011,-0.015154759,0.007386979,0.018997634,0.007448165,0.00015694002,-0.018723289,-0.0018237144,0.00028820348,-0.0045562023,-0.020735385,-0.0070062024,-0.013525896,-0.004687285,0.003182461,-0.017545,-0.019460281,-0.009754676,0.011125533,0.009179794,0.025150761
-0.008927064,0.012080252,0.014254824,0.0011684903,-0.0031867498,0.008892878,0.009650002,0.009410463,-0.010662627,-0.018801272,0.008149287,-0.0049284496,-0.0065015643,-0.009570864,0.008381405,0.01233736,-0.0021446138,-0.0065452373,-0.01236047,0.01313729,0.015098985,-0.0014658356,-0.00877124,-0.0057819774,-0.012725225,0.0133246705,-0.009910518,0.003938649,0.014742111,0.0018045611,0.0054187244,0.011518848
-0.01583736,0.0140479235,0.010947903,0.0008946052,0.003757088,-0.00029973255,0.016406551,0.018130101,-0.0094794035,-0.0037973858,0.0018329826,-0.010235011,-0.015154759,0.007386979,0.018997634,0.007448165,0.00015694002,-0.018723289,-0.0018237144,0.00028820348,-0.0045562023,-0.020735385,-0.0070062024,-0.013525896,-0.004687285,0.003182461,-0.017545,-0.019460281,-0.009754676,0.011125533,0.009179794,0.025150761
-0.008927064,0.012080252,0.014254824,0.0011684903,-0.0031867498,0.008892878,0.009650002,0.009410463,-0.010662627,-0.018801272,0.008149287,-0.0049284496,-0.0065015643,-0.009570864,0.008381405,0.01233736,-0.0021446138,-0.0065452373,-0.01236047,0.01313729,0.015098985,-0.0014658356,-0.00877124,-0.0057819774,-0.012725225,0.0133246705,-0.009910518,0.003938649,0.014742111,0.0018045611,0.0054187244,0.011518848
-0.01583736,0.0140479235,0.010947903,0.0008946052,0.003757088,-0.00029973255,0.016406551,0.018130101,-0.0094794035,-0.0037973858,0.0018329826,-0.010235011,-0.015154759,0.007386979,0.018997634,0.007448165,0.00015694002,-0.018723289,-0.0018237144,0.00028820348,-0.0045562023,-0.020735385,-0.0070062024,-0.013525896,-0.004687285,0.003182461,-0.017545,-0.019460281,-0.009754676,0.011125533,0.009179794,0.025150761
-0.008927064,0.012080252,0.014254824,0.0011684903,-0.0031867498,0.008892878,0.009650002,0.009410463,-0.010662627,-0.018801272,0.008149287,-0.0049284496,-0.0065015643,-0.009570864,0.008381405,0.01233736,-0.0021446138,-0.0065452373,-0.01236047,0.01313729,0.015098985,-0.0014658356,-0.00877124,-0.0057819774,-0.012725225,0.0133246705,-0.009910518,0.003938649,0.014742111,0.0018045611,0.0054187244,0.011518848
-0.01583736,0.0140479235,0.010947903,0.0008946052,0.003757088,-0.00029973255,0.016406551,0.018130101,-0.0094794035,-0.0037973858,0.0018329826,-0.010235011,-0.015154759,0.007386979,0.018997634,0.007448165,0.00015694002,-0.018723289,-0.0018237144,0.00028820348,-0.0045562023,-0.020735385,-0.0070062024,-0.013525896,-0.004687285,0.003182461,-0.017545,-0.019460281,-0.009754676,0.011125533,0.009179794,0.025150761
-0.008927064,0.012080252,0.014254824,0.0011684903,-0.0031867498,0.008892878,0.009650002,0.009410463,-0.010662627,-0.018801272,0.008149287,-0.0049284496,-0.0065015643,-0.009570864,0.008381405,0.01233736,-0.0021446138,-0.0065452373,-0.01236047,0.01313729,0.015098985,-0.0014658356,-0.00877124,-0.0057819774,-0.012725225,0.0133246705,-0.009910518,0.003938649,0.014742111,0.0018045611,0.0054187244,0.011518848
-0.01583736,0.0140479235,0.010947903,0.0008946052,0.003757088,-0.00029973255,0.016406551,0.018130101,-0.0094794035,-0.0037973858,0.0018329826,-0.010235011,-0.015154759,0.007386979,0.018997634,0.007448165,0.00015694002,-0.018723289,-0.0018237144,0.00028820348,-0.0045562023,-0.020735385,-0.0070062024,-0.013525896,-0.004687285,0.003182461,-0.017545,-0.019460281,-0.009754676,0.011125533,0.009179794,0.025150761
-0.008927064,0.012080252,0.014254824,0.0011684903,-0.0031867498,0.008892878,0.009650002,0.009410463,-0.010662627,-0.018801272,0.008149287,-0.0049284496,-0.0065015643,-0.009570864,0.008381405,0.01233736,-0.0021446138,-0.0065452373,-0.01236047,0.01313729,0.015098985,-0.0014658356,-0.00877124,-0.0057819774,-0.012725225,0.0133246705,-0.009910518,0.003938649,0.014742111,0.0018045611,0.0054187244,0.011518848
-0.01583736,0.0140479235,0.010947903,0.0008946052,0.003757088,-0.00029973255,0.016406551,0.018130101,-0.0094794035,-0.0037973858,0.0018329826,-0.010235011,-0.015154759,0.007386979,0.018997634,0.007448165,0.00015694002,-0.018723289,-0.0018237144,0.00028820348,-0.0045562023,-0.020735385,-0.0070062024,-0.013525896,-0.004687285,0.003182461,-0.017545,-0.019460281,-0.009754676,0.011125533,0.009179794,0.025150761
-0.008927064,0.012080252,0.014254824,0.0011684903,-0.0031867498,0.008892878,0.009650002,0.009410463,-0.010662627,-0.018801272,0.008149287,-0.0049284496,-0.0065015643,-0.009570864,0.008381405,0.01233736,-0.0021446138,-0.0065452373,-0.01236047,0.01313729,0.015098985,-0.0014658356,-0.00877124,-0.0057819774,-0.012725225,0.0133246705,-0.009910518,0.003938649,0.014742111,0.0018045611,0.0054187244,0.011518848
-0.01583736,0.0140479235,0.010947903,0.0008946052,0.003757088,-0.00029973255,0.016406551,0.018130101,-0.0094794035,-0.0037973858,0.0018329826,-0.010235011,-0.015154759,0.007386979,0.018997634,0.007448165,0.00015694002,-0.018723289,-0.0018237144,0.00028820348,-0.0045562023,-0.020735385,-0.0070062024,-0.013525896,-0.004687285,0.003182461,-0.017545,-0.019460281,-0.009754676,0.011125533,0.009179794,0.025150761
-0.008927064,0.012080252,0.014254824,0.0011684903,-0.0031867498,0.008892878,0.009650002,0.009410463,-0.010662627,-0.018801272,0.008149287,-0.0049284496,-0.0065015643,-0.009570864,0.008381405,0.01233736,-0.0021446138,-0.0065452373,-0.01236047,0.01313729,0.015098985,-0.0014658356,-0.00877124,-0.0057819774,-0.012725225,0.0133246705,-0.009910518,0.003938649,0.014742111,0.0018045611,0.0054187244,0.011518848
-0.01583736,0.0140479235,0.010947903,0.0008946052,0.003757088,-0.00029973255,0.016406551,0.018130101,-0.0094794035,-0.0037973858,0.0018329826,-0.010235011,-0.015154759,0.007386979,0.018997634,0.007448165,0.00015694002,-0.018723289,-0.0018237144,0.00028820348,-0.0045562023,-0.020735385,-0.0070062024,-0.013525896,-0.004687285,0.003182461,-0.017545,-0.019460281,-0.009754676,0.011125533,0.009179794,0.025150761
-0.008927064,0.012080252,0.014254824,0.0011684903,-0.0031867498,0.008892878,0.009650002,0.009410463,-0.010662627,-0.018801272,0.008149287,-0.0049284496,-0.0065015643,-0.009570864,0.008381405,0.01233736,-0.0021446138,-0.0065452373,-0.01236047,0.01313729,0.015098985,-0.0014658356,-0.00877124,-0.0057819774,-0.012725225,0.0133246705,-0.009910518,0.003938649,0.014742111,0.0018045611,0.0054187244,0.011518848
-0.01583736,0.0140479235,0.010947903,0.0008946052,0.003757088,-0.00029973255,0.016406551,0.018130101,-0.0094794035,-0.0037973858,0.0018329826,-0.010235011,-0.015154759,0.007386979,0.018997634,0.007448165,0.00015694002,-0.018723289,-0.0018237144,0.00028820348,-0.0045562023,-0.020735385,-0.0070062024,-0.013525896,-0.004687285,0.003182461,-0.017545,-0.019460281,-0.009754676,0.011125533,0.009179794,0.025150761
-0.008927064,0.012080252,0.014254824,0.0011684903,-0.0031867498,0.008892878,0.009650002,0.009410463,-0.010662627,-0.018801272,0.008149287,-0.0049284496,-0.0065015643,-0.009570864,0.008381405,0.01233736,-0.0021446138,-0.0065452373,-0.01236047,0.01313729,0.015098985,-0.0014658356,-0.00877124,-0.0057819774,-0.012725225,0.0133246705,-0.009910518,0.003938649,0.014742111,0.0018045611,0.0054187244,0.011518848
-0.01583736,0.0140479235,0.010947903,0.0008946052,0.003757088,-0.00029973255,0.016406551,0.018130101,-0.0094794035,-0.0037973858,0.0018329826,-0.010235011,-0.015154759,0.007386979,0.018997634,0.007448165,0.00015694002,-0.018723289,-0.0018237144,0.00028820348,-0.0045562023,-0.020735385,-0.0070062024,-0.013525896,-0.004687285,0.003182461,-0.017545,-0.019460281,-0.009754676,0.011125533,0.009179794,0.025150761
-0.008927064,0.012080252,0.014254824,0.0011684903,-0.0031867498,0.008892878,0.009650002,0.009410463,-0.010662627,-0.018801272,0.008149287,-0.0049284496,-0.0065015643,-0.009570864,0.008381405,0.01233736,-0.0021446138,-0.0065452373,-0.01236047,0.01313729,0.015098985,-0.0014658356,-0.00877124,-0.0057819774,-0.012725225,0.0133246705,-0.009910518,0.003938649,0.014742111,0.0018045611,0.0054187244,0.011518848
-0.01583736,0.0140479235,0.010947903,0.0008946052,0.003757088,-0.00029973255,0.016406551,0.018130101,-0.0094794035,-0.0037973858,0.0018329826,-0.010235011,-0.015154759,0.007386979,0.018997634,0.007448165,0.00015694002,-0.018723289,-0.0018237144,0.00028820348,-0.0045562023,-0.020735385,-0.0070062024,-0.013525896,-0.004687285,0.003182461,-0.017545,-0.019460281,-0.009754676,0.011125533,0.009179794,0.025150761
-0.008927064,0.012080252,0.014254824,0.0011684903,-0.0031867498,0.008892878,0.009650002,0.009410463,-0.010662627,-0.018801272,0.008149287,-0.0049284496,-0.0065015643,-0.009570864,0.008381405,0.01233736,-0.0021446138,-0.0065452373,-0.01236047,0.01313729,0.015098985,-0.0014658356,-0.00877124,-0.0057819774,-0.012725225,0.0133246705,-0.009910518,0.003938649,0.014742111,0.0018045611,0.0054187244,0.011518848
-0.01583736,0.0140479235,0.010947903,0.0008946052,0.003757088,-0.00029973255,0.016406551,0.018130101,-0.0094794035,-0.0037973858,0.0018329826,-0.010235011,-0.015154759,0.007386979,0.018997634,0.007448165,0.00015694002,-0.018723289,-0.0018237144,0.00028820348,-0.0045562023,-0.020735385,-0.0070062024,-0.013525896,-0.004687285,0.003182461,-0.017545,-0.019460281,-0.009754676,0.011125533,0.009179794,0.025150761
-0.008927064,0.012080252,0.014254824,0.0011684903,-0.0031867498,0.008892878,0.009650002,0.009410463,-0.010662627,-0.018801272,0.008149287,-0.0049284496,-0.0065015643,-0.009570864,0.008381405,0.01233736,-0.0021446138,-0.0065452373,-0.01236047,0.01313729,0.015098985,-0.0014658356,-0.00877124,-0.0057819774,-0.012725225,0.0133246705,-0.009910518,0.003938649,0.014742111,0.0018045611,0.0054187244,0.011518848
-0.01583736,0.0140479235,0.010947903,0.0008946052,0.003757088,-0.00029973255,0.016406551,0.018130101,-0.0094794035,-0.0037973858,0.0018329826,-0.010235011,-0.015154759,0.007386979,0.018997634,0.007448165,0.00015694002,-0.018723289,-0.0018237144,0.00028820348,-0.0045562023,-0.020735385,-0.0070062024,-0.013525896,-0.004687285,0.003182461,-0.017545,-0.019460281,-0.009754676,0.011125533,0.009179794,0.025150761
-0.008927064,0.012080252,0.014254824,0.0011684903,-0.0031867498,0.008892878,0.009650002,0.009410463,-0.010662627,-0.018801272,0.008149287,-0.0049284496,-0.0065015643,-0.009570864,0.008381405,0.01233736,-0.0021446138,-0.0065452373,-0.01236047,0.01313729,0.015098985,-0.0014658356,-0.00877124,-0.0057819774,-0.012725225,0.0133246705,-0.009910518,0.003938649,0.014742111,0.0018045611,0.0054187244,0.011518848
-0.01583736,0.0140479235,0.010947903,0.0008946052,0.003757088,-0.00029973255,0.016406551,0.018130101,-0.0094794035,-0.0037973858,0.0018329826,-0.010235011,-0.015154759,0.007386979,0.018997634,0.007448165,0.00015694002,-0.018723289,-0.0018237144,0.00028820348,-0.0045562023,-0.020735385,-0.0070062024,-0.013525896,-0.004687285,0.003182461,-0.017545,-0.019460281,-0.009754676,0.011125533,0.009179794,0.025150761
-0.008927064,0.012080252,0.014254824,0.0011684903,-0.0031867498,0.008892878,0.009650002,0.009410463,-0.010662627,-0.018801272,0.008149287,-0.0049284496,-0.0065015643,-0.009570864,0.008381405,0.01233736,-0.0021446138,-0.0065452373,-0.01236047,0.01313729,0.015098985,-0.0014658356,-0.00877124,-0.0057819774,-0.012725225,0.0133246705,-0.009910518,0.003938649,0.014742111,0.0018045611,0.0054187244,0.011518848
-0.01583736,0.0140479235,0.010947903,0.0008946052,0.003757088,-0.00029973255,0.016406551,0.018130101,-0.0094794035,-0.0037973858,0.0018329826,-0.010235011,-0.015154759,0.007386979,0.018997634,0.007448165,0.00015694002,-0.018723289,-0.0018237144,0.00028820348,-0.0045562023,-0.020735385,-0.0070062024,-0.013525896,-0.004687285,0.003182461,-0.017545,-0.019460281,-0.009754676,0.011125533,0.009179794,0.025150761
-0.008927064,0.012080252,0.014254824,0.0011684903,-0.0031867498,0.008892878,0.009650002,0.009410463,-0.010662627,-0.018801272,0.008149287,-0.0049284496,-0.0065015643,-0.009570864,0.008381405,0.01233736,-0.0021446138,-0.0065452373,-0.01236047,0.01313729,0.015098985,-0.0014658356,-0.00877124,-0.0057819774,-0.012725225,0.0133246705,-0.009910518,0.003938649,0.014742111,0.0018045611,0.0054187244,0.011518848
-0.01583736,0.0140479235,0.010947903,0.0008946052,0.003757088,-0.00029973255,0.016406551,0.018130101,-0.0094794035,-0.0037973858,0.0018329826,-0.010235011,-0.015154759,0.007386979,0.018997634,0.007448165,0.00015694002,-0.018723289,-0.0018237144,0.00028820348,-0.0045562023,-0.020735385,-0.0070062024,-0.013525896,-0.004687285,0.003182461,-0.017545,-0.019460281,-0.009754676,0.011125533,0.009179794,0.025150761
-0.008927064,0.012080252,0.014254824,0.0011684903,-0.0031867498,0.008892878,0.009650002,0.009410463,-0.010662627,-0.018801272,0.008149287,-0.0049284496,-0.0065015643,-0.009570864,0.008381405,0.01233736,-0.0021446138,-0.0065452373,-0.01236047,0.01313729,0.015098985,-0.0014658356,-0.00877124,-0.0057819774,-0.012725225,0.0133246705,-0.009910518,0.003938649,0.014742111,0.0018045611,0.0054187244,0.011518848
-0.01583736,0.0140479235,0.010947903,0.0008946052,0.003757088,-0.00029973255,0.016406551,0.018130101,-0.0094794035,-0.0037973858,0.0018329826,-0.010235011,-0.015154759,0.007386979,0.018997634,0.007448165,0.00015694002,-0.018723289,-0.0018237144,0.00028820348,-0.0045562023,-0.020735385,-0.0070062024,-0.013525896,-0.004687285,0.003182461,-0.017545,-0.019460281,-0.009754676,0.011125533,0.009179794,0.025150761
-0.008927064,0.012080252,0.014254824,0.0011684903,-0.0031867498,0.008892878,0.009650002,0.009410463,-0.010662627,-0.018801272,0.008149287,-0.0049284496,-0.0065015643,-0.009570864,0.008381405,0.01233736,-0.0021446138,-0.0065452373,-0.01236047,0.01313729,0.015098985,-0.0014658356,-0.00877124,-0.0057819774,-0.012725225,0.0133246705,-0.009910518,0.003938649,0.014742111,0.0018045611,0.0054187244,0.011518848
-0.01583736,0.0140479235,0.010947903,0.0008946052,0.003757088,-0.00029973255,0.016406551,0.018130101,-0.0094794035,-0.0037973858,0.0018329826,-0.010235011,-0.015154759,0.007386979,0.018997634,0.007448165,0.00015694002,-0.018723289,-0.0018237144,0.00028820348,-0.0045562023,-0.020735385,-0.0070062024,-0.013525896,-0.004687285,0.003182461,-0.017545,-0.019460281,-0.009754676,0.011125533,0.009179794,0.025150761
-0.008927064,0.012080252,0.014254824,0.0011684903,-0.0031867498,0.008892878,0.009650002,0.009410463,-0.010662627,-0.018801272,0.008149287,-0.0049284496,-0.0065015643,-0.009570864,0.008381405,0.01233736,-0.0021446138,-0.0065452373,-0.01236047,0.01313729,0.015098985,-0.0014658356,-0.00877124,-0.0057819774,-0.012725225,0.0133246705,-0.009910518,0.003938649,0.014742111,0.0018045611,0.0054187244,0.011518848
-0.01583736,0.0140479235,0.010947903,0.0008946052,0.003757088,-0.00029973255,0.016406551,0.018130101,-0.0094794035,-0.0037973858,0.0018329826,-0.010235011,-0.015154759,0.007386979,0.018997634,0.007448165,0.00015694002,-0.018723289,-0.0018237144,0.00028820348,-0.0045562023,-0.020735385,-0.0070062024,-0.013525896,-0.004687285,0.003182461,-0.017545,-0.019460281,-0.009754676,0.011125533,0.009179794,0.025150761
-0.008927064,0.012080252,0.014254824,0.0011684903,-0.0031867498,0.008892878,0.009650002,0.009410463,-0.010662627,-0.018801272,0.008149287,-0.0049284496,-0.0065015643,-0.009570864,0.008381405,0.01233736,-0.0021446138,-0.0065452373,-0.01236047,0.01313729,0.015098985,-0.0014658356,-0.00877124,-0.0057819774,-0.012725225,0.0133246705,-0.009910518,0.003938649,0.014742111,0.0018045611,0.0054187244,0.011518848
-0.01583736,0.0140479235,0.010947903,0.0008946052,0.003757088,-0.00029973255,0.016406551,0.018130101,-0.0094794035,-0.0037973858,0.0018329826,-0.010235011,-0.015154759,0.007386979,0.018997634,0.007448165,0.00015694002,-0.018723289,-0.0018237144,0.00028820348,-0.0045562023,-0.020735385,-0.0070062024,-0.013525896,-0.004687285,0.003182461,-0.017545,-0.019460281,-0.009754676,0.011125533,0.009179794,0.025150761
-0.008927064,0.012080252,0.014254824,0.0011684903,-0.0031867498,0.008892878,0.009650002,0.009410463,-0.010662627,-0.018801272,0.008149287,-0.0049284496,-0.0065015643,-0.009570864,0.008381405,0.01233736,-0.0021446138,-0.0065452373,-0.01236047,0.01313729,0.015098985,-0.0014658356,-0.00877124,-0.0057819774,-0.012725225,0.0133246705,-0.009910518,0.003938649,0.014742111,0.0018045611,0.0054187244,0.011518848
-0.01583736,0.0140479235,0.010947903,0.0008946052,0.003757088,-0.00029973255,0.016406551,0.018130101,-0.0094794035,-0.0037973858,0.0018329826,-0.010235011,-0.015154759,0.007386979,0.018997634,0.007448165,0.00015694002,-0.018723289,-0.0018237144,0.00028820348,-0.0045562023,-0.020735385,-0.0070062024,-0.013525896,-0.004687285,0.003182461,-0.017545,-0.019460281,-0.009754676,0.011125533,0.009179794,0.025150761
-0.008927064,0.012080252,0.014254824,0.0011684903,-0.0031867498,0.008892878,0.009650002,0.009410463,-0.010662627,-0.018801272,0.008149287,-0.0049284496,-0.0065015643,-0.009570864,0.008381405,0.01233736,-0.0021446138,-0.0065452373,-0.01236047,0.01313729,0.015098985,-0.0014658356,-0.00877124,-0.0057819774,-0.012725225,0.0133246705,-0.009910518,0.003938649,0.014742111,0.0018045611,0.0054187244,0.011518848
-0.01583736,0.0140479235,0.010947903,0.0008946052,0.003757088,-0.00029973255,0.016406551,0.018130101,-0.0094794035,-0.0037973858,0.0018329826,-0.010235011,-0.015154759,0.007386979,0.018997634,0.007448165,0.00015694002,-0.018723289,-0.0018237144,0.00028820348,-0.0045562023,-0.020735385,-0.0070062024,-0.013525896,-0.004687285,0.003182461,-0.017545,-0.019460281,-0.009754676,0.011125533,0.009179794,0.025150761
-0.008927064,0.012080252,0.014254824,0.0011684903,-0.0031867498,0.008892878,0.009650002,0.009410463,-0.010662627,-0.018801272,0.008149287,-0.0049284496,-0.0065015643,-0.009570864,0.008381405,0.01233736,-0.0021446138,-0.0065452373,-0.01236047,0.01313729,0.015098985,-0.0014658356,-0.00877124,-0.0057819774,-0.012725225,0.0133246705,-0.009910518,0.003938649,0.014742111,0.0018045611,0.0054187244,0.011518848
0.40579715,0.53354496,0.060777225,0.34802052,0.36107308,0.19641678,0.30940896,0.64836025,0.24197257,0.267486,-0.055439968,-0.2992939,0.11233961,-0.78928864,-0.33307093,-0.645314,0.4891739,-0.4293099,-0.12459893,0.19250992,-0.06901677,0.1079081,-0.85268897,-0.1603272,-0.056899242,0.21964937,0.19253771,0.09805183,0.5336888,0.7159297,-0.1323151,-0.11526345
-0.7462619,-0.17978853,0.35150605,-0.08934229,0.14610536,0.16572268,0.15197009,-0.15173903,0.15750127,-0.1533388,0.2531497,0.09761701,-0.42434046,-0.0725346,0.18960965,0.491577,-0.35948774,0.34993193,0.06845961,-0.17468545,0.10515633,-0.1075041,-0.20717196,0.4827181,-0.4359715,0.021511128,-0.53528374,0.1508838,-0.16366747,0.086604424,0.23292151,0.02492677
0.6090635,-0.40948164,-0.17000803,-0.43921536,-0.28409708,0.7350985,0.4309997,0.808929,0.45132485,-0.3115557,0.4198934,-0.5397309,1.0239633,-0.2148717,0.3607495,-0.25492215,-0.43458155,-0.1459957,0.044300947,-0.14534037,0.35426253,0.027474234,-0.3692709,-0.008452784,-0.35264105,-0.20147038,-0.6557003,-0.12782887,0.5120944,0.11661923,0.424255,-0.15069316
-0.42949477,-0.28159702,0.7709571,0.4754982,0.3583779,0.5630293,0.23641597,-0.6044712,-0.09304058,-0.5374148,0.2693426,0.41253918,-0.49535713,0.58431983,-0.27325344,-0.0026252558,0.37232706,0.2779152,-0.22183968,-0.19741853,0.13280779,-0.015915845,0.19060679,-0.34082517,-0.29161966,-0.34735632,-0.2987742,-0.056378383,0.68158424,-0.4311051,0.6067381,0.3613585
0.0204591,-0.18480648,-0.07364614,-0.2225317,-0.09308634,0.15268719,0.03678263,0.0111569455,0.39330417,-0.1664513,0.31890243,-0.108795755,0.042330302,-0.01148396,0.54473597,0.1171253,-0.36432862,0.2875199,0.08107528,-0.3765577,-0.05023541,-0.38170296,-0.15066771,-0.108763084,0.18884866,-0.43899813,-0.33823377,-0.19503595,0.13701335,-0.5973052,0.6021111,0.1604777
-0.34402025,0.45588994,-0.06831176,-0.19624795,0.3074193,0.37820157,0.18034613,-0.16598687,0.05917502,0.38631433,0.4287396,0.18204266,-0.083573446,0.0059272023,0.16387598,-0.06633662,-0.20243856,0.27766797,0.09345657,-0.17095566,0.10074085,0.14609985,0.095275566,-0.039541088,-0.22962373,-0.0011278838,0.024334932,-0.12247157,0.038839515,-0.1978574,0.34961393,-0.0886193
-0.01583736,0.0140479235,0.010947903,0.0008946052,0.003757088,-0.00029973255,0.016406551,0.018130101,-0.0094794035,-0.0037973858,0.0018329826,-0.010235011,-0.015154759,0.007386979,0.018997634,0.007448165,0.00015694002,-0.018723289,-0.0018237144,0.00028820348,-0.0045562023,-0.020735385,-0.0070062024,-0.013525896,-0.004687285,0.003182461,-0.017545,-0.019460281,-0.009754676,0.011125533,0.009179794,0.025150761
-0.008927064,0.012080252,0.014254824,0.0011684903,-0.0031867498,0.008892878,0.009650002,0.009410463,-0.010662627,-0.018801272,0.008149287,-0.0049284496,-0.0065015643,-0.009570864,0.008381405,0.01233736,-0.0021446138,-0.0065452373,-0.01236047,0.01313729,0.015098985,-0.0014658356,-0.00877124,-0.0057819774,-0.012725225,0.0133246705,-0.009910518,0.003938649,0.014742111,0.0018045611,0.0054187244,0.011518848
-0.01583736,0.0140479235,0.010947903,0.0008946052,0.003757088,-0.00029973255,0.016406551,0.018130101,-0.0094794035,-0.0037973858,0.0018329826,-0.010235011,-0.015154759,0.007386979,0.018997634,0.007448165,0.00015694002,-0.018723289,-0.0018237144,0.00028820348,-0.0045562023,-0.020735385,-0.0070062024,-0.013525896,-0.004687285,0.003182461,-0.017545,-0.019460281,-0.009754676,0.011125533,0.009179794,0.025150761
-0.008927064,0.012080252,0.014254824,0.0011684903,-0.0031867498,0.008892878,0.009650002,0.009410463,-0.010662627,-0.018801272,0.008149287,-0.0049284496,-0.0065015643,-0.009570864,0.008381405,0.01233736,-0.0021446138,-0.0065452373,-0.01236047,0.01313729,0.015098985,-0.0014658356,-0.00877124,-0.0057819774,-0.012725225,0.0133246705,-0.009910518,0.003938649,0.014742111,0.0018045611,0.0054187244,0.011518848
-0.01583736,0.0140479235,0.010947903,0.0008946052,0.003757088,-0.00029973255,0.016406551,0.018130101,-0.0094794035,-0.0037973858,0.0018329826,-0.010235011,-0.015154759,0.007386979,0.018997634,0.007448165,0.00015694002,-0.018723289,-0.0018237144,0.00028820348,-0.0045562023,-0.020735385,-0.0070062024,-0.013525896,-0.004687285,0.003182461,-0.017545,-0.019460281,-0.009754676,0.011125533,0.009179794,0.025150761
-0.008927064,0.012080252,0.014254824,0.0011684903,-0.0031867498,0.008892878,0.009650002,0.009410463,-0.010662627,-0.018801272,0.008149287,-0.0049284496,-0.0065015643,-0.009570864,0.008381405,0.01233736,-0.0021446138,-0.0065452373,-0.01236047,0.01313729,0.015098985,-0.0014658356,-0.00877124,-0.0057819774,-0.012725225,0.0133246705,-0.009910518,0.003938649,0.014742111,0.0018045611,0.0054187244,0.011518848
-0.01583736,0.0140479235,0.010947903,0.0008946052,0.003757088,-0.00029973255,0.016406551,0.018130101,-0.0094794035,-0.0037973858,0.0018329826,-0.010235011,-0.015154759,0.007386979,0.018997634,0.007448165,0.00015694002,-0.018723289,-0.0018237144,0.00028820348,-0.0045562023,-0.020735385,-0.0070062024,-0.013525896,-0.004687285,0.003182461,-0.017545,-0.019460281,-0.009754676,0.011125533,0.009179794,0.025150761
-0.008927064,0.012080252,0.014254824,0.0011684903,-0.0031867498,0.008892878,0.009650002,0.009410463,-0.010662627,-0.018801272,0.008149287,-0.0049284496,-0.0065015643,-0.009570864,0.008381405,0.01233736,-0.0021446138,-0.0065452373,-0.01236047,0.01313729,0.015098985,-0.0014658356,-0.00877124,-0.0057819774,-0.012725225,0.0133246705,-0.009910518,0.003938649,0.014742111,0.0018045611,0.0054187244,0.011518848
-0.01583736,0.0140479235,0.010947903,0.0008946052,0.003757088,-0.00029973255,0.016406551,0.018130101,-0.0094794035,-0.0037973858,0.0018329826,-0.010235011,-0.015154759,0.007386979,0.018997634,0.007448165,0.00015694002,-0.018723289,-0.0018237144,0.00028820348,-0.0045562023,-0.020735385,-0.0070062024,-0.013525896,-0.004687285,0.003182461,-0.017545,-0.019460281,-0.009754676,0.011125533,0.009179794,0.025150761
-0.008927064,0.012080252,0.014254824,0.0011684903,-0.0031867498,0.008892878,0.009650002,0.009410463,-0.010662627,-0.018801272,0.008149287,-0.0049284496,-0.0065015643,-0.009570864,0.008381405,0.01233736,-0.0021446138,-0.0065452373,-0.01236047,0.01313729,0.015098985,-0.0014658356,-0.00877124,-0.0057819774,-0.012725225,0.0133246705,-0.009910518,0.003938649,0.014742111,0.0018045611,0.0054187244,0.011518848
-0.01583736,0.0140479235,0.010947903,0.0008946052,0.003757088,-0.00029973255,0.016406551,0.018130101,-0.0094794035,-0.0037973858,0.0018329826,-0.010235011,-0.015154759,0.007386979,0.018997634,0.007448165,0.00015694002,-0.018723289,-0.0018237144,0.00028820348,-0.0045562023,-0.020735385,-0.0070062024,-0.013525896,-0.004687285,0.003182461,-0.017545,-0.019460281,-0.009754676,0.011125533,0.009179794,0.025150761
-0.008927064,0.012080252,0.014254824,0.0011684903,-0.0031867498,0.008892878,0.009650002,0.009410463,-0.010662627,-0.018801272,0.008149287,-0.0049284496,-0.0065015643,-0.009570864,0.008381405,0.01233736,-0.0021446138,-0.0065452373,-0.01236047,0.01313729,0.015098985,-0.0014658356,-0.00877124,-0.0057819774,-0.012725225,0.0133246705,-0.009910518,0.003938649,0.014742111,0.0018045611,0.0054187244,0.011518848
-0.01583736,0.0140479235,0.010947903,0.0008946052,0.003757088,-0.00029973255,0.016406551,0.018130101,-0.0094794035,-0.0037973858,0.0018329826,-0.010235011,-0.015154759,0.007386979,0.018997634,0.007448165,0.00015694002,-0.018723289,-0.0018237144,0.00028820348,-0.0045562023,-0.020735385,-0.0070062024,-0.013525896,-0.004687285,0.003182461,-0.017545,-0.019460281,-0.009754676,0.011125533,0.009179794,0.025150761
-0.008927064,0.012080252,0.014254824,0.0011684903,-0.0031867498,0.008892878,0.009650002,0.009410463,-0.010662627,-0.018801272,0.008149287,-0.0049284496,-0.0065015643,-0.009570864,0.008381405,0.01233736,-0.0021446138,-0.0065452373,-0.01236047,0.01313729,0.015098985,-0.0014658356,-0.00877124,-0.0057819774,-0.012725225,0.0133246705,-0.009910518,0.003938649,0.014742111,0.0018045611,0.0054187244,0.011518848
-0.01583736,0.0140479235,0.010947903,0.0008946052,0.003757088,-0.00029973255,0.016406551,0.018130101,-0.0094794035,-0.0037973858,0.0018329826,-0.010235011,-0.015154759,0.007386979,0.018997634,0.007448165,0.00015694002,-0.018723289,-0.0018237144,0.00028820348,-0.0045562023,-0.020735385,-0.0070062024,-0.013525896,-0.004687285,0.003182461,-0.017545,-0.019460281,-0.009754676,0.011125533,0.009179794,0.025150761
-0.008927064,0.012080252,0.014254824,0.0011684903,-0.0031867498,0.008892878,0.009650002,0.009410463,-0.010662627,-0.018801272,0.008149287,-0.0049284496,-0.0065015643,-0.009570864,0.008381405,0.01233736,-0.0021446138,-0.0065452373,-0.01236047,0.01313729,0.015098985,-0.0014658356,-0.00877124,-0.0057819774,-0.012725225,0.0133246705,-0.009910518,0.003938649,0.014742111,0.0018045611,0.0054187244,0.011518848
-0.01583736,0.0140479235,0.010947903,0.0008946052,0.003757088,-0.00029973255,0.016406551,0.018130101,-0.0094794035,-0.0037973858,0.0018329826,-0.010235011,-0.015154759,0.007386979,0.018997634,0.007448165,0.00015694002,-0.018723289,-0.0018237144,0.00028820348,-0.0045562023,-0.020735385,-0.0070062024,-0.013525896,-0.004687285,0.003182461,-0.017545,-0.019460281,-0.009754676,0.011125533,0.009179794,0.025150761
-0.008927064,0.012080252,0.014254824,0.0011684903,-0.0031867498,0.008892878,0.009650002,0.009410463,-0.010662627,-0.018801272,0.008149287,-0.0049284496,-0.0065015643,-0.009570864,0.008381405,0.01233736,-0.0021446138,-0.0065452373,-0.01236047,0.01313729,0.015098985,-0.0014658356,-0.00877124,-0.0057819774,-0.012725225,0.0133246705,-0.009910518,0.003938649,0.014742111,0.0018045611,0.0054187244,0.011518848
-0.01583736,0.0140479235,0.010947903,0.0008946052,0.003757088,-0.00029973255,0.016406551,0.018130101,-0.0094794035,-0.0037973858,0.0018329826,-0.010235011,-0.015154759,0.007386979,0.018997634,0.007448165,0.00015694002,-0.018723289,-0.0018237144,0.00028820348,-0.0045562023,-0.020735385,-0.0070062024,-0.013525896,-0.004687285,0.003182461,-0.017545,-0.019460281,-0.009754676,0.011125533,0.009179794,0.025150761
-0.008927064,0.012080252,0.014254824,0.0011684903,-0.0031867498,0.008892878,0.009650002,0.009410463,-0.010662627,-0.018801272,0.008149287,-0.0049284496,-0.0065015643,-0.009570864,0.008381405,0.01233736,-0.0021446138,-0.0065452373,-0.01236047,0.01313729,0.015098985,-0.0014658356,-0.00877124,-0.0057819774,-0.012725225,0.0133246705,-0.009910518,0.003938649,0.014742111,0.0018045611,0.0054187244,0.011518848
-0.01583736,0.0140479235,0.010947903,0.0008946052,0.003757088,-0.00029973255,0.016406551,0.018130101,-0.0094794035,-0.0037973858,0.0018329826,-0.010235011,-0.015154759,0.007386979,0.018997634,0.007448165,0.00015694002,-0.018723289,-0.0018237144,0.00028820348,-0.0045562023,-0.020735385,-0.0070062024,-0.013525896,-0.004687285,0.003182461,-0.017545,-0.019460281,-0.009754676,0.011125533,0.009179794,0.025150761
-0.008927064,0.012080252,0.014254824,0.0011684903,-0.0031867498,0.008892878,0.009650002,0.009410463,-0.010662627,-0.018801272,0.008149287,-0.0049284496,-0.0065015643,-0.009570864,0.008381405,0.01233736,-0.0021446138,-0.0065452373,-0.01236047,0.01313729,0.015098985,-0.0014658356,-0.00877124,-0.0057819774,-0.012725225,0.0133246705,-0.009910518,0.003938649,0.014742111,0.0018045611,0.0054187244,0.011518848
-0.01583736,0.0140479235,0.010947903,0.0008946052,0.003757088,-0.00029973255,0.016406551,0.018130101,-0.0094794035,-0.0037973858,0.0018329826,-0.010235011,-0.015154759,0.007386979,0.018997634,0.007448165,0.00015694002,-0.018723289,-0.0018237144,0.00028820348,-0.0045562023,-0.020735385,-0.0070062024,-0.013525896,-0.004687285,0.003182461,-0.017545,-0.019460281,-0.009754676,0.011125533,0.009179794,0.025150761
-0.008927064,0.012080252,0.014254824,0.0011684903,-0.0031867498,0.008892878,0.009650002,0.009410463,-0.010662627,-0.018801272,0.008149287,-0.0049284496,-0.0065015643,-0.009570864,0.008381405,0.01233736,-0.0021446138,-0.0065452373,-0.01236047,0.01313729,0.015098985,-0.0014658356,-0.00877124,-0.0057819774,-0.012725225,0.0133246705,-0.009910518,0.003938649,0.014742111,0.0018045611,0.0054187244,0.011518848
-0.01583736,0.0140479235,0.010947903,0.0008946052,0.003757088,-0.00029973255,0.016406551,0.018130101,-0.0094794035,-0.0037973858,0.0018329826,-0.010235011,-0.015154759,0.007386979,0.018997634,0.007448165,0.00015694002,-0.018723289,-0.0018237144,0.00028820348,-0.0045562023,-0.020735385,-0.0070062024,-0.013525896,-0.004687285,0.003182461,-0.017545,-0.019460281,-0.009754676,0.011125533,0.009179794,0.025150761
-0.008927064,0.012080252,0.014254824,0.0011684903,-0.0031867498,0.008892878,0.009650002,0.009410463,-0.010662627,-0.018801272,0.008149287,-0.0049284496,-0.0065015643,-0.009570864,0.008381405,0.01233736,-0.0021446138,-0.0065452373,-0.01236047,0.01313729,0.015098985,-0.0014658356,-0.00877124,-0.0057819774,-0.012725225,0.0133246705,-0.009910518,0.003938649,0.014742111,0.0018045611,0.0054187244,0.011518848
-0.01583736,0.0140479235,0.010947903,0.0008946052,0.003757088,-0.00029973255,0.016406551,0.018130101,-0.0094794035,-0.0037973858,0.0018329826,-0.010235011,-0.015154759,0.007386979,0.018997634,0.007448165,0.00015694002,-0.018723289,-0.0018237144,0.00028820348,-0.0045562023,-0.020735385,-0.0070062024,-0.013525896,-0.004687285,0.003182461,-0.017545,-0.019460281,-0.009754676,0.011125533,0.009179794,0.025150761
-0.008927064,0.012080252,0.014254824,0.0011684903,-0.0031867498,0.008892878,0.009650002,0.009410463,-0.010662627,-0.018801272,0.008149287,-0.0049284496,-0.0065015643,-0.009570864,0.008381405,0.01233736,-0.0021446138,-0.0065452373,-0.01236047,0.01313729,0.015098985,-0.0014658356,-0.00877124,-0.0057819774,-0.012725225,0.0133246705,-0.009910518,0.003938649,0.014742111,0.0018045611,0.0054187244,0.011518848
-0.01583736,0.0140479235,0.010947903,0.0008946052,0.003757088,-0.00029973255,0.016406551,0.018130101,-0.0094794035,-0.0037973858,0.0018329826,-0.010235011,-0.015154759,0.007386979,0.018997634,0.007448165,0.00015694002,-0.018723289,-0.0018237144,0.00028820348,-0.0045562023,-0.020735385,-0.0070062024,-0.013525896,-0.004687285,0.003182461,-0.017545,-0.019460281,-0.009754676,0.011125533,0.009179794,0.025150761
-0.008927064,0.012080252,0.014254824,0.0011684903,-0.0031867498,0.008892878,0.009650002,0.009410463,-0.010662627,-0.018801272,0.008149287,-0.0049284496,-0.0065015643,-0.009570864,0.008381405,0.01233736,-0.0021446138,-0.0065452373,-0.01236047,0.01313729,0.015098985,-0.0014658356,-0.00877124,-0.0057819774,-0.012725225,0.0133246705,-0.009910518,0.003938649,0.014742111,0.0018045611,0.0054187244,0.011518848
-0.01583736,0.0140479235,0.010947903,0.0008946052,0.003757088,-0.00029973255,0.016406551,0.018130101,-0.0094794035,-0.0037973858,0.0018329826,-0.010235011,-0.015154759,0.007386979,0.018997634,0.007448165,0.00015694002,-0.018723289,-0.0018237144,0.00028820348,-0.0045562023,-0.020735385,-0.0070062024,-0.013525896,-0.004687285,0.003182461,-0.017545,-0.019460281,-0.009754676,0.011125533,0.009179794,0.025150761
-0.008927064,0.012080252,0.014254824,0.0011684903,-0.0031867498,0.008892878,0.009650002,0.009410463,-0.010662627,-0.018801272,0.008149287,-0.0049284496,-0.0065015643,-0.009570864,0.008381405,0.01233736,-0.0021446138,-0.0065452373,-0.01236047,0.01313729,0.015098985,-0.0014658356,-0.00877124,-0.0057819774,-0.012725225,0.0133246705,-0.009910518,0.003938649,0.014742111,0.0018045611,0.0054187244,0.011518848
-0.01583736,0.0140479235,0.010947903,0.0008946052,0.003757088,-0.00029973255,0.016406551,0.018130101,-0.0094794035,-0.0037973858,0.0018329826,-0.010235011,-0.015154759,0.007386979,0.018997634,0.007448165,0.00015694002,-0.018723289,-0.0018237144,0.00028820348,-0.0045562023,-0.020735385,-0.0070062024,-0.013525896,-0.004687285,0.003182461,-0.017545,-0.019460281,-0.009754676,0.011125533,0.009179794,0.025150761
-0.008927064,0.012080252,0.014254824,0.0011684903,-0.0031867498,0.008892878,0.009650002,0.009410463,-0.010662627,-0.018801272,0.008149287,-0.0049284496,-0.0065015643,-0.009570864,0.008381405,0.01233736,-0.0021446138,-0.0065452373,-0.01236047,0.01313729,0.015098985,-0.0014658356,-0.00877124,-0.0057819774,-0.012725225,0.0133246705,-0.009910518,0.003938649,0.014742111,0.0018045611,0.0054187244,0.011518848
-0.01583736,0.0140479235,0.010947903,0.0008946052,0.003757088,-0.00029973255,0.016406551,0.018130101,-0.0094794035,-0.0037973858,0.0018329826,-0.010235011,-0.015154759,0.007386979,0.018997634,0.007448165,0.00015694002,-0.018723289,-0.0018237144,0.00028820348,-0.0045562023,-0.020735385,-0.0070062024,-0.013525896,-0.004687285,0.003182461,-0.017545,-0.019460281,-0.009754676,0.011125533,0.009179794,0.025150761
-0.008927064,0.012080252,0.014254824,0.0011684903,-0.0031867498,0.008892878,0.009650002,0.009410463,-0.010662627,-0.018801272,0.008149287,-0.0049284496,-0.0065015643,-0.009570864,0.008381405,0.01233736,-0.0021446138,-0.0065452373,-0.01236047,0.01313729,0.015098985,-0.0014658356,-0.00877124,-0.0057819774,-0.012725225,0.0133246705,-0.009910518,0.003938649,0.014742111,0.0018045611,0.0054187244,0.011518848
-0.01583736,0.0140479235,0.010947903,0.0008946052,0.003757088,-0.00029973255,0.016406551,0.018130101,-0.0094794035,-0.0037973858,0.0018329826,-0.010235011,-0.015154759,0.007386979,0.018997634,0.007448165,0.00015694002,-0.018723289,-0.0018237144,0.00028820348,-0.0045562023,-0.020735385,-0.0070062024,-0.013525896,-0.004687285,0.003182461,-0.017545,-0.019460281,-0.009754676,0.011125533,0.009179794,0.025150761
-0.008927064,0.012080252,0.014254824,0.0011684903,-0.0031867498,0.008892878,0.009650002,0.009410463,-0.010662627,-0.018801272,0.008149287,-0.0049284496,-0.0065015643,-0.009570864,0.008381405,0.01233736,-0.0021446138,-0.0065452373,-0.01236047,0.01313729,0.015098985,-0.0014658356,-0.00877124,-0.0057819774,-0.012725225,0.0133246705,-0.009910518,0.003938649,0.014742111,0.0018045611,0.0054187244,0.011518848
-0.01583736,0.0140479235,0.010947903,0.0008946052,0.003757088,-0.00029973255,0.016406551,0.018130101,-0.0094794035,-0.0037973858,0.0018329826,-0.010235011,-0.015154759,0.007386979,0.018997634,0.007448165,0.00015694002,-0.018723289,-0.0018237144,0.00028820348,-0.0045562023,-0.020735385,-0.0070062024,-0.013525896,-0.004687285,0.003182461,-0.017545,-0.019460281,-0.009754676,0.011125533,0.009179794,0.025150761
-0.008927064,0.012080252,0.014254824,0.0011684903,-0.0031867498,0.008892878,0.009650002,0.009410463,-0.010662627,-0.018801272,0.008149287,-0.0049284496,-0.0065015643,-0.009570864,0.008381405,0.01233736,-0.0021446138,-0.0065452373,-0.01236047,0.01313729,0.015098985,-0.0014658356,-0.00877124,-0.0057819774,-0.012725225,0.0133246705,-0.009910518,0.003938649,0.014742111,0.0018045611,0.0054187244,0.011518848
-0.01583736,0.0140479235,0.010947903,0.0008946052,0.003757088,-0.00029973255,0.016406551,0.018130101,-0.0094794035,-0.0037973858,0.0018329826,-0.010235011,-0.015154759,0.007386979,0.018997634,0.007448165,0.00015694002,-0.018723289,-0.0018237144,0.00028820348,-0.0045562023,-0.020735385,-0.0070062024,-0.013525896,-0.004687285,0.003182461,-0.017545,-0.019460281,-0.009754676,0.011125533,0.009179794,0.025150761
-0.008927064,0.012080252,0.014254824,0.0011684903,-0.0031867498,0.008892878,0.009650002,0.009410463,-0.010662627,-0.018801272,0.008149287,-0.0049284496,-0.0065015643,-0.009570864,0.008381405,0.01233736,-0.0021446138,-0.0065452373,-0.01236047,0.01313729,0.015098985,-0.0014658356,-0.00877124,-0.0057819774,-0.012725225,0.0133246705,-0.009910518,0.003938649,0.014742111,0.0018045611,0.0054187244,0.011518848
-0.01583736,0.0140479235,0.010947903,0.0008946052,0.003757088,-0.00029973255,0.016406551,0.018130101,-0.0094794035,-0.0037973858,0.0018329826,-0.010235011,-0.015154759,0.007386979,0.018997634,0.007448165,0.00015694002,-0.018723289,-0.0018237144,0.00028820348,-0.0045562023,-0.020735385,-0.0070062024,-0.013525896,-0.004687285,0.003182461,-0.017545,-0.019460281,-0.009754676,0.011125533,0.009179794,0.025150761
-0.008927064,0.012080252,0.014254824,0.0011684903,-0.0031867498,0.008892878,0.009650002,0.009410463,-0.010662627,-0.018801272,0.008149287,-0.0049284496,-0.0065015643,-0.009570864,0.008381405,0.01233736,-0.0021446138,-0.0065452373,-0.01236047,0.01313729,0.015098985,-0.0014658356,-0.00877124,-0.0057819774,-0.012725225,0.0133246705,-0.009910518,0.003938649,0.014742111,0.0018045611,0.0054187244,0.011518848
-0.01583736,0.0140479235,0.010947903,0.0008946052,0.003757088,-0.00029973255,0.016406551,0.018130101,-0.0094794035,-0.0037973858,0.0018329826,-0.010235011,-0.015154759,0.007386979,0.018997634,0.007448165,0.00015694002,-0.018723289,-0.0018237144,0.00028820348,-0.0045562023,-0.020735385,-0.0070062024,-0.013525896,-0.004687285,0.003182461,-0.017545,-0.019460281,-0.009754676,0.011125533,0.009179794,0.025150761
-0.008927064,0.012080252,0.014254824,0.0011684903,-0.0031867498,0.008892878,0.009650002,0.009410463,-0.010662627,-0.018801272,0.008149287,-0.0049284496,-0.0065015643,-0.009570864,0.008381405,0.01233736,-0.0021446138,-0.0065452373,-0.01236047,0.01313729,0.015098985,-0.0014658356,-0.00877124,-0.0057819774,-0.012725225,0.0133246705,-0.009910518,0.003938649,0.014742111,0.0018045611,0.0054187244,0.011518848
-0.01583736,0.0140479235,0.010947903,0.0008946052,0.003757088,-0.00029973255,0.016406551,0.018130101,-0.0094794035,-0.0037973858,0.0018329826,-0.010235011,-0.015154759,0.007386979,0.018997634,0.007448165,0.00015694002,-0.018723289,-0.0018237144,0.00028820348,-0.0045562023,-0.020735385,-0.0070062024,-0.013525896,-0.004687285,0.003182461,-0.017545,-0.019460281,-0.009754676,0.011125533,0.009179794,0.025150761
-0.008927064,0.012080252,0.014254824,0.0011684903,-0.0031867498,0.008892878,0.009650002,0.009410463,-0.010662627,-0.018801272,0.008149287,-0.0049284496,-0.0065015643,-0.009570864,0.008381405,0.01233736,-0.0021446138,-0.0065452373,-0.01236047,0.01313729,0.015098985,-0.0014658356,-0.00877124,-0.0057819774,-0.012725225,0.0133246705,-0.009910518,0.003938649,0.014742111,0.0018045611,0.0054187244,0.011518848
-0.01583736,0.0140479235,0.010947903,0.0008946052,0.003757088,-0.00029973255,0.016406551,0.018130101,-0.0094794035,-0.0037973858,0.0018329826,-0.010235011,-0.015154759,0.007386979,0.018997634,0.007448165,0.00015694002,-0.018723289,-0.0018237144,0.00028820348,-0.0045562023,-0.020735385,-0.0070062024,-0.013525896,-0.004687285,0.003182461,-0.017545,-0.019460281,-0.009754676,0.011125533,0.009179794,0.025150761
-0.008927064,0.012080252,0.014254824,0.0011684903,-0.0031867498,0.008892878,0.009650002,0.009410463,-0.010662627,-0.018801272,0.008149287,-0.0049284496,-0.0065015643,-0.009570864,0.008381405,0.01233736,-0.0021446138,-0.0065452373,-0.01236047,0.01313729,0.015098985,-0.0014658356,-0.00877124,-0.0057819774,-0.012725225,0.0133246705,-0.009910518,0.003938649,0.014742111,0.0018045611,0.0054187244,0.011518848
-0.01583736,0.0140479235,0.010947903,0.0008946052,0.003757088,-0.00029973255,0.016406551,0.018130101,-0.0094794035,-0.0037973858,0.0018329826,-0.010235011,-0.015154759,0.007386979,0.018997634,0.007448165,0.00015694002,-0.018723289,-0.0018237144,0.00028820348,-0.0045562023,-0.020735385,-0.0070062024,-0.013525896,-0.004687285,0.003182461,-0.017545,-0.019460281,-0.009754676,0.011125533,0.009179794,0.025150761
-0.008927064,0.012080252,0.014254824,0.0011684903,-0.0031867498,0.008892878,0.009650002,0.009410463,-0.010662627,-0.018801272,0.008149287,-0.0049284496,-0.0065015643,-0.009570864,0.008381405,0.01233736,-0.0021446138,-0.0065452373,-0.01236047,0.01313729,0.015098985,-0.0014658356,-0.00877124,-0.0057819774,-0.012725225,0.0133246705,-0.009910518,0.003938649,0.014742111,0.0018045611,0.0054187244,0.011518848
-0.01583736,0.0140479235,0.010947903,0.0008946052,0.003757088,-0.00029973255,0.016406551,0.018130101,-0.0094794035,-0.0037973858,0.0018329826,-0.010235011,-0.015154759,0.007386979,0.018997634,0.007448165,0.00015694002,-0.018723289,-0.0018237144,0.00028820348,-0.0045562023,-0.020735385,-0.0070062024,-0.013525896,-0.004687285,0.003182461,-0.017545,-0.019460281,-0.009754676,0.011125533,0.009179794,0.025150761
-0.008927064,0.012080252,0.014254824,0.0011684903,-0.0031867498,0.008892878,0.009650002,0.009410463,-0.010662627,-0.018801272,0.008149287,-0.0049284496,-0.0065015643,-0.009570864,0.008381405,0.01233736,-0.0021446138,-0.0065452373,-0.01236047,0.01313729,0.015098985,-0.0014658356,-0.00877124,-0.0057819774,-0.012725225,0.0133246705,-0.009910518,0.003938649,0.014742111,0.0018045611,0.0054187244,0.011518848
-0.01583736,0.0140479235,0.010947903,0.0008946052,0.003757088,-0.00029973255,0.016406551,0.018130101,-0.0094794035,-0.0037973858,0.0018329826,-0.010235011,-0.015154759,0.007386979,0.018997634,0.007448165,0.00015694002,-0.018723289,-0.0018237144,0.00028820348,-0.0045562023,-0.020735385,-0.0070062024,-0.013525896,-0.004687285,0.003182461,-0.017545,-0.019460281,-0.009754676,0.011125533,0.009179794,0.025150761
-0.008927064,0.012080252,0.014254824,0.0011684903,-0.0031867498,0.008892878,0.009650002,0.009410463,-0.010662627,-0.018801272,0.008149287,-0.0049284496,-0.0065015643,-0.009570864,0.008381405,0.01233736,-0.0021446138,-0.0065452373,-0.01236047,0.01313729,0.015098985,-0.0014658356,-0.00877124,-0.0057819774,-0.012725225,0.0133246705,-0.009910518,0.003938649,0.014742111,0.0018045611,0.0054187244,0.011518848
0.095587164,0.44579464,0.43250427,0.3429157,0.4265494,0.8526841,0.28454047,0.2563151,0.1937741,0.31722194,-0.2024325,-0.5190631,0.0076465504,-0.75251895,0.11758614,-0.554661,0.46816602,-0.48397133,0.056173656,0.43630695,-0.29803324,0.12498683,-0.5324447,-0.30750233,0.13532037,0.25611642,-0.3347571,0.01812883,0.16145784,0.37610325,0.18042248,-0.42727548
-0.8224048,-0.10180365,-0.18456924,-0.040850297,0.012556186,0.14156003,0.03912394,-0.36988872,0.11808103,0.055633813,-0.25007913,-0.17480473,-0.23796307,0.08535256,0.2798705,0.57441264,-0.41748157,0.26219195,-0.1696081,-0.13967644,-0.03256856,0.2236708,-0.218929,-0.03765172,-0.12508456,0.013492111,-0.5179346,-0.10486798,-0.08233923,-0.16681215,0.11947558,-0.112520024
0.5640207,-0.31585348,-0.10384501,-0.22627774,-0.23219593,0.47645554,0.37030733,0.6957632,0.13540977,-0.26956877,-0.16247274,-0.8742567,0.60119945,-0.3920408,-0.04616411,-0.17197776,-0.43370032,-0.099166274,0.12804313,0.068709254,-0.2099306,-0.16591701,-0.38307583,-0.047101587,0.06982738,-0.050733443,-0.3608098,0.12680037,0.24165843,0.4178169,0.46962282,-0.068628855
-0.5495053,0.21940744,0.26921257,0.573713,0.5582229,0.05044771,0.22790857,-0.3476134,0.059240762,-0.5177311,0.30352178,0.47035277,-0.41750133,0.7364979,0.22009169,0.092365555,0.1910556,0.35920668,-0.36752698,-0.52988595,0.20246665,0.323961,-0.46971577,-0.42628136,0.1017627,-0.15829355,-0.48146966,-0.6709874,0.20383888,-0.00794649,0.39256877,0.49626565
0.2761066,-0.17977108,-0.14528647,-0.18943575,-0.06982522,0.11603949,0.22346377,0.38762355,0.092297524,-0.57820666,-0.05438772,-0.10735822,0.32626906,0.14981851,0.13185355,0.3162997,-0.2821699,-0.038273476,0.13641179,-0.08191824,0.21794634,-0.09195931,-0.027596502,-0.42019665,0.09460145,-0.19956864,-0.44700676,-0.088846534,0.2413133,-0.27651384,0.19931877,-0.22184731
0.058782503,0.22983232,0.24842218,0.08217725,0.31479213,0.09035925,0.61802804,-0.12007552,-0.13445129,0.06627526,0.18604216,-0.5111046,-0.21158218,0.12604682,-0.07980757,-0.16722338,-0.075866826,0.19599701,-0.4076017,-0.16502045,0.3513693,0.25819245,0.16788715,-0.18070774,0.043390892,-0.2558131,0.12564465,-0.42614335,0.5461372,-0.07034859,-0.08536687,0.2240376
-0.01583736,0.0140479235,0.010947903,0.0008946052,0.003757088,-0.00029973255,0.016406551,0.018130101,-0.0094794035,-0.0037973858,0.0018329826,-0.010235011,-0.015154759,0.007386979,0.018997634,0.007448165,0.00015694002,-0.018723289,-0.0018237144,0.00028820348,-0.0045562023,-0.020735385,-0.0070062024,-0.013525896,-0.004687285,0.003182461,-0.017545,-0.019460281,-0.009754676,0.011125533,0.009179794,0.025150761
-0.008927064,0.012080252,0.014254824,0.0011684903,-0.0031867498,0.008892878,0.009650002,0.009410463,-0.010662627,-0.018801272,0.008149287,-0.0049284496,-0.0065015643,-0.009570864,0.008381405,0.01233736,-0.0021446138,-0.0065452373,-0.01236047,0.01313729,0.015098985,-0.0014658356,-0.00877124,-0.0057819774,-0.012725225,0.0133246705,-0.009910518,0.003938649,0.014742111,0.0018045611,0.0054187244,0.011518848
-0.01583736,0.0140479235,0.010947903,0.0008946052,0.003757088,-0.00029973255,0.016406551,0.018130101,-0.0094794035,-0.0037973858,0.0018329826,-0.010235011,-0.015154759,0.007386979,0.018997634,0.007448165,0.00015694002,-0.018723289,-0.0018237144,0.00028820348,-0.0045562023,-0.020735385,-0.0070062024,-0.013525896,-0.004687285,0.003182461,-0.017545,-0.019460281,-0.009754676,0.011125533,0.009179794,0.025150761
-0.008927064,0.012080252,0.014254824,0.0011684903,-0.0031867498,0.008892878,0.009650002,0.009410463,-0.010662627,-0.018801272,0.008149287,-0.0049284496,-0.0065015643,-0.009570864,0.008381405,0.01233736,-0.0021446138,-0.0065452373,-0.01236047,0.01313729,0.015098985,-0.0014658356,-0.00877124,-0.0057819774,-0.012725225,0.0133246705,-0.009910518,0.003938649,0.014742111,0.0018045611,0.0054187244,0.011518848
-0.01583736,0.0140479235,0.010947903,0.0008946052,0.003757088,-0.00029973255,0.016406551,0.018130101,-0.0094794035,-0.0037973858,0.0018329826,-0.010235011,-0.015154759,0.007386979,0.018997634,0.007448165,0.00015694002,-0.018723289,-0.0018237144,0.00028820348,-0.0045562023,-0.020735385,-0.0070062024,-0.013525896,-0.004687285,0.003182461,-0.017545,-0.019460281,-0.009754676,0.011125533,0.009179794,0.025150761
-0.008927064,0.012080252,0.014254824,0.0011684903,-0.0031867498,0.008892878,0.009650002,0.009410463,-0.010662627,-0.018801272,0.008149287,-0.0049284496,-0.0065015643,-0.009570864,0.008381405,0.01233736,-0.0021446138,-0.0065452373,-0.01236047,0.01313729,0.015098985,-0.0014658356,-0.00877124,-0.0057819774,-0.012725225,0.0133246705,-0.009910518,0.003938649,0.014742111,0.0018045611,0.0054187244,0.011518848
-0.01583736,0.0140479235,0.010947903,0.0008946052,0.003757088,-0.00029973255,0.016406551,0.018130101,-0.0094794035,-0.0037973858,0.0018329826,-0.010235011,-0.015154759,0.007386979,0.018997634,0.007448165,0.00015694002,-0.018723289,-0.0018237144,0.00028820348,-0.0045562023,-0.020735385,-0.0070062024,-0.013525896,-0.004687285,0.003182461,-0.017545,-0.019460281,-0.009754676,0.011125533,0.009179794,0.025150761
-0.008927064,0.012080252,0.014254824,0.0011684903,-0.0031867498,0.008892878,0.009650002,0.009410463,-0.010662627,-0.018801272,0.008149287,-0.0049284496,-0.0065015643,-0.009570864,0.008381405,0.01233736,-0.0021446138,-0.0065452373,-0.01236047,0.01313729,0.015098985,-0.0014658356,-0.00877124,-0.0057819774,-0.012725225,0.0133246705,-0.009910518,0.003938649,0.014742111,0.0018045611,0.0054187244,0.011518848
-0.01583736,0.0140479235,0.010947903,0.0008946052,0.003757088,-0.00029973255,0.016406551,0.018130101,-0.0094794035,-0.0037973858,0.0018329826,-0.010235011,-0.015154759,0.007386979,0.018997634,0.007448165,0.00015694002,-0.018723289,-0.0018237144,0.00028820348,-0.0045562023,-0.020735385,-0.0070062024,-0.013525896,-0.004687285,0.003182461,-0.017545,-0.019460281,-0.009754676,0.011125533,0.009179794,0.025150761
-0.008927064,0.012080252,0.014254824,0.0011684903,-0.0031867498,0.008892878,0.009650002,0.009410463,-0.010662627,-0.018801272,0.008149287,-0.0049284496,-0.0065015643,-0.009570864,0.008381405,0.01233736,-0.0021446138,-0.0065452373,-0.01236047,0.01313729,0.015098985,-0.0014658356,-0.00877124,-0.0057819774,-0.012725225,0.0133246705,-0.009910518,0.003938649,0.014742111,0.0018045611,0.0054187244,0.011518848
-0.01583736,0.0140479235,0.010947903,0.0008946052,0.003757088,-0.00029973255,0.016406551,0.018130101,-0.0094794035,-0.0037973858,0.0018329826,-0.010235011,-0.015154759,0.007386979,0.018997634,0.007448165,0.00015694002,-0.018723289,-0.0018237144,0.00028820348,-0.0045562023,-0.020735385,-0.0070062024,-0.013525896,-0.004687285,0.003182461,-0.017545,-0.019460281,-0.009754676,0.011125533,0.009179794,0.025150761
-0.008927064,0.012080252,0.014254824,0.0011684903,-0.0031867498,0.008892878,0.009650002,0.009410463,-0.010662627,-0.018801272,0.008149287,-0.0049284496,-0.0065015643,-0.009570864,0.008381405,0.01233736,-0.0021446138,-0.0065452373,-0.01236047,0.01313729,0.015098985,-0.0014658356,-0.00877124,-0.0057819774,-0.012725225,0.0133246705,-0.009910518,0.003938649,0.014742111,0.0018045611,0.0054187244,0.011518848
-0.01583736,0.0140479235,0.010947903,0.0008946052,0.003757088,-0.00029973255,0.016406551,0.018130101,-0.0094794035,-0.0037973858,0.0018329826,-0.010235011,-0.015154759,0.007386979,0.018997634,0.007448165,0.00015694002,-0.018723289,-0.0018237144,0.00028820348,-0.0045562023,-0.020735385,-0.0070062024,-0.013525896,-0.004687285,0.003182461,-0.017545,-0.019460281,-0.009754676,0.011125533,0.009179794,0.025150761
-0.008927064,0.012080252,0.014254824,0.0011684903,-0.0031867498,0.008892878,0.009650002,0.009410463,-0.010662627,-0.018801272,0.008149287,-0.0049284496,-0.0065015643,-0.009570864,0.008381405,0.01233736,-0.0021446138,-0.0065452373,-0.01236047,0.01313729,0.015098985,-0.0014658356,-0.00877124,-0.0057819774,-0.012725225,0.0133246705,-0.009910518,0.003938649,0.014742111,0.0018045611,0.0054187244,0.011518848
-0.01583736,0.0140479235,0.010947903,0.0008946052,0.003757088,-0.00029973255,0.016406551,0.018130101,-0.0094794035,-0.0037973858,0.0018329826,-0.010235011,-0.015154759,0.007386979,0.018997634,0.007448165,0.00015694002,-0.018723289,-0.0018237144,0.00028820348,-0.0045562023,-0.020735385,-0.0070062024,-0.013525896,-0.004687285,0.003182461,-0.017545,-0.019460281,-0.009754676,0.011125533,0.009179794,0.025150761
-0.008927064,0.012080252,0.014254824,0.0011684903,-0.0031867498,0.008892878,0.009650002,0.009410463,-0.010662627,-0.018801272,0.008149287,-0.0049284496,-0.0065015643,-0.009570864,0.008381405,0.01233736,-0.0021446138,-0.0065452373,-0.01236047,0.01313729,0.015098985,-0.0014658356,-0.00877124,-0.0057819774,-0.012725225,0.0133246705,-0.009910518,0.003938649,0.014742111,0.0018045611,0.0054187244,0.011518848
-0.01583736,0.0140479235,0.010947903,0.0008946052,0.003757088,-0.00029973255,0.016406551,0.018130101,-0.0094794035,-0.0037973858,0.0018329826,-0.010235011,-0.015154759,0.007386979,0.018997634,0.007448165,0.00015694002,-0.018723289,-0.0018237144,0.00028820348,-0.0045562023,-0.020735385,-0.0070062024,-0.013525896,-0.004687285,0.003182461,-0.017545,-0.019460281,-0.009754676,0.011125533,0.009179794,0.025150761
-0.008927064,0.012080252,0.014254824,0.0011684903,-0.0031867498,0.008892878,0.009650002,0.009410463,-0.010662627,-0.018801272,0.008149287,-0.0049284496,-0.0065015643,-0.009570864,0.008381405,0.01233736,-0.0021446138,-0.0065452373,-0.01236047,0.01313729,0.015098985,-0.0014658356,-0.00877124,-0.0057819774,-0.012725225,0.0133246705,-0.009910518,0.003938649,0.014742111,0.0018045611,0.0054187244,0.011518848
-0.01583736,0.0140479235,0.010947903,0.0008946052,0.003757088,-0.00029973255,0.016406551,0.018130101,-0.0094794035,-0.0037973858,0.0018329826,-0.010235011,-0.015154759,0.007386979,0.018997634,0.007448165,0.00015694002,-0.018723289,-0.0018237144,0.00028820348,-0.0045562023,-0.020735385,-0.0070062024,-0.013525896,-0.004687285,0.003182461,-0.017545,-0.019460281,-0.009754676,0.011125533,0.009179794,0.025150761
-0.008927064,0.012080252,0.014254824,0.0011684903,-0.0031867498,0.008892878,0.009650002,0.009410463,-0.010662627,-0.018801272,0.008149287,-0.0049284496,-0.0065015643,-0.009570864,0.008381405,0.01233736,-0.0021446138,-0.0065452373,-0.01236047,0.01313729,0.015098985,-0.0014658356,-0.00877124,-0.0057819774,-0.012725225,0.0133246705,-0.009910518,0.003938649,0.014742111,0.0018045611,0.0054187244,0.011518848
-0.01583736,0.0140479235,0.010947903,0.0008946052,0.003757088,-0.00029973255,0.016406551,0.018130101,-0.0094794035,-0.0037973858,0.0018329826,-0.010235011,-0.015154759,0.007386979,0.018997634,0.007448165,0.00015694002,-0.018723289,-0.0018237144,0.00028820348,-0.0045562023,-0.020735385,-0.0070062024,-0.013525896,-0.004687285,0.003182461,-0.017545,-0.019460281,-0.009754676,0.011125533,0.009179794,0.025150761
-0.008927064,0.012080252,0.014254824,0.0011684903,-0.0031867498,0.008892878,0.009650002,0.009410463,-0.010662627,-0.018801272,0.008149287,-0.0049284496,-0.0065015643,-0.009570864,0.008381405,0.01233736,-0.0021446138,-0.0065452373,-0.01236047,0.01313729,0.015098985,-0.0014658356,-0.00877124,-0.0057819774,-0.012725225,0.0133246705,-0.009910518,0.003938649,0.014742111,0.0018045611,0.0054187244,0.011518848
-0.01583736,0.0140479235,0.010947903,0.0008946052,0.003757088,-0.00029973255,0.016406551,0.018130101,-0.0094794035,-0.0037973858,0.0018329826,-0.010235011,-0.015154759,0.007386979,0.018997634,0.007448165,0.00015694002,-0.018723289,-0.0018237144,0.00028820348,-0.0045562023,-0.020735385,-0.0070062024,-0.013525896,-0.004687285,0.003182461,-0.017545,-0.019460281,-0.009754676,0.011125533,0.009179794,0.025150761
-0.008927064,0.012080252,0.014254824,0.0011684903,-0.0031867498,0.008892878,0.009650002,0.009410463,-0.010662627,-0.018801272,0.008149287,-0.0049284496,-0.0065015643,-0.009570864,0.008381405,0.01233736,-0.0021446138,-0.0065452373,-0.01236047,0.01313729,0.015098985,-0.0014658356,-0.00877124,-0.0057819774,-0.012725225,0.0133246705,-0.009910518,0.003938649,0.014742111,0.0018045611,0.0054187244,0.011518848
-0.01583736,0.0140479235,0.010947903,0.0008946052,0.003757088,-0.00029973255,0.016406551,0.018130101,-0.0094794035,-0.0037973858,0.0018329826,-0.010235011,-0.015154759,0.007386979,0.018997634,0.007448165,0.00015694002,-0.018723289,-0.0018237144,0.00028820348,-0.0045562023,-0.020735385,-0.0070062024,-0.013525896,-0.004687285,0.003182461,-0.017545,-0.019460281,-0.009754676,0.011125533,0.009179794,0.025150761
-0.008927064,0.012080252,0.014254824,0.0011684903,-0.0031867498,0.008892878,0.009650002,0.009410463,-0.010662627,-0.018801272,0.008149287,-0.0049284496,-0.0065015643,-0.009570864,0.008381405,0.01233736,-0.0021446138,-0.0065452373,-0.01236047,0.01313729,0.015098985,-0.0014658356,-0.00877124,-0.0057819774,-0.012725225,0.0133246705,-0.009910518,0.003938649,0.014742111,0.0018045611,0.0054187244,0.011518848
-0.01583736,0.0140479235,0.010947903,0.0008946052,0.003757088,-0.00029973255,0.016406551,0.018130101,-0.0094794035,-0.0037973858,0.0018329826,-0.010235011,-0.015154759,0.007386979,0.018997634,0.007448165,0.00015694002,-0.018723289,-0.0018237144,0.00028820348,-0.0045562023,-0.020735385,-0.0070062024,-0.013525896,-0.004687285,0.003182461,-0.017545,-0.019460281,-0.009754676,0.011125533,0.009179794,0.025150761
-0.008927064,0.012080252,0.014254824,0.0011684903,-0.0031867498,0.008892878,0.009650002,0.009410463,-0.010662627,-0.018801272,0.008149287,-0.0049284496,-0.0065015643,-0.009570864,0.008381405,0.01233736,-0.0021446138,-0.0065452373,-0.01236047,0.01313729,0.015098985,-0.0014658356,-0.00877124,-0.0057819774,-0.012725225,0.0133246705,-0.009910518,0.003938649,0.014742111,0.0018045611,0.0054187244,0.011518848
-0.01583736,0.0140479235,0.010947903,0.0008946052,0.003757088,-0.00029973255,0.016406551,0.018130101,-0.0094794035,-0.0037973858,0.0018329826,-0.010235011,-0.015154759,0.007386979,0.018997634,0.007448165,0.00015694002,-0.018723289,-0.0018237144,0.00028820348,-0.0045562023,-0.020735385,-0.0070062024,-0.013525896,-0.004687285,0.003182461,-0.017545,-0.019460281,-0.009754676,0.011125533,0.009179794,0.025150761
-0.008927064,0.012080252,0.014254824,0.0011684903,-0.0031867498,0.008892878,0.009650002,0.009410463,-0.010662627,-0.018801272,0.008149287,-0.0049284496,-0.0065015643,-0.009570864,0.008381405,0.01233736,-0.0021446138,-0.0065452373,-0.01236047,0.01313729,0.015098985,-0.0014658356,-0.00877124,-0.0057819774,-0.012725225,0.0133246705,-0.009910518,0.003938649,0.014742111,0.0018045611,0.0054187244,0.011518848
-0.01583736,0.0140479235,0.010947903,0.0008946052,0.003757088,-0.00029973255,0.016406551,0.018130101,-0.0094794035,-0.0037973858,0.0018329826,-0.010235011,-0.015154759,0.007386979,0.018997634,0.007448165,0.00015694002,-0.018723289,-0.0018237144,0.00028820348,-0.0045562023,-0.020735385,-0.0070062024,-0.013525896,-0.004687285,0.003182461,-0.017545,-0.019460281,-0.009754676,0.011125533,0.009179794,0.025150761
-0.008927064,0.012080252,0.014254824,0.0011684903,-0.0031867498,0.008892878,0.009650002,0.009410463,-0.010662627,-0.018801272,0.008149287,-0.0049284496,-0.0065015643,-0.009570864,0.008381405,0.01233736,-0.0021446138,-0.0065452373,-0.01236047,0.01313729,0.015098985,-0.0014658356,-0.00877124,-0.0057819774,-0.012725225,0.0133246705,-0.009910518,0.003938649,0.014742111,0.0018045611,0.0054187244,0.011518848
-0.01583736,0.0140479235,0.010947903,0.0008946052,0.003757088,-0.00029973255,0.016406551,0.018130101,-0.0094794035,-0.0037973858,0.0018329826,-0.010235011,-0.015154759,0.007386979,0.018997634,0.007448165,0.00015694002,-0.018723289,-0.0018237144,0.00028820348,-0.0045562023,-0.020735385,-0.0070062024,-0.013525896,-0.004687285,0.003182461,-0.017545,-0.019460281,-0.009754676,0.011125533,0.009179794,0.025150761
-0.008927064,0.012080252,0.014254824,0.0011684903,-0.0031867498,0.008892878,0.009650002,0.009410463,-0.010662627,-0.018801272,0.008149287,-0.0049284496,-0.0065015643,-0.009570864,0.008381405,0.01233736,-0.0021446138,-0.0065452373,-0.01236047,0.01313729,0.015098985,-0.0014658356,-0.00877124,-0.0057819774,-0.012725225,0.0133246705,-0.009910518,0.003938649,0.014742111,0.0018045611,0.0054187244,0.011518848
-0.01583736,0.0140479235,0.010947903,0.0008946052,0.003757088,-0.00029973255,0.016406551,0.018130101,-0.0094794035,-0.0037973858,0.0018329826,-0.010235011,-0.015154759,0.007386979,0.018997634,0.007448165,0.00015694002,-0.018723289,-0.0018237144,0.00028820348,-0.0045562023,-0.020735385,-0.0070062024,-0.013525896,-0.004687285,0.003182461,-0.017545,-0.019460281,-0.009754676,0.011125533,0.009179794,0.025150761
-0.008927064,0.012080252,0.014254824,0.0011684903,-0.0031867498,0.008892878,0.009650002,0.009410463,-0.010662627,-0.018801272,0.008149287,-0.0049284496,-0.0065015643,-0.009570864,0.008381405,0.01233736,-0.0021446138,-0.0065452373,-0.01236047,0.01313729,0.015098985,-0.0014658356,-0.00877124,-0.0057819774,-0.012725225,0.0133246705,-0.009910518,0.003938649,0.014742111,0.0018045611,0.0054187244,0.011518848
-0.01583736,0.0140479235,0.010947903,0.0008946052,0.003757088,-0.00029973255,0.016406551,0.018130101,-0.0094794035,-0.0037973858,0.0018329826,-0.010235011,-0.015154759,0.007386979,0.018997634,0.007448165,0.00015694002,-0.018723289,-0.0018237144,0.00028820348,-0.0045562023,-0.020735385,-0.0070062024,-0.013525896,-0.004687285,0.003182461,-0.017545,-0.019460281,-0.009754676,0.011125533,0.009179794,0.025150761
-0.008927064,0.012080252,0.014254824,0.0011684903,-0.0031867498,0.008892878,0.009650002,0.009410463,-0.010662627,-0.018801272,0.008149287,-0.0049284496,-0.0065015643,-0.009570864,0.008381405,0.01233736,-0.0021446138,-0.0065452373,-0.01236047,0.01313729,0.015098985,-0.0014658356,-0.00877124,-0.0057819774,-0.012725225,0.0133246705,-0.009910518,0.003938649,0.014742111,0.0018045611,0.0054187244,0.011518848
-0.01583736,0.0140479235,0.010947903,0.0008946052,0.003757088,-0.00029973255,0.016406551,0.018130101,-0.0094794035,-0.0037973858,0.0018329826,-0.010235011,-0.015154759,0.007386979,0.018997634,0.007448165,0.00015694002,-0.018723289,-0.0018237144,0.00028820348,-0.0045562023,-0.020735385,-0.0070062024,-0.013525896,-0.004687285,0.003182461,-0.017545,-0.019460281,-0.009754676,0.011125533,0.009179794,0.025150761
-0.008927064,0.012080252,0.014254824,0.0011684903,-0.0031867498,0.008892878,0.009650002,0.009410463,-0.010662627,-0.018801272,0.008149287,-0.0049284496,-0.0065015643,-0.009570864,0.008381405,0.01233736,-0.0021446138,-0.0065452373,-0.01236047,0.01313729,0.015098985,-0.0014658356,-0.00877124,-0.0057819774,-0.012725225,0.0133246705,-0.009910518,0.003938649,0.014742111,0.0018045611,0.0054187244,0.011518848
-0.01583736,0.0140479235,0.010947903,0.0008946052,0.003757088,-0.00029973255,0.016406551,0.018130101,-0.0094794035,-0.0037973858,0.0018329826,-0.010235011,-0.015154759,0.007386979,0.018997634,0.007448165,0.00015694002,-0.018723289,-0.0018237144,0.00028820348,-0.0045562023,-0.020735385,-0.0070062024,-0.013525896,-0.004687285,0.003182461,-0.017545,-0.019460281,-0.009754676,0.011125533,0.009179794,0.025150761
-0.008927064,0.012080252,0.014254824,0.0011684903,-0.0031867498,0.008892878,0.009650002,0.009410463,-0.010662627,-0.018801272,0.008149287,-0.0049284496,-0.0065015643,-0.009570864,0.008381405,0.01233736,-0.0021446138,-0.0065452373,-0.01236047,0.01313729,0.015098985,-0.0014658356,-0.00877124,-0.0057819774,-0.012725225,0.0133246705,-0.009910518,0.003938649,0.014742111,0.0018045611,0.0054187244,0.011518848
-0.01583736,0.0140479235,0.010947903,0.0008946052,0.003757088,-0.00029973255,0.016406551,0.018130101,-0.0094794035,-0.0037973858,0.0018329826,-0.010235011,-0.015154759,0.007386979,0.018997634,0.007448165,0.00015694002,-0.018723289,-0.0018237144,0.00028820348,-0.0045562023,-0.020735385,-0.0070062024,-0.013525896,-0.004687285,0.003182461,-0.017545,-0.019460281,-0.009754676,0.011125533,0.009179794,0.025150761
-0.008927064,0.012080252,0.014254824,0.0011684903,-0.0031867498,0.008892878,0.009650002,0.009410463,-0.010662627,-0.018801272,0.008149287,-0.0049284496,-0.0065015643,-0.009570864,0.008381405,0.01233736,-0.0021446138,-0.0065452373,-0.01236047,0.01313729,0.015098985,-0.0014658356,-0.00877124,-0.0057819774,-0.012725225,0.0133246705,-0.009910518,0.003938649,0.014742111,0.0018045611,0.0054187244,0.011518848
-0.01583736,0.0140479235,0.010947903,0.0008946052,0.003757088,-0.00029973255,0.016406551,0.018130101,-0.0094794035,-0.0037973858,0.0018329826,-0.010235011,-0.015154759,0.007386979,0.018997634,0.007448165,0.00015694002,-0.018723289,-0.0018237144,0.00028820348,-0.0045562023,-0.020735385,-0.0070062024,-0.013525896,-0.004687285,0.003182461,-0.017545,-0.019460281,-0.009754676,0.011125533,0.009179794,0.025150761
-0.008927064,0.012080252,0.014254824,0.0011684903,-0.0031867498,0.008892878,0.009650002,0.009410463,-0.010662627,-0.018801272,0.008149287,-0.0049284496,-0.0065015643,-0.009570864,0.008381405,0.01233736,-0.0021446138,-0.0065452373,-0.01236047,0.01313729,0.015098985,-0.0014658356,-0.00877124,-0.0057819774,-0.012725225,0.0133246705,-0.009910518,0.003938649,0.014742111,0.0018045611,0.0054187244,0.011518848
-0.01583736,0.0140479235,0.010947903,0.0008946052,0.003757088,-0.00029973255,0.016406551,0.018130101,-0.0094794035,-0.0037973858,0.0018329826,-0.010235011,-0.015154759,0.007386979,0.018997634,0.007448165,0.00015694002,-0.018723289,-0.0018237144,0.00028820348,-0.0045562023,-0.020735385,-0.0070062024,-0.013525896,-0.004687285,0.003182461,-0.017545,-0.019460281,-0.009754676,0.011125533,0.009179794,0.025150761
-0.008927064,0.012080252,0.014254824,0.0011684903,-0.0031867498,0.008892878,0.009650002,0.009410463,-0.010662627,-0.018801272,0.008149287,-0.0049284496,-0.0065015643,-0.009570864,0.008381405,0.01233736,-0.0021446138,-0.0065452373,-0.01236047,0.01313729,0.015098985,-0.0014658356,-0.00877124,-0.0057819774,-0.012725225,0.0133246705,-0.009910518,0.003938649,0.014742111,0.0018045611,0.0054187244,0.011518848
-0.01583736,0.0140479235,0.010947903,0.0008946052,0.003757088,-0.00029973255,0.016406551,0.018130101,-0.0094794035,-0.0037973858,0.0018329826,-0.010235011,-0.015154759,0.007386979,0.018997634,0.007448165,0.00015694002,-0.018723289,-0.0018237144,0.00028820348,-0.0045562023,-0.020735385,-0.0070062024,-0.013525896,-0.004687285,0.003182461,-0.017545,-0.019460281,-0.009754676,0.011125533,0.009179794,0.025150761
-0.008927064,0.012080252,0.014254824,0.0011684903,-0.0031867498,0.008892878,0.009650002,0.009410463,-0.010662627,-0.018801272,0.008149287,-0.0049284496,-0.0065015643,-0.009570864,0.008381405,0.01233736,-0.0021446138,-0.0065452373,-0.01236047,0.01313729,0.015098985,-0.0014658356,-0.00877124,-0.0057819774,-0.012725225,0.0133246705,-0.009910518,0.003938649,0.014742111,0.0018045611,0.0054187244,0.011518848
-0.01583736,0.0140479235,0.010947903,0.0008946052,0.003757088,-0.00029973255,0.016406551,0.018130101,-0.0094794035,-0.0037973858,0.0018329826,-0.010235011,-0.015154759,0.007386979,0.018997634,0.007448165,0.00015694002,-0.018723289,-0.0018237144,0.00028820348,-0.0045562023,-0.020735385,-0.0070062024,-0.013525896,-0.004687285,0.003182461,-0.017545,-0.019460281,-0.009754676,0.011125533,0.009179794,0.025150761
-0.008927064,0.012080252,0.014254824,0.0011684903,-0.0031867498,0.008892878,0.009650002,0.009410463,-0.010662627,-0.018801272,0.008149287,-0.0049284496,-0.0065015643,-0.009570864,0.008381405,0.01233736,-0.0021446138,-0.0065452373,-0.01236047,0.01313729,0.015098985,-0.0014658356,-0.00877124,-0.0057819774,-0.012725225,0.0133246705,-0.009910518,0.003938649,0.014742111,0.0018045611,0.0054187244,0.011518848
-0.01583736,0.0140479235,0.010947903,0.0008946052,0.003757088,-0.00029973255,0.016406551,0.018130101,-0.0094794035,-0.0037973858,0.0018329826,-0.010235011,-0.015154759,0.007386979,0.018997634,0.007448165,0.00015694002,-0.018723289,-0.0018237144,0.00028820348,-0.0045562023,-0.020735385,-0.0070062024,-0.013525896,-0.004687285,0.003182461,-0.017545,-0.019460281,-0.009754676,0.011125533,0.009179794,0.025150761
-0.008927064,0.012080252,0.014254824,0.0011684903,-0.0031867498,0.008892878,0.009650002,0.009410463,-0.010662627,-0.018801272,0.008149287,-0.0049284496,-0.0065015643,-0.009570864,0.008381405,0.01233736,-0.0021446138,-0.0065452373,-0.01236047,0.01313729,0.015098985,-0.0014658356,-0.00877124,-0.0057819774,-0.012725225,0.0133246705,-0.009910518,0.003938649,0.014742111,0.0018045611,0.0054187244,0.011518848
-0.01583736,0.0140479235,0.010947903,0.0008946052,0.003757088,-0.00029973255,0.016406551,0.018130101,-0.0094794035,-0.0037973858,0.0018329826,-0.010235011,-0.015154759,0.007386979,0.018997634,0.007448165,0.00015694002,-0.018723289,-0.0018237144,0.00028820348,-0.0045562023,-0.020735385,-0.0070062024,-0.013525896,-0.004687285,0.003182461,-0.017545,-0.019460281,-0.009754676,0.011125533,0.009179794,0.025150761
-0.008927064,0.012080252,0.014254824,0.0011684903,-0.0031867498,0.008892878,0.009650002,0.009410463,-0.010662627,-0.018801272,0.008149287,-0.0049284496,-0.0065015643,-0.009570864,0.008381405,0.01233736,-0.0021446138,-0.0065452373,-0.01236047,0.01313729,0.015098985,-0.0014658356,-0.00877124,-0.0057819774,-0.012725225,0.0133246705,-0.009910518,0.003938649,0.014742111,0.0018045611,0.0054187244,0.011518848
0.21433808,-0.064899564,-0.107865,-0.20317994,0.47148538,-0.11850566,0.10488686,-0.2321474,0.14692554,0.09260772,0.04622335,-0.41421983,-0.13672622,-0.44112867,0.30413535,0.18249668,0.100497514,-0.5909253,0.22444049,0.56754386,-0.53827834,0.4519688,-0.35880107,-0.5118755,-0.30013606,-0.030772587,0.060737714,0.05968553,-0.39520216,-0.066430554,-0.030198783,-0.010591466
-0.5373482,-0.2232231,0.36232486,0.64304274,0.2718568,0.48133853,-0.34940484,-0.44272608,-0.3939035,-1.1616993,0.63909847,0.5421258,-0.19936188,0.42087072,0.6762256,0.3605866,0.5130377,-0.077231504,0.1497941,-0.35518265,0.4476649,-0.3517834,-0.039910104,0.0220702,-0.10137442,0.23182201,0.04713522,0.116195455,-0.18501738,-0.4120271,0.30852902,0.6932223
0.18146037,-0.31840497,-0.21064514,-0.5089818,-0.4160923,0.011044924,-0.15556851,0.7043964,0.11217189,0.041279174,-0.025752803,-0.213913,-0.055849347,-0.08926022,-0.37191352,0.15089527,0.2053292,0.20439388,0.4236982,0.2949423,0.17789437,-0.034874655,-0.3124638,-0.55119956,-0.06076975,-0.16336907,0.19816518,-0.11125789,-0.18253909,0.21678881,-0.17314567,-0.010197036
-0.3059137,-0.017153114,0.28088468,0.57478774,0.53181624,0.45029685,0.10578806,-0.37087423,-0.26304987,-0.872626,0.28615245,-0.07583024,-0.12610675,0.81938845,-0.07853337,-0.010992539,0.35098332,-0.24020688,-0.32874125,0.13153464,0.8309898,0.26481023,-0.2133706,0.14529002,-0.43675125,-0.2654339,-0.2663288,-0.7207088,-0.20357952,-0.67384034,0.08814165,0.19473664
-0.699956,-0.10670215,-0.066334374,-0.17010196,-0.29337755,-0.14403157,0.1917845,0.768153,0.2477898,-0.28086722,0.2060375,-0.17921437,0.13740557,0.14154753,-0.38117948,0.11227368,-0.103343785,0.07463762,-0.018898016,0.10631141,0.3506408,-0.111778066,-0.0230177,-0.092372425,-0.072264545,0.13746496,-0.02895262,-0.13053226,-0.22974505,-0.09071779,0.10938098,-0.386661
0.065587744,0.5025432,0.11723895,-0.20702334,-0.026400521,-0.2659707,0.080293246,0.20040336,0.2154895,-0.16937058,-0.28403288,-0.35453996,-0.37762046,0.603252,0.26671618,0.124293625,0.022436455,-0.20285471,-0.049025893,-0.28018865,0.63814676,0.39128122,0.09323325,0.47326767,-0.27523655,-0.020302583,-0.26752785,-0.34507295,-0.16483991,-0.38516092,0.46841183,-0.1583553
-0.01583736,0.0140479235,0.010947903,0.0008946052,0.003757088,-0.00029973255,0.016406551,0.018130101,-0.0094794035,-0.0037973858,0.0018329826,-0.010235011,-0.015154759,0.007386979,0.018997634,0.007448165,0.00015694002,-0.018723289,-0.0018237144,0.00028820348,-0.0045562023,-0.020735385,-0.0070062024,-0.013525896,-0.004687285,0.003182461,-0.017545,-0.019460281,-0.009754676,0.011125533,0.009179794,0.025150761
-0.008927064,0.012080252,0.014254824,0.0011684903,-0.0031867498,0.008892878,0.009650002,0.009410463,-0.010662627,-0.018801272,0.008149287,-0.0049284496,-0.0065015643,-0.009570864,0.008381405,0.01233736,-0.0021446138,-0.0065452373,-0.01236047,0.01313729,0.015098985,-0.0014658356,-0.00877124,-0.0057819774,-0.012725225,0.0133246705,-0.009910518,0.003938649,0.014742111,0.0018045611,0.0054187244,0.011518848
-0.01583736,0.0140479235,0.010947903,0.0008946052,0.003757088,-0.00029973255,0.016406551,0.018130101,-0.0094794035,-0.0037973858,0.0018329826,-0.010235011,-0.015154759,0.007386979,0.018997634,0.007448165,0.00015694002,-0.018723289,-0.0018237144,0.00028820348,-0.0045562023,-0.020735385,-0.0070062024,-0.013525896,-0.004687285,0.003182461,-0.017545,-0.019460281,-0.009754676,0.011125533,0.009179794,0.025150761
-0.008927064,0.012080252,0.014254824,0.0011684903,-0.0031867498,0.008892878,0.009650002,0.009410463,-0.010662627,-0.018801272,0.008149287,-0.0049284496,-0.0065015643,-0.009570864,0.008381405,0.01233736,-0.0021446138,-0.0065452373,-0.01236047,0.01313729,0.015098985,-0.0014658356,-0.00877124,-0.0057819774,-0.012725225,0.0133246705,-0.009910518,0.003938649,0.014742111,0.0018045611,0.0054187244,0.011518848
-0.01583736,0.0140479235,0.010947903,0.0008946052,0.003757088,-0.00029973255,0.016406551,0.018130101,-0.0094794035,-0.0037973858,0.0018329826,-0.010235011,-0.015154759,0.007386979,0.018997634,0.007448165,0.00015694002,-0.018723289,-0.0018237144,0.00028820348,-0.0045562023,-0.020735385,-0.0070062024,-0.013525896,-0.004687285,0.003182461,-0.017545,-0.019460281,-0.009754676,0.011125533,0.009179794,0.025150761
-0.008927064,0.012080252,0.014254824,0.0011684903,-0.0031867498,0.008892878,0.009650002,0.009410463,-0.010662627,-0.018801272,0.008149287,-0.0049284496,-0.0065015643,-0.009570864,0.008381405,0.01233736,-0.0021446138,-0.0065452373,-0.01236047,0.01313729,0.015098985,-0.0014658356,-0.00877124,-0.0057819774,-0.012725225,0.0133246705,-0.009910518,0.003938649,0.014742111,0.0018045611,0.0054187244,0.011518848
-0.01583736,0.0140479235,0.010947903,0.0008946052,0.003757088,-0.00029973255,0.016406551,0.018130101,-0.0094794035,-0.0037973858,0.0018329826,-0.010235011,-0.015154759,0.007386979,0.018997634,0.007448165,0.00015694002,-0.018723289,-0.0018237144,0.00028820348,-0.0045562023,-0.020735385,-0.0070062024,-0.013525896,-0.004687285,0.003182461,-0.017545,-0.019460281,-0.009754676,0.011125533,0.009179794,0.025150761
-0.008927064,0.012080252,0.014254824,0.0011684903,-0.0031867498,0.008892878,0.009650002,0.009410463,-0.010662627,-0.018801272,0.008149287,-0.0049284496,-0.0065015643,-0.009570864,0.008381405,0.01233736,-0.0021446138,-0.0065452373,-0.01236047,0.01313729,0.015098985,-0.0014658356,-0.00877124,-0.0057819774,-0.012725225,0.0133246705,-0.009910518,0.003938649,0.014742111,0.0018045611,0.0054187244,0.011518848
-0.01583736,0.0140479235,0.010947903,0.0008946052,0.003757088,-0.00029973255,0.016406551,0.018130101,-0.0094794035,-0.0037973858,0.0018329826,-0.010235011,-0.015154759,0.007386979,0.018997634,0.007448165,0.00015694002,-0.018723289,-0.0018237144,0.00028820348,-0.0045562023,-0.020735385,-0.0070062024,-0.013525896,-0.004687285,0.003182461,-0.017545,-0.019460281,-0.009754676,0.011125533,0.009179794,0.025150761
-0.008927064,0.012080252,0.014254824,0.0011684903,-0.0031867498,0.008892878,0.009650002,0.009410463,-0.010662627,-0.018801272,0.008149287,-0.0049284496,-0.0065015643,-0.009570864,0.008381405,0.01233736,-0.0021446138,-0.0065452373,-0.01236047,0.01313729,0.015098985,-0.0014658356,-0.00877124,-0.0057819774,-0.012725225,0.0133246705,-0.009910518,0.003938649,0.014742111,0.0018045611,0.0054187244,0.011518848
-0.01583736,0.0140479235,0.010947903,0.0008946052,0.003757088,-0.00029973255,0.016406551,0.018130101,-0.0094794035,-0.0037973858,0.0018329826,-0.010235011,-0.015154759,0.007386979,0.018997634,0.007448165,0.00015694002,-0.018723289,-0.0018237144,0.00028820348,-0.0045562023,-0.020735385,-0.0070062024,-0.013525896,-0.004687285,0.003182461,-0.017545,-0.019460281,-0.009754676,0.011125533,0.009179794,0.025150761
-0.008927064,0.012080252,0.014254824,0.0011684903,-0.0031867498,0.008892878,0.009650002,0.009410463,-0.010662627,-0.018801272,0.008149287,-0.0049284496,-0.0065015643,-0.009570864,0.008381405,0.01233736,-0.0021446138,-0.0065452373,-0.01236047,0.01313729,0.015098985,-0.0014658356,-0.00877124,-0.0057819774,-0.012725225,0.0133246705,-0.009910518,0.003938649,0.014742111,0.0018045611,0.0054187244,0.011518848
-0.01583736,0.0140479235,0.010947903,0.0008946052,0.003757088,-0.00029973255,0.016406551,0.018130101,-0.0094794035,-0.0037973858,0.0018329826,-0.010235011,-0.015154759,0.007386979,0.018997634,0.007448165,0.00015694002,-0.018723289,-0.0018237144,0.00028820348,-0.0045562023,-0.020735385,-0.0070062024,-0.013525896,-0.004687285,0.003182461,-0.017545,-0.019460281,-0.009754676,0.011125533,0.009179794,0.025150761
-0.008927064,0.012080252,0.014254824,0.0011684903,-0.0031867498,0.008892878,0.009650002,0.009410463,-0.010662627,-0.018801272,0.008149287,-0.0049284496,-0.0065015643,-0.009570864,0.008381405,0.01233736,-0.0021446138,-0.0065452373,-0.01236047,0.01313729,0.015098985,-0.0014658356,-0.00877124,-0.0057819774,-0.012725225,0.0133246705,-0.009910518,0.003938649,0.014742111,0.0018045611,0.0054187244,0.011518848
-0.01583736,0.0140479235,0.010947903,0.0008946052,0.003757088,-0.00029973255,0.016406551,0.018130101,-0.0094794035,-0.0037973858,0.0018329826,-0.010235011,-0.015154759,0.007386979,0.018997634,0.007448165,0.00015694002,-0.018723289,-0.0018237144,0.00028820348,-0.0045562023,-0.020735385,-0.0070062024,-0.013525896,-0.004687285,0.003182461,-0.017545,-0.019460281,-0.009754676,0.011125533,0.009179794,0.025150761
-0.008927064,0.012080252,0.014254824,0.0011684903,-0.0031867498,0.008892878,0.009650002,0.009410463,-0.010662627,-0.018801272,0.008149287,-0.0049284496,-0.0065015643,-0.009570864,0.008381405,0.01233736,-0.0021446138,-0.0065452373,-0.01236047,0.01313729,0.015098985,-0.0014658356,-0.00877124,-0.0057819774,-0.012725225,0.0133246705,-0.009910518,0.003938649,0.014742111,0.0018045611,0.0054187244,0.011518848
-0.01583736,0.0140479235,0.010947903,0.0008946052,0.003757088,-0.00029973255,0.016406551,0.018130101,-0.0094794035,-0.0037973858,0.0018329826,-0.010235011,-0.015154759,0.007386979,0.018997634,0.007448165,0.00015694002,-0.018723289,-0.0018237144,0.00028820348,-0.0045562023,-0.020735385,-0.0070062024,-0.013525896,-0.004687285,0.003182461,-0.017545,-0.019460281,-0.009754676,0.011125533,0.009179794,0.025150761
-0.008927064,0.012080252,0.014254824,0.0011684903,-0.0031867498,0.008892878,0.009650002,0.009410463,-0.010662627,-0.018801272,0.008149287,-0.0049284496,-0.0065015643,-0.009570864,0.008381405,0.01233736,-0.0021446138,-0.0065452373,-0.01236047,0.01313729,0.015098985,-0.0014658356,-0.00877124,-0.0057819774,-0.012725225,0.0133246705,-0.009910518,0.003938649,0.014742111,0.0018045611,0.0054187244,0.011518848
-0.01583736,0.0140479235,0.010947903,0.0008946052,0.003757088,-0.00029973255,0.016406551,0.018130101,-0.0094794035,-0.0037973858,0.0018329826,-0.010235011,-0.015154759,0.007386979,0.018997634,0.007448165,0.00015694002,-0.018723289,-0.0018237144,0.00028820348,-0.0045562023,-0.020735385,-0.0070062024,-0.013525896,-0.004687285,0.003182461,-0.017545,-0.019460281,-0.009754676,0.011125533,0.009179794,0.025150761
-0.008927064,0.012080252,0.014254824,0.0011684903,-0.0031867498,0.008892878,0.009650002,0.009410463,-0.010662627,-0.018801272,0.008149287,-0.0049284496,-0.0065015643,-0.009570864,0.008381405,0.01233736,-0.0021446138,-0.0065452373,-0.01236047,0.01313729,0.015098985,-0.0014658356,-0.00877124,-0.0057819774,-0.012725225,0.0133246705,-0.009910518,0.003938649,0.014742111,0.0018045611,0.0054187244,0.011518848
-0.01583736,0.0140479235,0.010947903,0.0008946052,0.003757088,-0.00029973255,0.016406551,0.018130101,-0.0094794035,-0.0037973858,0.0018329826,-0.010235011,-0.015154759,0.007386979,0.018997634,0.007448165,0.00015694002,-0.018723289,-0.0018237144,0.00028820348,-0.0045562023,-0.020735385,-0.0070062024,-0.013525896,-0.004687285,0.003182461,-0.017545,-0.019460281,-0.009754676,0.011125533,0.009179794,0.025150761
-0.008927064,0.012080252,0.014254824,0.0011684903,-0.0031867498,0.008892878,0.009650002,0.009410463,-0.010662627,-0.018801272,0.008149287,-0.0049284496,-0.0065015643,-0.009570864,0.008381405,0.01233736,-0.0021446138,-0.0065452373,-0.01236047,0.01313729,0.015098985,-0.0014658356,-0.00877124,-0.0057819774,-0.012725225,0.0133246705,-0.009910518,0.003938649,0.014742111,0.0018045611,0.0054187244,0.011518848
-0.01583736,0.0140479235,0.010947903,0.0008946052,0.003757088,-0.00029973255,0.016406551,0.018130101,-0.0094794035,-0.0037973858,0.0018329826,-0.010235011,-0.015154759,0.007386979,0.018997634,0.007448165,0.00015694002,-0.018723289,-0.0018237144,0.00028820348,-0.0045562023,-0.020735385,-0.0070062024,-0.013525896,-0.004687285,0.003182461,-0.017545,-0.019460281,-0.009754676,0.011125533,0.009179794,0.025150761
-0.008927064,0.012080252,0.014254824,0.0011684903,-0.0031867498,0.008892878,0.009650002,0.009410463,-0.010662627,-0.018801272,0.008149287,-0.0049284496,-0.0065015643,-0.009570864,0.008381405,0.01233736,-0.0021446138,-0.0065452373,-0.01236047,0.01313729,0.015098985,-0.0014658356,-0.00877124,-0.0057819774,-0.012725225,0.0133246705,-0.009910518,0.003938649,0.014742111,0.0018045611,0.0054187244,0.011518848
-0.01583736,0.0140479235,0.010947903,0.0008946052,0.003757088,-0.00029973255,0.016406551,0.018130101,-0.0094794035,-0.0037973858,0.0018329826,-0.010235011,-0.015154759,0.007386979,0.018997634,0.007448165,0.00015694002,-0.018723289,-0.0018237144,0.00028820348,-0.0045562023,-0.020735385,-0.0070062024,-0.013525896,-0.004687285,0.003182461,-0.017545,-0.019460281,-0.009754676,0.011125533,0.009179794,0.025150761
-0.008927064,0.012080252,0.014254824,0.0011684903,-0.0031867498,0.008892878,0.009650002,0.009410463,-0.010662627,-0.018801272,0.008149287,-0.0049284496,-0.0065015643,-0.009570864,0.008381405,0.01233736,-0.0021446138,-0.0065452373,-0.01236047,0.01313729,0.015098985,-0.0014658356,-0.00877124,-0.0057819774,-0.012725225,0.0133246705,-0.009910518,0.003938649,0.014742111,0.0018045611,0.0054187244,0.011518848
-0.01583736,0.0140479235,0.010947903,0.0008946052,0.003757088,-0.00029973255,0.016406551,0.018130101,-0.0094794035,-0.0037973858,0.0018329826,-0.010235011,-0.015154759,0.007386979,0.018997634,0.007448165,0.00015694002,-0.018723289,-0.0018237144,0.00028820348,-0.0045562023,-0.020735385,-0.0070062024,-0.013525896,-0.004687285,0.003182461,-0.017545,-0.019460281,-0.009754676,0.011125533,0.009179794,0.025150761
-0.008927064,0.012080252,0.014254824,0.0011684903,-0.0031867498,0.008892878,0.009650002,0.009410463,-0.010662627,-0.018801272,0.008149287,-0.0049284496,-0.0065015643,-0.009570864,0.008381405,0.01233736,-0.0021446138,-0.0065452373,-0.01236047,0.01313729,0.015098985,-0.0014658356,-0.00877124,-0.0057819774,-0.012725225,0.0133246705,-0.009910518,0.003938649,0.014742111,0.0018045611,0.0054187244,0.011518848
-0.01583736,0.0140479235,0.010947903,0.0008946052,0.003757088,-0.00029973255,0.016406551,0.018130101,-0.0094794035,-0.0037973858,0.0018329826,-0.010235011,-0.015154759,0.007386979,0.018997634,0.007448165,0.00015694002,-0.018723289,-0.0018237144,0.00028820348,-0.0045562023,-0.020735385,-0.0070062024,-0.013525896,-0.004687285,0.003182461,-0.017545,-0.019460281,-0.009754676,0.011125533,0.009179794,0.025150761
-0.008927064,0.012080252,0.014254824,0.0011684903,-0.0031867498,0.008892878,0.009650002,0.009410463,-0.010662627,-0.018801272,0.008149287,-0.0049284496,-0.0065015643,-0.009570864,0.008381405,0.01233736,-0.0021446138,-0.0065452373,-0.01236047,0.01313729,0.015098985,-0.0014658356,-0.00877124,-0.0057819774,-0.012725225,0.0133246705,-0.009910518,0.003938649,0.014742111,0.0018045611,0.0054187244,0.011518848
-0.01583736,0.0140479235,0.010947903,0.0008946052,0.003757088,-0.00029973255,0.016406551,0.018130101,-0.0094794035,-0.0037973858,0.0018329826,-0.010235011,-0.015154759,0.007386979,0.018997634,0.007448165,0.00015694002,-0.018723289,-0.0018237144,0.00028820348,-0.0045562023,-0.020735385,-0.0070062024,-0.013525896,-0.004687285,0.003182461,-0.017545,-0.019460281,-0.009754676,0.011125533,0.009179794,0.025150761
-0.008927064,0.012080252,0.014254824,0.0011684903,-0.0031867498,0.008892878,0.009650002,0.009410463,-0.010662627,-0.018801272,0.008149287,-0.0049284496,-0.0065015643,-0.009570864,0.008381405,0.01233736,-0.0021446138,-0.0065452373,-0.01236047,0.01313729,0.015098985,-0.0014658356,-0.00877124,-0.0057819774,-0.012725225,0.0133246705,-0.009910518,0.003938649,0.014742111,0.0018045611,0.0054187244,0.011518848
-0.01583736,0.0140479235,0.010947903,0.0008946052,0.003757088,-0.00029973255,0.016406551,0.018130101,-0.0094794035,-0.0037973858,0.0018329826,-0.010235011,-0.015154759,0.007386979,0.018997634,0.007448165,0.00015694002,-0.018723289,-0.0018237144,0.00028820348,-0.0045562023,-0.020735385,-0.0070062024,-0.013525896,-0.004687285,0.003182461,-0.017545,-0.019460281,-0.009754676,0.011125533,0.009179794,0.025150761
-0.008927064,0.012080252,0.014254824,0.0011684903,-0.0031867498,0.008892878,0.009650002,0.009410463,-0.010662627,-0.018801272,0.008149287,-0.0049284496,-0.0065015643,-0.009570864,0.008381405,0.01233736,-0.0021446138,-0.0065452373,-0.01236047,0.01313729,0.015098985,-0.0014658356,-0.00877124,-0.0057819774,-0.012725225,0.0133246705,-0.009910518,0.003938649,0.014742111,0.0018045611,0.0054187244,0.011518848
-0.01583736,0.0140479235,0.010947903,0.0008946052,0.003757088,-0.00029973255,0.016406551,0.018130101,-0.0094794035,-0.0037973858,0.0018329826,-0.010235011,-0.015154759,0.007386979,0.018997634,0.007448165,0.00015694002,-0.018723289,-0.0018237144,0.00028820348,-0.0045562023,-0.020735385,-0.0070062024,-0.013525896,-0.004687285,0.003182461,-0.017545,-0.019460281,-0.009754676,0.011125533,0.009179794,0.025150761
-0.008927064,0.012080252,0.014254824,0.0011684903,-0.0031867498,0.008892878,0.009650002,0.009410463,-0.010662627,-0.018801272,0.008149287,-0.0049284496,-0.0065015643,-0.009570864,0.008381405,0.01233736,-0.0021446138,-0.0065452373,-0.01236047,0.01313729,0.015098985,-0.0014658356,-0.00877124,-0.0057819774,-0.012725225,0.0133246705,-0.009910518,0.003938649,0.014742111,0.0018045611,0.0054187244,0.011518848
-0.01583736,0.0140479235,0.010947903,0.0008946052,0.003757088,-0.00029973255,0.016406551,0.018130101,-0.0094794035,-0.0037973858,0.0018329826,-0.010235011,-0.015154759,0.007386979,0.018997634,0.007448165,0.00015694002,-0.018723289,-0.0018237144,0.00028820348,-0.0045562023,-0.020735385,-0.0070062024,-0.013525896,-0.004687285,0.003182461,-0.017545,-0.019460281,-0.009754676,0.011125533,0.009179794,0.025150761
-0.008927064,0.012080252,0.014254824,0.0011684903,-0.0031867498,0.008892878,0.009650002,0.009410463,-0.010662627,-0.018801272,0.008149287,-0.0049284496,-0.0065015643,-0.009570864,0.008381405,0.01233736,-0.0021446138,-0.0065452373,-0.01236047,0.01313729,0.015098985,-0.0014658356,-0.00877124,-0.0057819774,-0.012725225,0.0133246705,-0.009910518,0.003938649,0.014742111,0.0018045611,0.0054187244,0.011518848
-0.01583736,0.0140479235,0.010947903,0.0008946052,0.003757088,-0.00029973255,0.016406551,0.018130101,-0.0094794035,-0.0037973858,0.0018329826,-0.010235011,-0.015154759,0.007386979,0.018997634,0.007448165,0.00015694002,-0.018723289,-0.0018237144,0.00028820348,-0.0045562023,-0.020735385,-0.0070062024,-0.013525896,-0.004687285,0.003182461,-0.017545,-0.019460281,-0.009754676,0.011125533,0.009179794,0.025150761
-0.008927064,0.012080252,0.014254824,0.0011684903,-0.0031867498,0.008892878,0.009650002,0.009410463,-0.010662627,-0.018801272,0.008149287,-0.0049284496,-0.0065015643,-0.009570864,0.008381405,0.01233736,-0.0021446138,-0.0065452373,-0.01236047,0.01313729,0.015098985,-0.0014658356,-0.00877124,-0.0057819774,-0.012725225,0.0133246705,-0.009910518,0.003938649,0.014742111,0.0018045611,0.0054187244,0.011518848
-0.01583736,0.0140479235,0.010947903,0.0008946052,0.003757088,-0.00029973255,0.016406551,0.018130101,-0.0094794035,-0.0037973858,0.0018329826,-0.010235011,-0.015154759,0.007386979,0.018997634,0.007448165,0.00015694002,-0.018723289,-0.0018237144,0.00028820348,-0.0045562023,-0.020735385,-0.0070062024,-0.013525896,-0.004687285,0.003182461,-0.017545,-0.019460281,-0.009754676,0.011125533,0.009179794,0.025150761
-0.008927064,0.012080252,0.014254824,0.0011684903,-0.0031867498,0.008892878,0.009650002,0.009410463,-0.010662627,-0.018801272,0.008149287,-0.0049284496,-0.0065015643,-0.009570864,0.008381405,0.01233736,-0.0021446138,-0.0065452373,-0.01236047,0.01313729,0.015098985,-0.0014658356,-0.00877124,-0.0057819774,-0.012725225,0.0133246705,-0.009910518,0.003938649,0.014742111,0.0018045611,0.0054187244,0.011518848
-0.01583736,0.0140479235,0.010947903,0.0008946052,0.003757088,-0.00029973255,0.016406551,0.018130101,-0.0094794035,-0.0037973858,0.0018329826,-0.010235011,-0.015154759,0.007386979,0.018997634,0.007448165,0.00015694002,-0.018723289,-0.0018237144,0.00028820348,-0.0045562023,-0.020735385,-0.0070062024,-0.013525896,-0.004687285,0.003182461,-0.017545,-0.019460281,-0.009754676,0.011125533,0.009179794,0.025150761
-0.008927064,0.012080252,0.014254824,0.0011684903,-0.0031867498,0.008892878,0.009650002,0.009410463,-0.010662627,-0.018801272,0.008149287,-0.0049284496,-0.0065015643,-0.009570864,0.008381405,0.01233736,-0.0021446138,-0.0065452373,-0.01236047,0.01313729,0.015098985,-0.0014658356,-0.00877124,-0.0057819774,-0.012725225,0.0133246705,-0.009910518,0.003938649,0.014742111,0.0018045611,0.0054187244,0.011518848
-0.01583736,0.0140479235,0.010947903,0.0008946052,0.003757088,-0.00029973255,0.016406551,0.018130101,-0.0094794035,-0.0037973858,0.0018329826,-0.010235011,-0.015154759,0.007386979,0.018997634,0.007448165,0.00015694002,-0.018723289,-0.0018237144,0.00028820348,-0.0045562023,-0.020735385,-0.0070062024,-0.013525896,-0.004687285,0.003182461,-0.017545,-0.019460281,-0.009754676,0.011125533,0.009179794,0.025150761
-0.008927064,0.012080252,0.014254824,0.0011684903,-0.0031867498,0.008892878,0.009650002,0.009410463,-0.010662627,-0.018801272,0.008149287,-0.0049284496,-0.0065015643,-0.009570864,0.008381405,0.01233736,-0.0021446138,-0.0065452373,-0.01236047,0.01313729,0.015098985,-0.0014658356,-0.00877124,-0.0057819774,-0.012725225,0.0133246705,-0.009910518,0.003938649,0.014742111,0.0018045611,0.0054187244,0.011518848
-0.01583736,0.0140479235,0.010947903,0.0008946052,0.003757088,-0.00029973255,0.016406551,0.018130101,-0.0094794035,-0.0037973858,0.0018329826,-0.010235011,-0.015154759,0.007386979,0.018997634,0.007448165,0.00015694002,-0.018723289,-0.0018237144,0.00028820348,-0.0045562023,-0.020735385,-0.0070062024,-0.013525896,-0.004687285,0.003182461,-0.017545,-0.019460281,-0.009754676,0.011125533,0.009179794,0.025150761
-0.008927064,0.012080252,0.014254824,0.0011684903,-0.0031867498,0.008892878,0.009650002,0.009410463,-0.010662627,-0.018801272,0.008149287,-0.0049284496,-0.0065015643,-0.009570864,0.008381405,0.01233736,-0.0021446138,-0.0065452373,-0.01236047,0.01313729,0.015098985,-0.0014658356,-0.00877124,-0.0057819774,-0.012725225,0.0133246705,-0.009910518,0.003938649,0.014742111,0.0018045611,0.0054187244,0.011518848
-0.01583736,0.0140479235,0.010947903,0.0008946052,0.003757088,-0.00029973255,0.016406551,0.018130101,-0.0094794035,-0.0037973858,0.0018329826,-0.010235011,-0.015154759,0.007386979,0.018997634,0.007448165,0.00015694002,-0.018723289,-0.0018237144,0.00028820348,-0.0045562023,-0.020735385,-0.0070062024,-0.013525896,-0.004687285,0.003182461,-0.017545,-0.019460281,-0.009754676,0.011125533,0.009179794,0.025150761
-0.008927064,0.012080252,0.014254824,0.0011684903,-0.0031867498,0.008892878,0.009650002,0.009410463,-0.010662627,-0.018801272,0.008149287,-0.0049284496,-0.0065015643,-0.009570864,0.008381405,0.01233736,-0.0021446138,-0.0065452373,-0.01236047,0.01313729,0.015098985,-0.0014658356,-0.00877124,-0.0057819774,-0.012725225,0.0133246705,-0.009910518,0.003938649,0.014742111,0.0018045611,0.0054187244,0.011518848
-0.01583736,0.0140479235,0.010947903,0.0008946052,0.003757088,-0.00029973255,0.016406551,0.018130101,-0.0094794035,-0.0037973858,0.0018329826,-0.010235011,-0.015154759,0.007386979,0.018997634,0.007448165,0.00015694002,-0.018723289,-0.0018237144,0.00028820348,-0.0045562023,-0.020735385,-0.0070062024,-0.013525896,-0.004687285,0.003182461,-0.017545,-0.019460281,-0.009754676,0.011125533,0.009179794,0.025150761
-0.008927064,0.012080252,0.014254824,0.0011684903,-0.0031867498,0.008892878,0.009650002,0.009410463,-0.010662627,-0.018801272,0.008149287,-0.0049284496,-0.0065015643,-0.009570864,0.008381405,0.01233736,-0.0021446138,-0.0065452373,-0.01236047,0.01313729,0.015098985,-0.0014658356,-0.00877124,-0.0057819774,-0.012725225,0.0133246705,-0.009910518,0.003938649,0.014742111,0.0018045611,0.0054187244,0.011518848
-0.01583736,0.0140479235,0.010947903,0.0008946052,0.003757088,-0.00029973255,0.016406551,0.018130101,-0.0094794035,-0.0037973858,0.0018329826,-0.010235011,-0.015154759,0.007386979,0.018997634,0.007448165,0.00015694002,-0.018723289,-0.0018237144,0.00028820348,-0.0045562023,-0.020735385,-0.0070062024,-0.013525896,-0.004687285,0.003182461,-0.017545,-0.019460281,-0.009754676,0.011125533,0.009179794,0.025150761
-0.008927064,0.012080252,0.014254824,0.0011684903,-0.0031867498,0.008892878,0.009650002,0.009410463,-0.010662627,-0.018801272,0.008149287,-0.0049284496,-0.0065015643,-0.009570864,0.008381405,0.01233736,-0.0021446138,-0.0065452373,-0.01236047,0.01313729,0.015098985,-0.0014658356,-0.00877124,-0.0057819774,-0.012725225,0.0133246705,-0.009910518,0.003938649,0.014742111,0.0018045611,0.0054187244,0.011518848
-0.01583736,0.0140479235,0.010947903,0.0008946052,0.003757088,-0.00029973255,0.016406551,0.018130101,-0.0094794035,-0.0037973858,0.0018329826,-0.010235011,-0.015154759,0.007386979,0.018997634,0.007448165,0.00015694002,-0.018723289,-0.0018237144,0.00028820348,-0.0045562023,-0.020735385,-0.0070062024,-0.013525896,-0.004687285,0.003182461,-0.017545,-0.019460281,-0.009754676,0.011125533,0.009179794,0.025150761
-0.008927064,0.012080252,0.014254824,0.0011684903,-0.0031867498,0.008892878,0.009650002,0.009410463,-0.010662627,-0.018801272,0.008149287,-0.0049284496,-0.0065015643,-0.009570864,0.008381405,0.01233736,-0.0021446138,-0.0065452373,-0.01236047,0.01313729,0.015098985,-0.0014658356,-0.00877124,-0.0057819774,-0.012725225,0.0133246705,-0.009910518,0.003938649,0.014742111,0.0018045611,0.0054187244,0.011518848
0.33566248,0.5733141,0.23665951,0.516611,0.24852097,0.24132518,0.29879993,0.3150781,0.2241203,0.39154994,-0.14885107,-0.22630888,0.30148137,-0.70116276,-0.10043684,-0.5699589,0.42340487,-0.6499842,0.057425965,0.04259757,-0.19780447,0.14006004,-0.59829193,-0.31245172,-0.046141386,0.16874647,0.2827009,0.24126966,0.39515626,0.47697133,0.050346036,-0.18899976
-1.0177848,-0.16188374,0.29434118,-0.07600636,0.23317978,0.7586743,0.35259494,-0.1927706,0.19770499,-0.2924029,-0.009652561,-0.36079302,-0.3730532,0.3185981,-0.04317795,0.07475235,0.24620305,0.4959097,-0.03965751,-0.35659018,0.21792248,-0.27635062,-0.6487692,0.23482499,-0.43092272,-0.12704068,-0.32694077,0.3016539,0.3279332,-0.06700251,0.06666294,-0.082866445
0.652633,-0.31439328,-0.0064180167,-0.40661746,-0.057697248,0.5530982,0.36996317,0.59917396,0.33291253,-0.5913389,0.18519774,-0.4593357,0.95560855,-0.25344843,0.35423598,-0.05212112,-0.21777351,-0.25236657,0.16063051,-0.26158807,0.41566643,0.2873672,-0.2500081,-0.098256,-0.19959813,-0.18371613,-0.8424585,0.10799105,0.569669,-0.08020783,0.35544822,-0.19103585
-0.65045935,0.11392017,0.039972,0.30738842,-0.0769401,0.50417686,-0.20072304,0.02955227,0.29439145,-0.7956909,0.09444566,0.44102734,-0.43834713,0.5965217,-0.022076312,0.18161263,-0.17169358,0.03378311,0.07509979,-0.7470703,0.28634652,0.3869687,0.32054502,-0.024103671,-0.3331634,0.050333492,-0.41951522,-0.22763659,0.02173486,-0.43353036,0.45394474,-0.054652113
0.076030955,-0.059587028,-0.107337154,-0.33924213,-0.027878722,0.22171448,0.05467152,0.12170987,0.45330775,-0.09836781,0.3463958,-0.089981705,0.055156272,-0.0059965192,0.18714277,0.23786727,-0.4177794,0.29271537,0.27389503,-0.4062644,0.113960594,-0.5156157,-0.25849357,-0.16267157,0.40355968,-0.15644433,-0.39845324,-0.44402882,-0.01690076,-0.4605892,0.6690873,0.11387875
-0.0512767,0.41061252,0.08158214,0.13487737,0.25128233,0.110598974,0.5120518,-0.043278754,0.021109466,-0.36464137,0.30477655,0.19214529,-0.15412068,0.326944,-0.29414994,-0.26163432,-0.29531306,0.17638302,-0.13571145,-0.12799987,0.32965603,0.13437578,0.1749938,-0.008515534,-0.21049316,-0.23912126,-0.22229141,-0.41630176,0.14371435,-0.06170281,0.27876976,0.114725485
-0.01583736,0.0140479235,0.010947903,0.0008946052,0.003757088,-0.00029973255,0.016406551,0.018130101,-0.0094794035,-0.0037973858,0.0018329826,-0.010235011,-0.015154759,0.007386979,0.018997634,0.007448165,0.00015694002,-0.018723289,-0.0018237144,0.00028820348,-0.0045562023,-0.020735385,-0.0070062024,-0.013525896,-0.004687285,0.003182461,-0.017545,-0.019460281,-0.009754676,0.011125533,0.009179794,0.025150761
-0.008927064,0.012080252,0.014254824,0.0011684903,-0.0031867498,0.008892878,0.009650002,0.009410463,-0.010662627,-0.018801272,0.008149287,-0.0049284496,-0.0065015643,-0.009570864,0.008381405,0.01233736,-0.0021446138,-0.0065452373,-0.01236047,0.01313729,0.015098985,-0.0014658356,-0.00877124,-0.0057819774,-0.012725225,0.0133246705,-0.009910518,0.003938649,0.014742111,0.0018045611,0.0054187244,0.011518848
-0.01583736,0.0140479235,0.010947903,0.0008946052,0.003757088,-0.00029973255,0.016406551,0.018130101,-0.0094794035,-0.0037973858,0.0018329826,-0.010235011,-0.015154759,0.007386979,0.018997634,0.007448165,0.00015694002,-0.018723289,-0.0018237144,0.00028820348,-0.0045562023,-0.020735385,-0.0070062024,-0.013525896,-0.004687285,0.003182461,-0.017545,-0.019460281,-0.009754676,0.011125533,0.009179794,0.025150761
-0.008927064,0.012080252,0.014254824,0.0011684903,-0.0031867498,0.008892878,0.009650002,0.009410463,-0.010662627,-0.018801272,0.008149287,-0.0049284496,-0.0065015643,-0.009570864,0.008381405,0.01233736,-0.0021446138,-0.0065452373,-0.01236047,0.01313729,0.015098985,-0.0014658356,-0.00877124,-0.0057819774,-0.012725225,0.0133246705,-0.009910518,0.003938649,0.014742111,0.0018045611,0.0054187244,0.011518848
-0.01583736,0.0140479235,0.010947903,0.0008946052,0.003757088,-0.00029973255,0.016406551,0.018130101,-0.0094794035,-0.0037973858,0.0018329826,-0.010235011,-0.015154759,0.007386979,0.018997634,0.007448165,0.00015694002,-0.018723289,-0.0018237144,0.00028820348,-0.0045562023,-0.020735385,-0.0070062024,-0.013525896,-0.004687285,0.003182461,-0.017545,-0.019460281,-0.009754676,0.011125533,0.009179794,0.025150761
-0.008927064,0.012080252,0.014254824,0.0011684903,-0.0031867498,0.008892878,0.009650002,0.009410463,-0.010662627,-0.018801272,0.008149287,-0.0049284496,-0.0065015643,-0.009570864,0.008381405,0.01233736,-0.0021446138,-0.0065452373,-0.01236047,0.01313729,0.015098985,-0.0014658356,-0.00877124,-0.0057819774,-0.012725225,0.0133246705,-0.009910518,0.003938649,0.014742111,0.0018045611,0.0054187244,0.011518848
-0.01583736,0.0140479235,0.010947903,0.0008946052,0.003757088,-0.00029973255,0.016406551,0.018130101,-0.0094794035,-0.0037973858,0.0018329826,-0.010235011,-0.015154759,0.007386979,0.018997634,0.007448165,0.00015694002,-0.018723289,-0.0018237144,0.00028820348,-0.0045562023,-0.020735385,-0.0070062024,-0.013525896,-0.004687285,0.003182461,-0.017545,-0.019460281,-0.009754676,0.011125533,0.009179794,0.025150761
-0.008927064,0.012080252,0.014254824,0.0011684903,-0.0031867498,0.008892878,0.009650002,0.009410463,-0.010662627,-0.018801272,0.008149287,-0.0049284496,-0.0065015643,-0.009570864,0.008381405,0.01233736,-0.0021446138,-0.0065452373,-0.01236047,0.01313729,0.015098985,-0.0014658356,-0.00877124,-0.0057819774,-0.012725225,0.0133246705,-0.009910518,0.003938649,0.014742111,0.0018045611,0.0054187244,0.011518848
-0.01583736,0.0140479235,0.010947903,0.0008946052,0.003757088,-0.00029973255,0.016406551,0.018130101,-0.0094794035,-0.0037973858,0.0018329826,-0.010235011,-0.015154759,0.007386979,0.018997634,0.007448165,0.00015694002,-0.018723289,-0.0018237144,0.00028820348,-0.0045562023,-0.020735385,-0.0070062024,-0.013525896,-0.004687285,0.003182461,-0.017545,-0.019460281,-0.009754676,0.011125533,0.009179794,0.025150761
-0.008927064,0.012080252,0.014254824,0.0011684903,-0.0031867498,0.008892878,0.009650002,0.009410463,-0.010662627,-0.018801272,0.008149287,-0.0049284496,-0.0065015643,-0.009570864,0.008381405,0.01233736,-0.0021446138,-0.0065452373,-0.01236047,0.01313729,0.015098985,-0.0014658356,-0.00877124,-0.0057819774,-0.012725225,0.0133246705,-0.009910518,0.003938649,0.014742111,0.0018045611,0.0054187244,0.011518848
-0.01583736,0.0140479235,0.010947903,0.0008946052,0.003757088,-0.00029973255,0.016406551,0.018130101,-0.0094794035,-0.0037973858,0.0018329826,-0.010235011,-0.015154759,0.007386979,0.018997634,0.007448165,0.00015694002,-0.018723289,-0.0018237144,0.00028820348,-0.0045562023,-0.020735385,-0.0070062024,-0.013525896,-0.004687285,0.003182461,-0.017545,-0.019460281,-0.009754676,0.011125533,0.009179794,0.025150761
-0.008927064,0.012080252,0.014254824,0.0011684903,-0.0031867498,0.008892878,0.009650002,0.009410463,-0.010662627,-0.018801272,0.008149287,-0.0049284496,-0.0065015643,-0.009570864,0.008381405,0.01233736,-0.0021446138,-0.0065452373,-0.01236047,0.01313729,0.015098985,-0.0014658356,-0.00877124,-0.0057819774,-0.012725225,0.0133246705,-0.009910518,0.003938649,0.014742111,0.0018045611,0.0054187244,0.011518848
-0.01583736,0.0140479235,0.010947903,0.0008946052,0.003757088,-0.00029973255,0.016406551,0.018130101,-0.0094794035,-0.0037973858,0.0018329826,-0.010235011,-0.015154759,0.007386979,0.018997634,0.007448165,0.00015694002,-0.018723289,-0.0018237144,0.00028820348,-0.0045562023,-0.020735385,-0.0070062024,-0.013525896,-0.004687285,0.003182461,-0.017545,-0.019460281,-0.009754676,0.011125533,0.009179794,0.025150761
-0.008927064,0.012080252,0.014254824,0.0011684903,-0.0031867498,0.008892878,0.009650002,0.009410463,-0.010662627,-0.018801272,0.008149287,-0.0049284496,-0.0065015643,-0.009570864,0.008381405,0.01233736,-0.0021446138,-0.0065452373,-0.01236047,0.01313729,0.015098985,-0.0014658356,-0.00877124,-0.0057819774,-0.012725225,0.0133246705,-0.009910518,0.003938649,0.014742111,0.0018045611,0.0054187244,0.011518848
-0.01583736,0.0140479235,0.010947903,0.0008946052,0.003757088,-0.00029973255,0.016406551,0.018130101,-0.0094794035,-0.0037973858,0.0018329826,-0.010235011,-0.015154759,0.007386979,0.018997634,0.007448165,0.00015694002,-0.018723289,-0.0018237144,0.00028820348,-0.0045562023,-0.020735385,-0.0070062024,-0.013525896,-0.004687285,0.003182461,-0.017545,-0.019460281,-0.009754676,0.011125533,0.009179794,0.025150761
-0.008927064,0.012080252,0.014254824,0.0011684903,-0.0031867498,0.008892878,0.009650002,0.009410463,-0.010662627,-0.018801272,0.008149287,-0.0049284496,-0.0065015643,-0.009570864,0.008381405,0.01233736,-0.0021446138,-0.0065452373,-0.01236047,0.01313729,0.015098985,-0.0014658356,-0.00877124,-0.0057819774,-0.012725225,0.0133246705,-0.009910518,0.003938649,0.014742111,0.0018045611,0.0054187244,0.011518848
-0.01583736,0.0140479235,0.010947903,0.0008946052,0.003757088,-0.00029973255,0.016406551,0.018130101,-0.0094794035,-0.0037973858,0.0018329826,-0.010235011,-0.015154759,0.007386979,0.018997634,0.007448165,0.00015694002,-0.018723289,-0.0018237144,0.00028820348,-0.0045562023,-0.020735385,-0.0070062024,-0.013525896,-0.004687285,0.003182461,-0.017545,-0.019460281,-0.009754676,0.011125533,0.009179794,0.025150761
-0.008927064,0.012080252,0.014254824,0.0011684903,-0.0031867498,0.008892878,0.009650002,0.009410463,-0.010662627,-0.018801272,0.008149287,-0.0049284496,-0.0065015643,-0.009570864,0.008381405,0.01233736,-0.0021446138,-0.0065452373,-0.01236047,0.01313729,0.015098985,-0.0014658356,-0.00877124,-0.0057819774,-0.012725225,0.0133246705,-0.009910518,0.003938649,0.014742111,0.0018045611,0.0054187244,0.011518848
-0.01583736,0.0140479235,0.010947903,0.0008946052,0.003757088,-0.00029973255,0.016406551,0.018130101,-0.0094794035,-0.0037973858,0.0018329826,-0.010235011,-0.015154759,0.007386979,0.018997634,0.007448165,0.00015694002,-0.018723289,-0.0018237144,0.00028820348,-0.0045562023,-0.020735385,-0.0070062024,-0.013525896,-0.004687285,0.003182461,-0.017545,-0.019460281,-0.009754676,0.011125533,0.009179794,0.025150761
-0.008927064,0.012080252,0.014254824,0.0011684903,-0.0031867498,0.008892878,0.009650002,0.009410463,-0.010662627,-0.018801272,0.008149287,-0.0049284496,-0.0065015643,-0.009570864,0.008381405,0.01233736,-0.0021446138,-0.0065452373,-0.01236047,0.01313729,0.015098985,-0.0014658356,-0.00877124,-0.0057819774,-0.012725225,0.0133246705,-0.009910518,0.003938649,0.014742111,0.0018045611,0.0054187244,0.011518848
-0.01583736,0.0140479235,0.010947903,0.0008946052,0.003757088,-0.00029973255,0.016406551,0.018130101,-0.0094794035,-0.0037973858,0.0018329826,-0.010235011,-0.015154759,0.007386979,0.018997634,0.007448165,0.00015694002,-0.018723289,-0.0018237144,0.00028820348,-0.0045562023,-0.020735385,-0.0070062024,-0.013525896,-0.004687285,0.003182461,-0.017545,-0.019460281,-0.009754676,0.011125533,0.009179794,0.025150761
-0.008927064,0.012080252,0.014254824,0.0011684903,-0.0031867498,0.008892878,0.009650002,0.009410463,-0.010662627,-0.018801272,0.008149287,-0.0049284496,-0.0065015643,-0.009570864,0.008381405,0.01233736,-0.0021446138,-0.0065452373,-0.01236047,0.01313729,0.015098985,-0.0014658356,-0.00877124,-0.0057819774,-0.012725225,0.0133246705,-0.009910518,0.003938649,0.014742111,0.0018045611,0.0054187244,0.011518848
-0.01583736,0.0140479235,0.010947903,0.0008946052,0.003757088,-0.00029973255,0.016406551,0.018130101,-0.0094794035,-0.0037973858,0.0018329826,-0.010235011,-0.015154759,0.007386979,0.018997634,0.007448165,0.00015694002,-0.018723289,-0.0018237144,0.00028820348,-0.0045562023,-0.020735385,-0.0070062024,-0.013525896,-0.004687285,0.003182461,-0.017545,-0.019460281,-0.009754676,0.011125533,0.009179794,0.025150761
-0.008927064,0.012080252,0.014254824,0.0011684903,-0.0031867498,0.008892878,0.009650002,0.009410463,-0.010662627,-0.018801272,0.008149287,-0.0049284496,-0.0065015643,-0.009570864,0.008381405,0.01233736,-0.0021446138,-0.0065452373,-0.01236047,0.01313729,0.015098985,-0.0014658356,-0.00877124,-0.0057819774,-0.012725225,0.0133246705,-0.009910518,0.003938649,0.014742111,0.0018045611,0.0054187244,0.011518848
-0.01583736,0.0140479235,0.010947903,0.0008946052,0.003757088,-0.00029973255,0.016406551,0.018130101,-0.0094794035,-0.0037973858,0.0018329826,-0.010235011,-0.015154759,0.007386979,0.018997634,0.007448165,0.00015694002,-0.018723289,-0.0018237144,0.00028820348,-0.0045562023,-0.020735385,-0.0070062024,-0.013525896,-0.004687285,0.003182461,-0.017545,-0.019460281,-0.009754676,0.011125533,0.009179794,0.025150761
-0.008927064,0.012080252,0.014254824,0.0011684903,-0.0031867498,0.008892878,0.009650002,0.009410463,-0.010662627,-0.018801272,0.008149287,-0.0049284496,-0.0065015643,-0.009570864,0.008381405,0.01233736,-0.0021446138,-0.0065452373,-0.01236047,0.01313729,0.015098985,-0.0014658356,-0.00877124,-0.0057819774,-0.012725225,0.0133246705,-0.009910518,0.003938649,0.014742111,0.0018045611,0.0054187244,0.011518848
-0.01583736,0.0140479235,0.010947903,0.0008946052,0.003757088,-0.00029973255,0.016406551,0.018130101,-0.0094794035,-0.0037973858,0.0018329826,-0.010235011,-0.015154759,0.007386979,0.018997634,0.007448165,0.00015694002,-0.018723289,-0.0018237144,0.00028820348,-0.0045562023,-0.020735385,-0.0070062024,-0.013525896,-0.004687285,0.003182461,-0.017545,-0.019460281,-0.009754676,0.011125533,0.009179794,0.025150761
-0.008927064,0.012080252,0.014254824,0.0011684903,-0.0031867498,0.008892878,0.009650002,0.009410463,-0.010662627,-0.018801272,0.008149287,-0.0049284496,-0.0065015643,-0.009570864,0.008381405,0.01233736,-0.0021446138,-0.0065452373,-0.01236047,0.01313729,0.015098985,-0.0014658356,-0.00877124,-0.0057819774,-0.012725225,0.0133246705,-0.009910518,0.003938649,0.014742111,0.0018045611,0.0054187244,0.011518848
-0.01583736,0.0140479235,0.010947903,0.0008946052,0.003757088,-0.00029973255,0.016406551,0.018130101,-0.0094794035,-0.0037973858,0.0018329826,-0.010235011,-0.015154759,0.007386979,0.018997634,0.007448165,0.00015694002,-0.018723289,-0.0018237144,0.00028820348,-0.0045562023,-0.020735385,-0.0070062024,-0.013525896,-0.004687285,0.003182461,-0.017545,-0.019460281,-0.009754676,0.011125533,0.009179794,0.025150761
-0.008927064,0.012080252,0.014254824,0.0011684903,-0.0031867498,0.008892878,0.009650002,0.009410463,-0.010662627,-0.018801272,0.008149287,-0.0049284496,-0.0065015643,-0.009570864,0.008381405,0.01233736,-0.0021446138,-0.0065452373,-0.01236047,0.01313729,0.015098985,-0.0014658356,-0.00877124,-0.0057819774,-0.012725225,0.0133246705,-0.009910518,0.003938649,0.014742111,0.0018045611,0.0054187244,0.011518848
-0.01583736,0.0140479235,0.010947903,0.0008946052,0.003757088,-0.00029973255,0.016406551,0.018130101,-0.0094794035,-0.0037973858,0.0018329826,-0.010235011,-0.015154759,0.007386979,0.018997634,0.007448165,0.00015694002,-0.018723289,-0.0018237144,0.00028820348,-0.0045562023,-0.020735385,-0.0070062024,-0.013525896,-0.004687285,0.003182461,-0.017545,-0.019460281,-0.009754676,0.011125533,0.009179794,0.025150761
-0.008927064,0.012080252,0.014254824,0.0011684903,-0.0031867498,0.008892878,0.009650002,0.009410463,-0.010662627,-0.018801272,0.008149287,-0.0049284496,-0.0065015643,-0.009570864,0.008381405,0.01233736,-0.0021446138,-0.0065452373,-0.01236047,0.01313729,0.015098985,-0.0014658356,-0.00877124,-0.0057819774,-0.012725225,0.0133246705,-0.009910518,0.003938649,0.014742111,0.0018045611,0.0054187244,0.011518848
-0.01583736,0.0140479235,0.010947903,0.0008946052,0.003757088,-0.00029973255,0.016406551,0.018130101,-0.0094794035,-0.0037973858,0.0018329826,-0.010235011,-0.015154759,0.007386979,0.018997634,0.007448165,0.00015694002,-0.018723289,-0.0018237144,0.00028820348,-0.0045562023,-0.020735385,-0.0070062024,-0.013525896,-0.004687285,0.003182461,-0.017545,-0.019460281,-0.009754676,0.011125533,0.009179794,0.025150761
-0.008927064,0.012080252,0.014254824,0.0011684903,-0.0031867498,0.008892878,0.009650002,0.009410463,-0.010662627,-0.018801272,0.008149287,-0.0049284496,-0.0065015643,-0.009570864,0.008381405,0.01233736,-0.0021446138,-0.0065452373,-0.01236047,0.01313729,0.015098985,-0.0014658356,-0.00877124,-0.0057819774,-0.012725225,0.0133246705,-0.009910518,0.003938649,0.014742111,0.0018045611,0.0054187244,0.011518848
-0.01583736,0.0140479235,0.010947903,0.0008946052,0.003757088,-0.00029973255,0.016406551,0.018130101,-0.0094794035,-0.0037973858,0.0018329826,-0.010235011,-0.015154759,0.007386979,0.018997634,0.007448165,0.00015694002,-0.018723289,-0.0018237144,0.00028820348,-0.0045562023,-0.020735385,-0.0070062024,-0.013525896,-0.004687285,0.003182461,-0.017545,-0.019460281,-0.009754676,0.011125533,0.009179794,0.025150761
-0.008927064,0.012080252,0.014254824,0.0011684903,-0.0031867498,0.008892878,0.009650002,0.009410463,-0.010662627,-0.018801272,0.008149287,-0.0049284496,-0.0065015643,-0.009570864,0.008381405,0.01233736,-0.0021446138,-0.0065452373,-0.01236047,0.01313729,0.015098985,-0.0014658356,-0.00877124,-0.0057819774,-0.012725225,0.0133246705,-0.009910518,0.003938649,0.014742111,0.0018045611,0.0054187244,0.011518848
-0.01583736,0.0140479235,0.010947903,0.0008946052,0.003757088,-0.00029973255,0.016406551,0.018130101,-0.0094794035,-0.0037973858,0.0018329826,-0.010235011,-0.015154759,0.007386979,0.018997634,0.007448165,0.00015694002,-0.018723289,-0.0018237144,0.00028820348,-0.0045562023,-0.020735385,-0.0070062024,-0.013525896,-0.004687285,0.003182461,-0.017545,-0.019460281,-0.009754676,0.011125533,0.009179794,0.025150761
-0.008927064,0.012080252,0.014254824,0.0011684903,-0.0031867498,0.008892878,0.009650002,0.009410463,-0.010662627,-0.018801272,0.008149287,-0.0049284496,-0.0065015643,-0.009570864,0.008381405,0.01233736,-0.0021446138,-0.0065452373,-0.01236047,0.01313729,0.015098985,-0.0014658356,-0.00877124,-0.0057819774,-0.012725225,0.0133246705,-0.009910518,0.003938649,0.014742111,0.0018045611,0.0054187244,0.011518848
-0.01583736,0.0140479235,0.010947903,0.0008946052,0.003757088,-0.00029973255,0.016406551,0.018130101,-0.0094794035,-0.0037973858,0.0018329826,-0.010235011,-0.015154759,0.007386979,0.018997634,0.007448165,0.00015694002,-0.018723289,-0.0018237144,0.00028820348,-0.0045562023,-0.020735385,-0.0070062024,-0.013525896,-0.004687285,0.003182461,-0.017545,-0.019460281,-0.009754676,0.011125533,0.009179794,0.025150761
-0.008927064,0.012080252,0.014254824,0.0011684903,-0.0031867498,0.008892878,0.009650002,0.009410463,-0.010662627,-0.018801272,0.008149287,-0.0049284496,-0.0065015643,-0.009570864,0.008381405,0.01233736,-0.0021446138,-0.0065452373,-0.01236047,0.01313729,0.015098985,-0.0014658356,-0.00877124,-0.0057819774,-0.012725225,0.0133246705,-0.009910518,0.003938649,0.014742111,0.0018045611,0.0054187244,0.011518848
-0.01583736,0.0140479235,0.010947903,0.0008946052,0.003757088,-0.00029973255,0.016406551,0.018130101,-0.0094794035,-0.0037973858,0.0018329826,-0.010235011,-0.015154759,0.007386979,0.018997634,0.007448165,0.00015694002,-0.018723289,-0.0018237144,0.00028820348,-0.0045562023,-0.020735385,-0.0070062024,-0.013525896,-0.004687285,0.003182461,-0.017545,-0.019460281,-0.009754676,0.011125533,0.009179794,0.025150761
-0.008927064,0.012080252,0.014254824,0.0011684903,-0.0031867498,0.008892878,0.009650002,0.009410463,-0.010662627,-0.018801272,0.008149287,-0.0049284496,-0.0065015643,-0.009570864,0.008381405,0.01233736,-0.0021446138,-0.0065452373,-0.01236047,0.01313729,0.015098985,-0.0014658356,-0.00877124,-0.0057819774,-0.012725225,0.0133246705,-0.009910518,0.003938649,0.014742111,0.0018045611,0.0054187244,0.011518848
-0.01583736,0.0140479235,0.010947903,0.0008946052,0.003757088,-0.00029973255,0.016406551,0.018130101,-0.0094794035,-0.0037973858,0.0018329826,-0.010235011,-0.015154759,0.007386979,0.018997634,0.007448165,0.00015694002,-0.018723289,-0.0018237144,0.00028820348,-0.0045562023,-0.020735385,-0.0070062024,-0.013525896,-0.004687285,0.003182461,-0.017545,-0.019460281,-0.009754676,0.011125533,0.009179794,0.025150761
-0.008927064,0.012080252,0.014254824,0.0011684903,-0.0031867498,0.008892878,0.009650002,0.009410463,-0.010662627,-0.018801272,0.008149287,-0.0049284496,-0.0065015643,-0.009570864,0.008381405,0.01233736,-0.0021446138,-0.0065452373,-0.01236047,0.01313729,0.015098985,-0.0014658356,-0.00877124,-0.0057819774,-0.012725225,0.0133246705,-0.009910518,0.003938649,0.014742111,0.0018045611,0.0054187244,0.011518848
-0.01583736,0.0140479235,0.010947903,0.0008946052,0.003757088,-0.00029973255,0.016406551,0.018130101,-0.0094794035,-0.0037973858,0.0018329826,-0.010235011,-0.015154759,0.007386979,0.018997634,0.007448165,0.00015694002,-0.018723289,-0.0018237144,0.00028820348,-0.0045562023,-0.020735385,-0.0070062024,-0.013525896,-0.004687285,0.003182461,-0.017545,-0.019460281,-0.009754676,0.011125533,0.009179794,0.025150761
-0.008927064,0.012080252,0.014254824,0.0011684903,-0.0031867498,0.008892878,0.009650002,0.009410463,-0.010662627,-0.018801272,0.008149287,-0.0049284496,-0.0065015643,-0.009570864,0.008381405,0.01233736,-0.0021446138,-0.0065452373,-0.01236047,0.01313729,0.015098985,-0.0014658356,-0.00877124,-0.0057819774,-0.012725225,0.0133246705,-0.009910518,0.003938649,0.014742111,0.0018045611,0.0054187244,0.011518848
-0.01583736,0.0140479235,0.010947903,0.0008946052,0.003757088,-0.00029973255,0.016406551,0.018130101,-0.0094794035,-0.0037973858,0.0018329826,-0.010235011,-0.015154759,0.007386979,0.018997634,0.007448165,0.00015694002,-0.018723289,-0.0018237144,0.00028820348,-0.0045562023,-0.020735385,-0.0070062024,-0.013525896,-0.004687285,0.003182461,-0.017545,-0.019460281,-0.009754676,0.011125533,0.009179794,0.025150761
-0.008927064,0.012080252,0.014254824,0.0011684903,-0.0031867498,0.008892878,0.009650002,0.009410463,-0.010662627,-0.018801272,0.008149287,-0.0049284496,-0.0065015643,-0.009570864,0.008381405,0.01233736,-0.0021446138,-0.0065452373,-0.01236047,0.01313729,0.015098985,-0.0014658356,-0.00877124,-0.0057819774,-0.012725225,0.0133246705,-0.009910518,0.003938649,0.014742111,0.0018045611,0.0054187244,0.011518848
-0.01583736,0.0140479235,0.010947903,0.0008946052,0.003757088,-0.00029973255,0.016406551,0.018130101,-0.0094794035,-0.0037973858,0.0018329826,-0.010235011,-0.015154759,0.007386979,0.018997634,0.007448165,0.00015694002,-0.018723289,-0.0018237144,0.00028820348,-0.0045562023,-0.020735385,-0.0070062024,-0.013525896,-0.004687285,0.003182461,-0.017545,-0.019460281,-0.009754676,0.011125533,0.009179794,0.025150761
-0.008927064,0.012080252,0.014254824,0.0011684903,-0.0031867498,0.008892878,0.009650002,0.009410463,-0.010662627,-0.018801272,0.008149287,-0.0049284496,-0.0065015643,-0.009570864,0.008381405,0.01233736,-0.0021446138,-0.0065452373,-0.01236047,0.01313729,0.015098985,-0.0014658356,-0.00877124,-0.0057819774,-0.012725225,0.0133246705,-0.009910518,0.003938649,0.014742111,0.0018045611,0.0054187244,0.011518848
-0.01583736,0.0140479235,0.010947903,0.0008946052,0.003757088,-0.00029973255,0.016406551,0.018130101,-0.0094794035,-0.0037973858,0.0018329826,-0.010235011,-0.015154759,0.007386979,0.018997634,0.007448165,0.00015694002,-0.018723289,-0.0018237144,0.00028820348,-0.0045562023,-0.020735385,-0.0070062024,-0.013525896,-0.004687285,0.003182461,-0.017545,-0.019460281,-0.009754676,0.011125533,0.009179794,0.025150761
-0.008927064,0.012080252,0.014254824,0.0011684903,-0.0031867498,0.008892878,0.009650002,0.009410463,-0.010662627,-0.018801272,0.008149287,-0.0049284496,-0.0065015643,-0.009570864,0.008381405,0.01233736,-0.0021446138,-0.0065452373,-0.01236047,0.01313729,0.015098985,-0.0014658356,-0.00877124,-0.0057819774,-0.012725225,0.0133246705,-0.009910518,0.003938649,0.014742111,0.0018045611,0.0054187244,0.011518848
-0.01583736,0.0140479235,0.010947903,0.0008946052,0.003757088,-0.00029973255,0.016406551,0.018130101,-0.0094794035,-0.0037973858,0.0018329826,-0.010235011,-0.015154759,0.007386979,0.018997634,0.007448165,0.00015694002,-0.018723289,-0.0018237144,0.00028820348,-0.0045562023,-0.020735385,-0.0070062024,-0.013525896,-0.004687285,0.003182461,-0.017545,-0.019460281,-0.009754676,0.011125533,0.009179794,0.025150761
-0.008927064,0.012080252,0.014254824,0.0011684903,-0.0031867498,0.008892878,0.009650002,0.009410463,-0.010662627,-0.018801272,0.008149287,-0.0049284496,-0.0065015643,-0.009570864,0.008381405,0.01233736,-0.0021446138,-0.0065452373,-0.01236047,0.01313729,0.015098985,-0.0014658356,-0.00877124,-0.0057819774,-0.012725225,0.0133246705,-0.009910518,0.003938649,0.014742111,0.0018045611,0.0054187244,0.011518848
-0.01583736,0.0140479235,0.010947903,0.0008946052,0.003757088,-0.00029973255,0.016406551,0.018130101,-0.0094794035,-0.0037973858,0.0018329826,-0.010235011,-0.015154759,0.007386979,0.018997634,0.007448165,0.00015694002,-0.018723289,-0.0018237144,0.00028820348,-0.0045562023,-0.020735385,-0.0070062024,-0.013525896,-0.004687285,0.003182461,-0.017545,-0.019460281,-0.009754676,0.011125533,0.009179794,0.025150761
-0.008927064,0.012080252,0.014254824,0.0011684903,-0.0031867498,0.008892878,0.009650002,0.009410463,-0.010662627,-0.018801272,0.008149287,-0.0049284496,-0.0065015643,-0.009570864,0.008381405,0.01233736,-0.0021446138,-0.0065452373,-0.01236047,0.01313729,0.015098985,-0.0014658356,-0.00877124,-0.0057819774,-0.012725225,0.0133246705,-0.009910518,0.003938649,0.014742111,0.0018045611,0.0054187244,0.011518848
0.11468311,0.4546528,0.34281933,0.30873346,0.35206646,0.77488226,0.34069693,0.35038236,0.2340977,0.3436388,-0.16379243,-0.5653597,0.04794391,-0.73252004,0.06832078,-0.58687454,0.42630383,-0.46062052,0.00719153,0.31417322,-0.2531591,0.07880393,-0.5647684,-0.22664672,0.1033172,0.2906913,-0.2474054,0.04017251,0.21991366,0.44928104,0.18122649,-0.3611396
-1.139566,-0.033753715,0.12131575,0.23368375,-0.21226145,0.6144808,0.13322163,-0.50910246,-0.037172686,-0.36755633,-0.04532449,-0.12046445,-0.17497125,0.5549739,0.18876387,0.09394217,0.115331836,0.27782303,-0.09036397,-0.6012199,0.12260777,-0.17886426,-0.17880614,-0.066682145,-0.22887258,-0.21455973,-0.41468152,0.39202687,0.13781011,-0.11414482,0.6937671,-0.07715142
0.5138271,-0.34789962,-0.1350433,-0.14954206,-0.25317675,0.5439975,0.38627398,0.78585297,0.057505608,-0.36503527,-0.20007953,-0.77151805,0.6217411,-0.49690777,-0.015356882,-0.17840843,-0.4672274,-0.12000196,0.15295911,0.17677434,-0.24208142,-0.2510241,-0.49090552,-0.112800375,0.0072777662,-0.13023826,-0.34191042,0.041701093,0.27430746,0.44133404,0.5584216,-0.14447777
-0.39854494,0.23344252,0.14747605,0.32764685,0.24249874,0.093208365,0.1928312,-0.13385329,0.0787213,-0.6748374,0.10300698,0.54044694,-0.33833975,0.30726588,-0.33302718,0.18411566,-0.35086682,0.21162279,-0.038059257,-0.16908924,0.39340833,0.019277412,0.07159423,-0.07375728,0.018103385,-0.2523222,-0.64450485,-0.56943226,0.11944996,-0.18397272,0.44311994,0.25524628
0.1693843,-0.2630288,-0.1824282,-0.13608193,-0.11849693,0.121010944,0.25126064,0.29208472,0.05054785,-0.6388892,0.022365618,-0.15326554,0.3700717,0.13128826,0.23666374,0.20592497,-0.27004486,0.039399162,0.070454806,-0.19772403,0.17511404,-0.13605522,0.010601973,-0.47603,-0.04418096,-0.2689563,-0.5014449,-0.0043711914,0.31966156,-0.2193827,0.11228017,-0.23499231
-0.09628707,0.2971187,0.2140095,0.1732745,0.36608517,-0.16560236,0.47291473,-0.44515568,-0.028450325,0.3545098,0.0503468,-0.09852836,-0.30084252,0.0874617,-0.106044166,-0.10068779,-0.17903808,0.08483939,-0.322242,-0.33923402,-0.0016792621,0.049047656,0.13535728,0.019243285,-0.28992736,-0.14039949,-0.023078565,-0.3221214,0.27701932,0.106474236,0.0007463028,-0.27184668
-0.01583736,0.0140479235,0.010947903,0.0008946052,0.003757088,-0.00029973255,0.016406551,0.018130101,-0.0094794035,-0.0037973858,0.0018329826,-0.010235011,-0.015154759,0.007386979,0.018997634,0.007448165,0.00015694002,-0.018723289,-0.0018237144,0.00028820348,-0.0045562023,-0.020735385,-0.0070062024,-0.013525896,-0.004687285,0.003182461,-0.017545,-0.019460281,-0.009754676,0.011125533,0.009179794,0.025150761
-0.008927064,0.012080252,0.014254824,0.0011684903,-0.0031867498,0.008892878,0.009650002,0.009410463,-0.010662627,-0.018801272,0.008149287,-0.0049284496,-0.0065015643,-0.009570864,0.008381405,0.01233736,-0.0021446138,-0.0065452373,-0.01236047,0.01313729,0.015098985,-0.0014658356,-0.00877124,-0.0057819774,-0.012725225,0.0133246705,-0.009910518,0.003938649,0.014742111,0.0018045611,0.0054187244,0.011518848
-0.01583736,0.0140479235,0.010947903,0.0008946052,0.003757088,-0.00029973255,0.016406551,0.018130101,-0.0094794035,-0.0037973858,0.0018329826,-0.010235011,-0.015154759,0.007386979,0.018997634,0.007448165,0.00015694002,-0.018723289,-0.0018237144,0.00028820348,-0.0045562023,-0.020735385,-0.0070062024,-0.013525896,-0.004687285,0.003182461,-0.017545,-0.019460281,-0.009754676,0.011125533,0.009179794,0.025150761
-0.008927064,0.012080252,0.014254824,0.0011684903,-0.0031867498,0.008892878,0.009650002,0.009410463,-0.010662627,-0.018801272,0.008149287,-0.0049284496,-0.0065015643,-0.009570864,0.008381405,0.01233736,-0.0021446138,-0.0065452373,-0.01236047,0.01313729,0.015098985,-0.0014658356,-0.00877124,-0.0057819774,-0.012725225,0.0133246705,-0.009910518,0.003938649,0.014742111,0.0018045611,0.0054187244,0.011518848
-0.01583736,0.0140479235,0.010947903,0.0008946052,0.003757088,-0.00029973255,0.016406551,0.018130101,-0.0094794035,-0.0037973858,0.0018329826,-0.010235011,-0.015154759,0.007386979,0.018997634,0.007448165,0.00015694002,-0.018723289,-0.0018237144,0.00028820348,-0.0045562023,-0.020735385,-0.0070062024,-0.013525896,-0.004687285,0.003182461,-0.017545,-0.019460281,-0.009754676,0.011125533,0.009179794,0.025150761
-0.008927064,0.012080252,0.014254824,0.0011684903,-0.0031867498,0.008892878,0.009650002,0.009410463,-0.010662627,-0.018801272,0.008149287,-0.0049284496,-0.0065015643,-0.009570864,0.008381405,0.01233736,-0.0021446138,-0.0065452373,-0.01236047,0.01313729,0.015098985,-0.0014658356,-0.00877124,-0.0057819774,-0.012725225,0.0133246705,-0.009910518,0.003938649,0.014742111,0.0018045611,0.0054187244,0.011518848
-0.01583736,0.0140479235,0.010947903,0.0008946052,0.003757088,-0.00029973255,0.016406551,0.018130101,-0.0094794035,-0.0037973858,0.0018329826,-0.010235011,-0.015154759,0.007386979,0.018997634,0.007448165,0.00015694002,-0.018723289,-0.0018237144,0.00028820348,-0.0045562023,-0.020735385,-0.0070062024,-0.013525896,-0.004687285,0.003182461,-0.017545,-0.019460281,-0.009754676,0.011125533,0.009179794,0.025150761
-0.008927064,0.012080252,0.014254824,0.0011684903,-0.0031867498,0.008892878,0.009650002,0.009410463,-0.010662627,-0.018801272,0.008149287,-0.0049284496,-0.0065015643,-0.009570864,0.008381405,0.01233736,-0.0021446138,-0.0065452373,-0.01236047,0.01313729,0.015098985,-0.0014658356,-0.00877124,-0.0057819774,-0.012725225,0.0133246705,-0.009910518,0.003938649,0.014742111,0.0018045611,0.0054187244,0.011518848
-0.01583736,0.0140479235,0.010947903,0.0008946052,0.003757088,-0.00029973255,0.016406551,0.018130101,-0.0094794035,-0.0037973858,0.0018329826,-0.010235011,-0.015154759,0.007386979,0.018997634,0.007448165,0.00015694002,-0.018723289,-0.0018237144,0.00028820348,-0.0045562023,-0.020735385,-0.0070062024,-0.013525896,-0.004687285,0.003182461,-0.017545,-0.019460281,-0.009754676,0.011125533,0.009179794,0.025150761
-0.008927064,0.012080252,0.014254824,0.0011684903,-0.0031867498,0.008892878,0.009650002,0.009410463,-0.010662627,-0.018801272,0.008149287,-0.0049284496,-0.0065015643,-0.009570864,0.008381405,0.01233736,-0.0021446138,-0.0065452373,-0.01236047,0.01313729,0.015098985,-0.0014658356,-0.00877124,-0.0057819774,-0.012725225,0.0133246705,-0.009910518,0.003938649,0.014742111,0.0018045611,0.0054187244,0.011518848
-0.01583736,0.0140479235,0.010947903,0.0008946052,0.003757088,-0.00029973255,0.016406551,0.018130101,-0.0094794035,-0.0037973858,0.0018329826,-0.010235011,-0.015154759,0.007386979,0.018997634,0.007448165,0.00015694002,-0.018723289,-0.0018237144,0.00028820348,-0.0045562023,-0.020735385,-0.0070062024,-0.013525896,-0.004687285,0.003182461,-0.017545,-0.019460281,-0.009754676,0.011125533,0.009179794,0.025150761
-0.008927064,0.012080252,0.014254824,0.0011684903,-0.0031867498,0.008892878,0.009650002,0.009410463,-0.010662627,-0.018801272,0.008149287,-0.0049284496,-0.0065015643,-0.009570864,0.008381405,0.01233736,-0.0021446138,-0.0065452373,-0.01236047,0.01313729,0.015098985,-0.0014658356,-0.00877124,-0.0057819774,-0.012725225,0.0133246705,-0.009910518,0.003938649,0.014742111,0.0018045611,0.0054187244,0.011518848
-0.01583736,0.0140479235,0.010947903,0.0008946052,0.003757088,-0.00029973255,0.016406551,0.018130101,-0.0094794035,-0.0037973858,0.0018329826,-0.010235011,-0.015154759,0.007386979,0.018997634,0.007448165,0.00015694002,-0.018723289,-0.0018237144,0.00028820348,-0.0045562023,-0.020735385,-0.0070062024,-0.013525896,-0.004687285,0.003182461,-0.017545,-0.019460281,-0.009754676,0.011125533,0.009179794,0.025150761
-0.008927064,0.012080252,0.014254824,0.0011684903,-0.0031867498,0.008892878,0.009650002,0.009410463,-0.010662627,-0.018801272,0.008149287,-0.0049284496,-0.0065015643,-0.009570864,0.008381405,0.01233736,-0.0021446138,-0.0065452373,-0.01236047,0.01313729,0.015098985,-0.0014658356,-0.00877124,-0.0057819774,-0.012725225,0.0133246705,-0.009910518,0.003938649,0.014742111,0.0018045611,0.0054187244,0.011518848
-0.01583736,0.0140479235,0.010947903,0.0008946052,0.003757088,-0.00029973255,0.016406551,0.018130101,-0.0094794035,-0.0037973858,0.0018329826,-0.010235011,-0.015154759,0.007386979,0.018997634,0.007448165,0.00015694002,-0.018723289,-0.0018237144,0.00028820348,-0.0045562023,-0.020735385,-0.0070062024,-0.013525896,-0.004687285,0.003182461,-0.017545,-0.019460281,-0.009754676,0.011125533,0.009179794,0.025150761
-0.008927064,0.012080252,0.014254824,0.0011684903,-0.0031867498,0.008892878,0.009650002,0.009410463,-0.010662627,-0.018801272,0.008149287,-0.0049284496,-0.0065015643,-0.009570864,0.008381405,0.01233736,-0.0021446138,-0.0065452373,-0.01236047,0.01313729,0.015098985,-0.0014658356,-0.00877124,-0.0057819774,-0.012725225,0.0133246705,-0.009910518,0.003938649,0.014742111,0.0018045611,0.0054187244,0.011518848
-0.01583736,0.0140479235,0.010947903,0.0008946052,0.003757088,-0.00029973255,0.016406551,0.018130101,-0.0094794035,-0.0037973858,0.0018329826,-0.010235011,-0.015154759,0.007386979,0.018997634,0.007448165,0.00015694002,-0.018723289,-0.0018237144,0.00028820348,-0.0045562023,-0.020735385,-0.0070062024,-0.013525896,-0.004687285,0.003182461,-0.017545,-0.019460281,-0.009754676,0.011125533,0.009179794,0.025150761
-0.008927064,0.012080252,0.014254824,0.0011684903,-0.0031867498,0.008892878,0.009650002,0.009410463,-0.010662627,-0.018801272,0.008149287,-0.0049284496,-0.0065015643,-0.009570864,0.008381405,0.01233736,-0.0021446138,-0.0065452373,-0.01236047,0.01313729,0.015098985,-0.0014658356,-0.00877124,-0.0057819774,-0.012725225,0.0133246705,-0.009910518,0.003938649,0.014742111,0.0018045611,0.0054187244,0.011518848
-0.01583736,0.0140479235,0.010947903,0.0008946052,0.003757088,-0.00029973255,0.016406551,0.018130101,-0.0094794035,-0.0037973858,0.0018329826,-0.010235011,-0.015154759,0.007386979,0.018997634,0.007448165,0.00015694002,-0.018723289,-0.0018237144,0.00028820348,-0.0045562023,-0.020735385,-0.0070062024,-0.013525896,-0.004687285,0.003182461,-0.017545,-0.019460281,-0.009754676,0.011125533,0.009179794,0.025150761
-0.008927064,0.012080252,0.014254824,0.0011684903,-0.0031867498,0.008892878,0.009650002,0.009410463,-0.010662627,-0.018801272,0.008149287,-0.0049284496,-0.0065015643,-0.009570864,0.008381405,0.01233736,-0.0021446138,-0.0065452373,-0.01236047,0.01313729,0.015098985,-0.0014658356,-0.00877124,-0.0057819774,-0.012725225,0.0133246705,-0.009910518,0.003938649,0.014742111,0.0018045611,0.0054187244,0.011518848
-0.01583736,0.0140479235,0.010947903,0.0008946052,0.003757088,-0.00029973255,0.016406551,0.018130101,-0.0094794035,-0.0037973858,0.0018329826,-0.010235011,-0.015154759,0.007386979,0.018997634,0.007448165,0.00015694002,-0.018723289,-0.0018237144,0.00028820348,-0.0045562023,-0.020735385,-0.0070062024,-0.013525896,-0.004687285,0.003182461,-0.017545,-0.019460281,-0.009754676,0.011125533,0.009179794,0.025150761
-0.008927064,0.012080252,0.014254824,0.0011684903,-0.0031867498,0.008892878,0.009650002,0.009410463,-0.010662627,-0.018801272,0.008149287,-0.0049284496,-0.0065015643,-0.009570864,0.008381405,0.01233736,-0.0021446138,-0.0065452373,-0.01236047,0.01313729,0.015098985,-0.0014658356,-0.00877124,-0.0057819774,-0.012725225,0.0133246705,-0.009910518,0.003938649,0.014742111,0.0018045611,0.0054187244,0.011518848
-0.01583736,0.0140479235,0.010947903,0.0008946052,0.003757088,-0.00029973255,0.016406551,0.018130101,-0.0094794035,-0.0037973858,0.0018329826,-0.010235011,-0.015154759,0.007386979,0.018997634,0.007448165,0.00015694002,-0.018723289,-0.0018237144,0.00028820348,-0.0045562023,-0.020735385,-0.0070062024,-0.013525896,-0.004687285,0.003182461,-0.017545,-0.019460281,-0.009754676,0.011125533,0.009179794,0.025150761
-0.008927064,0.012080252,0.014254824,0.0011684903,-0.0031867498,0.008892878,0.009650002,0.009410463,-0.010662627,-0.018801272,0.008149287,-0.0049284496,-0.0065015643,-0.009570864,0.008381405,0.01233736,-0.0021446138,-0.0065452373,-0.01236047,0.01313729,0.015098985,-0.0014658356,-0.00877124,-0.0057819774,-0.012725225,0.0133246705,-0.009910518,0.003938649,0.014742111,0.0018045611,0.0054187244,0.011518848
-0.01583736,0.0140479235,0.010947903,0.0008946052,0.003757088,-0.00029973255,0.016406551,0.018130101,-0.0094794035,-0.0037973858,0.0018329826,-0.010235011,-0.015154759,0.007386979,0.018997634,0.007448165,0.00015694002,-0.018723289,-0.0018237144,0.00028820348,-0.0045562023,-0.020735385,-0.0070062024,-0.013525896,-0.004687285,0.003182461,-0.017545,-0.019460281,-0.009754676,0.011125533,0.009179794,0.025150761
-0.008927064,0.012080252,0.014254824,0.0011684903,-0.0031867498,0.008892878,0.009650002,0.009410463,-0.010662627,-0.018801272,0.008149287,-0.0049284496,-0.0065015643,-0.009570864,0.008381405,0.01233736,-0.0021446138,-0.0065452373,-0.01236047,0.01313729,0.015098985,-0.0014658356,-0.00877124,-0.0057819774,-0.012725225,0.0133246705,-0.009910518,0.003938649,0.014742111,0.0018045611,0.0054187244,0.011518848
-0.01583736,0.0140479235,0.010947903,0.0008946052,0.003757088,-0.00029973255,0.016406551,0.018130101,-0.0094794035,-0.0037973858,0.0018329826,-0.010235011,-0.015154759,0.007386979,0.018997634,0.007448165,0.00015694002,-0.018723289,-0.0018237144,0.00028820348,-0.0045562023,-0.020735385,-0.0070062024,-0.013525896,-0.004687285,0.003182461,-0.017545,-0.019460281,-0.009754676,0.011125533,0.009179794,0.025150761
-0.008927064,0.012080252,0.014254824,0.0011684903,-0.0031867498,0.008892878,0.009650002,0.009410463,-0.010662627,-0.018801272,0.008149287,-0.0049284496,-0.0065015643,-0.009570864,0.008381405,0.01233736,-0.0021446138,-0.0065452373,-0.01236047,0.01313729,0.015098985,-0.0014658356,-0.00877124,-0.0057819774,-0.012725225,0.0133246705,-0.009910518,0.003938649,0.014742111,0.0018045611,0.0054187244,0.011518848
-0.01583736,0.0140479235,0.010947903,0.0008946052,0.003757088,-0.00029973255,0.016406551,0.018130101,-0.0094794035,-0.0037973858,0.0018329826,-0.010235011,-0.015154759,0.007386979,0.018997634,0.007448165,0.00015694002,-0.018723289,-0.0018237144,0.00028820348,-0.0045562023,-0.020735385,-0.0070062024,-0.013525896,-0.004687285,0.003182461,-0.017545,-0.019460281,-0.009754676,0.011125533,0.009179794,0.025150761
-0.008927064,0.012080252,0.014254824,0.0011684903,-0.0031867498,0.008892878,0.009650002,0.009410463,-0.010662627,-0.018801272,0.008149287,-0.0049284496,-0.0065015643,-0.009570864,0.008381405,0.01233736,-0.0021446138,-0.0065452373,-0.01236047,0.01313729,0.015098985,-0.0014658356,-0.00877124,-0.0057819774,-0.012725225,0.0133246705,-0.009910518,0.003938649,0.014742111,0.0018045611,0.0054187244,0.011518848
-0.01583736,0.0140479235,0.010947903,0.0008946052,0.003757088,-0.00029973255,0.016406551,0.018130101,-0.0094794035,-0.0037973858,0.0018329826,-0.010235011,-0.015154759,0.007386979,0.018997634,0.007448165,0.00015694002,-0.018723289,-0.0018237144,0.00028820348,-0.0045562023,-0.020735385,-0.0070062024,-0.013525896,-0.004687285,0.003182461,-0.017545,-0.019460281,-0.009754676,0.011125533,0.009179794,0.025150761
-0.008927064,0.012080252,0.014254824,0.0011684903,-0.0031867498,0.008892878,0.009650002,0.009410463,-0.010662627,-0.018801272,0.008149287,-0.0049284496,-0.0065015643,-0.009570864,0.008381405,0.01233736,-0.0021446138,-0.0065452373,-0.01236047,0.01313729,0.015098985,-0.0014658356,-0.00877124,-0.0057819774,-0.012725225,0.0133246705,-0.009910518,0.003938649,0.014742111,0.0018045611,0.0054187244,0.011518848
-0.01583736,0.0140479235,0.010947903,0.0008946052,0.003757088,-0.00029973255,0.016406551,0.018130101,-0.0094794035,-0.0037973858,0.0018329826,-0.010235011,-0.015154759,0.007386979,0.018997634,0.007448165,0.00015694002,-0.018723289,-0.0018237144,0.00028820348,-0.0045562023,-0.020735385,-0.0070062024,-0.013525896,-0.004687285,0.003182461,-0.017545,-0.019460281,-0.009754676,0.011125533,0.009179794,0.025150761
-0.008927064,0.012080252,0.014254824,0.0011684903,-0.0031867498,0.008892878,0.009650002,0.009410463,-0.010662627,-0.018801272,0.008149287,-0.0049284496,-0.0065015643,-0.009570864,0.008381405,0.01233736,-0.0021446138,-0.0065452373,-0.01236047,0.01313729,0.015098985,-0.0014658356,-0.00877124,-0.0057819774,-0.012725225,0.0133246705,-0.009910518,0.003938649,0.014742111,0.0018045611,0.0054187244,0.011518848
-0.01583736,0.0140479235,0.010947903,0.0008946052,0.003757088,-0.00029973255,0.016406551,0.018130101,-0.0094794035,-0.0037973858,0.0018329826,-0.010235011,-0.015154759,0.007386979,0.018997634,0.007448165,0.00015694002,-0.018723289,-0.0018237144,0.00028820348,-0.0045562023,-0.020735385,-0.0070062024,-0.013525896,-0.004687285,0.003182461,-0.017545,-0.019460281,-0.009754676,0.011125533,0.009179794,0.025150761
-0.008927064,0.012080252,0.014254824,0.0011684903,-0.0031867498,0.008892878,0.009650002,0.009410463,-0.010662627,-0.018801272,0.008149287,-0.0049284496,-0.0065015643,-0.009570864,0.008381405,0.01233736,-0.0021446138,-0.0065452373,-0.01236047,0.01313729,0.015098985,-0.0014658356,-0.00877124,-0.0057819774,-0.012725225,0.0133246705,-0.009910518,0.003938649,0.014742111,0.0018045611,0.0054187244,0.011518848
-0.01583736,0.0140479235,0.010947903,0.0008946052,0.003757088,-0.00029973255,0.016406551,0.018130101,-0.0094794035,-0.0037973858,0.0018329826,-0.010235011,-0.015154759,0.007386979,0.018997634,0.007448165,0.00015694002,-0.018723289,-0.0018237144,0.00028820348,-0.0045562023,-0.020735385,-0.0070062024,-0.013525896,-0.004687285,0.003182461,-0.017545,-0.019460281,-0.009754676,0.011125533,0.009179794,0.025150761
-0.008927064,0.012080252,0.014254824,0.0011684903,-0.0031867498,0.008892878,0.009650002,0.009410463,-0.010662627,-0.018801272,0.008149287,-0.0049284496,-0.0065015643,-0.009570864,0.008381405,0.01233736,-0.0021446138,-0.0065452373,-0.01236047,0.01313729,0.015098985,-0.0014658356,-0.00877124,-0.0057819774,-0.012725225,0.0133246705,-0.009910518,0.003938649,0.014742111,0.0018045611,0.0054187244,0.011518848
-0.01583736,0.0140479235,0.010947903,0.0008946052,0.003757088,-0.00029973255,0.016406551,0.018130101,-0.0094794035,-0.0037973858,0.0018329826,-0.010235011,-0.015154759,0.007386979,0.018997634,0.007448165,0.00015694002,-0.018723289,-0.0018237144,0.00028820348,-0.0045562023,-0.020735385,-0.0070062024,-0.013525896,-0.004687285,0.003182461,-0.017545,-0.019460281,-0.009754676,0.011125533,0.009179794,0.025150761
-0.008927064,0.012080252,0.014254824,0.0011684903,-0.0031867498,0.008892878,0.009650002,0.009410463,-0.010662627,-0.018801272,0.008149287,-0.0049284496,-0.0065015643,-0.009570864,0.008381405,0.01233736,-0.0021446138,-0.0065452373,-0.01236047,0.01313729,0.015098985,-0.0014658356,-0.00877124,-0.0057819774,-0.012725225,0.0133246705,-0.009910518,0.003938649,0.014742111,0.0018045611,0.0054187244,0.011518848
-0.01583736,0.0140479235,0.010947903,0.0008946052,0.003757088,-0.00029973255,0.016406551,0.018130101,-0.0094794035,-0.0037973858,0.0018329826,-0.010235011,-0.015154759,0.007386979,0.018997634,0.007448165,0.00015694002,-0.018723289,-0.0018237144,0.00028820348,-0.0045562023,-0.020735385,-0.0070062024,-0.013525896,-0.004687285,0.003182461,-0.017545,-0.019460281,-0.009754676,0.011125533,0.009179794,0.025150761
-0.008927064,0.012080252,0.014254824,0.0011684903,-0.0031867498,0.008892878,0.009650002,0.009410463,-0.010662627,-0.018801272,0.008149287,-0.0049284496,-0.0065015643,-0.009570864,0.008381405,0.01233736,-0.0021446138,-0.0065452373,-0.01236047,0.01313729,0.015098985,-0.0014658356,-0.00877124,-0.0057819774,-0.012725225,0.0133246705,-0.009910518,0.003938649,0.014742111,0.0018045611,0.0054187244,0.011518848
-0.01583736,0.0140479235,0.010947903,0.0008946052,0.003757088,-0.00029973255,0.016406551,0.018130101,-0.0094794035,-0.0037973858,0.0018329826,-0.010235011,-0.015154759,0.007386979,0.018997634,0.007448165,0.00015694002,-0.018723289,-0.0018237144,0.00028820348,-0.0045562023,-0.020735385,-0.0070062024,-0.013525896,-0.004687285,0.003182461,-0.017545,-0.019460281,-0.009754676,0.011125533,0.009179794,0.025150761
-0.008927064,0.012080252,0.014254824,0.0011684903,-0.0031867498,0.008892878,0.009650002,0.009410463,-0.010662627,-0.018801272,0.008149287,-0.0049284496,-0.0065015643,-0.009570864,0.008381405,0.01233736,-0.0021446138,-0.0065452373,-0.01236047,0.01313729,0.015098985,-0.0014658356,-0.00877124,-0.0057819774,-0.012725225,0.0133246705,-0.009910518,0.003938649,0.014742111,0.0018045611,0.0054187244,0.011518848
-0.01583736,0.0140479235,0.010947903,0.0008946052,0.003757088,-0.00029973255,0.016406551,0.018130101,-0.0094794035,-0.0037973858,0.0018329826,-0.010235011,-0.015154759,0.007386979,0.018997634,0.007448165,0.00015694002,-0.018723289,-0.0018237144,0.00028820348,-0.0045562023,-0.020735385,-0.0070062024,-0.013525896,-0.004687285,0.003182461,-0.017545,-0.019460281,-0.009754676,0.011125533,0.009179794,0.025150761
-0.008927064,0.012080252,0.014254824,0.0011684903,-0.0031867498,0.008892878,0.009650002,0.009410463,-0.010662627,-0.018801272,0.008149287,-0.0049284496,-0.0065015643,-0.009570864,0.008381405,0.01233736,-0.0021446138,-0.0065452373,-0.01236047,0.01313729,0.015098985,-0.0014658356,-0.00877124,-0.0057819774,-0.012725225,0.0133246705,-0.009910518,0.003938649,0.014742111,0.0018045611,0.0054187244,0.011518848
-0.01583736,0.0140479235,0.010947903,0.0008946052,0.003757088,-0.00029973255,0.016406551,0.018130101,-0.0094794035,-0.0037973858,0.0018329826,-0.010235011,-0.015154759,0.007386979,0.018997634,0.007448165,0.00015694002,-0.018723289,-0.0018237144,0.00028820348,-0.0045562023,-0.020735385,-0.0070062024,-0.013525896,-0.004687285,0.003182461,-0.017545,-0.019460281,-0.009754676,0.011125533,0.009179794,0.025150761
-0.008927064,0.012080252,0.014254824,0.0011684903,-0.0031867498,0.008892878,0.009650002,0.009410463,-0.010662627,-0.018801272,0.008149287,-0.0049284496,-0.0065015643,-0.009570864,0.008381405,0.01233736,-0.0021446138,-0.0065452373,-0.01236047,0.01313729,0.015098985,-0.0014658356,-0.00877124,-0.0057819774,-0.012725225,0.0133246705,-0.009910518,0.003938649,0.014742111,0.0018045611,0.0054187244,0.011518848
-0.01583736,0.0140479235,0.010947903,0.0008946052,0.003757088,-0.00029973255,0.016406551,0.018130101,-0.0094794035,-0.0037973858,0.0018329826,-0.010235011,-0.015154759,0.007386979,0.018997634,0.007448165,0.00015694002,-0.018723289,-0.0018237144,0.00028820348,-0.0045562023,-0.020735385,-0.0070062024,-0.013525896,-0.004687285,0.003182461,-0.017545,-0.019460281,-0.009754676,0.011125533,0.009179794,0.025150761
-0.008927064,0.012080252,0.014254824,0.0011684903,-0.0031867498,0.008892878,0.009650002,0.009410463,-0.010662627,-0.018801272,0.008149287,-0.0049284496,-0.0065015643,-0.009570864,0.008381405,0.01233736,-0.0021446138,-0.0065452373,-0.01236047,0.01313729,0.015098985,-0.0014658356,-0.00877124,-0.0057819774,-0.012725225,0.0133246705,-0.009910518,0.003938649,0.014742111,0.0018045611,0.0054187244,0.011518848
-0.01583736,0.0140479235,0.010947903,0.0008946052,0.003757088,-0.00029973255,0.016406551,0.018130101,-0.0094794035,-0.0037973858,0.0018329826,-0.010235011,-0.015154759,0.007386979,0.018997634,0.007448165,0.00015694002,-0.018723289,-0.0018237144,0.00028820348,-0.0045562023,-0.020735385,-0.0070062024,-0.013525896,-0.004687285,0.003182461,-0.017545,-0.019460281,-0.009754676,0.011125533,0.009179794,0.025150761
-0.008927064,0.012080252,0.014254824,0.0011684903,-0.0031867498,0.008892878,0.009650002,0.009410463,-0.010662627,-0.018801272,0.008149287,-0.0049284496,-0.0065015643,-0.009570864,0.008381405,0.01233736,-0.0021446138,-0.0065452373,-0.01236047,0.01313729,0.015098985,-0.0014658356,-0.00877124,-0.0057819774,-0.012725225,0.0133246705,-0.009910518,0.003938649,0.014742111,0.0018045611,0.0054187244,0.011518848
-0.01583736,0.0140479235,0.010947903,0.0008946052,0.003757088,-0.00029973255,0.016406551,0.018130101,-0.0094794035,-0.0037973858,0.0018329826,-0.010235011,-0.015154759,0.007386979,0.018997634,0.007448165,0.00015694002,-0.018723289,-0.0018237144,0.00028820348,-0.0045562023,-0.020735385,-0.0070062024,-0.013525896,-0.004687285,0.003182461,-0.017545,-0.019460281,-0.009754676,0.011125533,0.009179794,0.025150761
-0.008927064,0.012080252,0.014254824,0.0011684903,-0.0031867498,0.008892878,0.009650002,0.009410463,-0.010662627,-0.018801272,0.008149287,-0.0049284496,-0.0065015643,-0.009570864,0.008381405,0.01233736,-0.0021446138,-0.0065452373,-0.01236047,0.01313729,0.015098985,-0.0014658356,-0.00877124,-0.0057819774,-0.012725225,0.0133246705,-0.009910518,0.003938649,0.014742111,0.0018045611,0.0054187244,0.011518848
-0.01583736,0.0140479235,0.010947903,0.0008946052,0.003757088,-0.00029973255,0.016406551,0.018130101,-0.0094794035,-0.0037973858,0.0018329826,-0.010235011,-0.015154759,0.007386979,0.018997634,0.007448165,0.00015694002,-0.018723289,-0.0018237144,0.00028820348,-0.0045562023,-0.020735385,-0.0070062024,-0.013525896,-0.004687285,0.003182461,-0.017545,-0.019460281,-0.009754676,0.011125533,0.009179794,0.025150761
-0.008927064,0.012080252,0.014254824,0.0011684903,-0.0031867498,0.008892878,0.009650002,0.009410463,-0.010662627,-0.018801272,0.008149287,-0.0049284496,-0.0065015643,-0.009570864,0.008381405,0.01233736,-0.0021446138,-0.0065452373,-0.01236047,0.01313729,0.015098985,-0.0014658356,-0.00877124,-0.0057819774,-0.012725225,0.0133246705,-0.009910518,0.003938649,0.014742111,0.0018045611,0.0054187244,0.011518848
0.3884988,-0.0150888385,-0.39270222,-0.30191875,0.32392842,-0.47883242,0.0036523184,0.008619213,0.1807668,0.031532988,0.018561933,-0.29944432,0.013263428,-0.48313308,0.26029947,0.23483485,0.07326524,-0.33429003,0.0058766576,0.36504087,-0.423798,0.37305683,-0.31311646,-0.47986442,-0.40296316,0.15990451,0.45485473,0.19345452,-0.24884418,-0.07199208,-0.18423487,0.15005575
-0.3822618,0.19718035,0.113524385,0.30564407,0.49777412,0.0048982073,-0.46221918,-0.23460826,-0.5444681,-0.67846143,0.2547477,0.22172697,-0.312676,0.077035785,0.4154192,0.71956724,-0.050141517,0.05258559,0.098099686,0.24123186,0.44801798,0.043177187,-0.015042124,0.21210507,0.042583555,0.27540618,-0.12270813,-0.1732765,-0.2176028,-0.5073027,0.22328414,0.38481107
-0.088897735,-0.4002239,-0.24029018,-0.66156554,-0.28103304,0.047384825,-0.015567929,0.7761372,0.29971555,-0.2285346,0.31980544,0.012206749,0.04601715,0.10422382,-0.24801514,0.18472157,0.098098405,0.11540527,0.43828762,0.21400435,0.4666596,-0.1439519,-0.3789013,-0.7365647,-0.2929812,-0.09780923,0.04082756,-0.22382246,-0.08786924,0.051536888,-0.2943697,-0.2834165
0.020095218,0.17227429,0.71133167,0.42224964,0.7534248,0.17823075,0.22095767,-0.81828713,-0.13727295,-0.9334626,0.48379865,-0.3992766,-0.04953613,1.0070479,0.13064498,0.026236188,0.14063475,-0.14824297,-0.5853934,-0.079081036,0.8715077,0.29312605,-0.3253433,0.116790414,-0.05004575,-0.27625543,-0.27257764,-0.5389679,0.11434205,-0.41254458,0.20078197,0.3262231
-0.8985852,0.11661698,-0.04983902,-0.10372387,-0.06761853,-0.24522918,0.09476126,0.43138233,-0.03667088,0.065780595,0.31773272,0.19249037,-0.26633546,0.17867295,-0.10156351,-0.031564593,0.06961531,0.15300159,-0.1394199,0.058382254,0.20558147,-0.036503926,0.24783012,0.0487182,0.023335068,-0.11670947,0.15268797,-0.12429371,-0.34237212,-0.32243618,-0.00683299,-0.18610573
0.016719162,0.3594475,0.47510707,0.14425012,0.12706533,0.008512656,0.3708541,-0.15552777,0.0010647913,-0.10179354,-0.1849273,-0.35851103,-0.4427191,0.54671043,0.2985161,-0.06820573,-0.16402596,-0.17240702,-0.06462346,0.045588657,0.50751704,0.08438463,0.212815,-0.091386124,-0.20131361,-0.09640913,-0.12913853,-0.0443444,0.16391298,-0.30300033,0.4801276,0.22084455
-0.01583736,0.0140479235,0.010947903,0.0008946052,0.003757088,-0.00029973255,0.016406551,0.018130101,-0.0094794035,-0.0037973858,0.0018329826,-0.010235011,-0.015154759,0.007386979,0.018997634,0.007448165,0.00015694002,-0.018723289,-0.0018237144,0.00028820348,-0.0045562023,-0.020735385,-0.0070062024,-0.013525896,-0.004687285,0.003182461,-0.017545,-0.019460281,-0.009754676,0.011125533,0.009179794,0.025150761
-0.008927064,0.012080252,0.014254824,0.0011684903,-0.0031867498,0.008892878,0.009650002,0.009410463,-0.010662627,-0.018801272,0.008149287,-0.0049284496,-0.0065015643,-0.009570864,0.008381405,0.01233736,-0.0021446138,-0.0065452373,-0.01236047,0.01313729,0.015098985,-0.0014658356,-0.00877124,-0.0057819774,-0.012725225,0.0133246705,-0.009910518,0.003938649,0.014742111,0.0018045611,0.0054187244,0.011518848
-0.01583736,0.0140479235,0.010947903,0.0008946052,0.003757088,-0.00029973255,0.016406551,0.018130101,-0.0094794035,-0.0037973858,0.0018329826,-0.010235011,-0.015154759,0.007386979,0.018997634,0.007448165,0.00015694002,-0.018723289,-0.0018237144,0.00028820348,-0.0045562023,-0.020735385,-0.0070062024,-0.013525896,-0.004687285,0.003182461,-0.017545,-0.019460281,-0.009754676,0.011125533,0.009179794,0.025150761
-0.008927064,0.012080252,0.014254824,0.0011684903,-0.0031867498,0.008892878,0.009650002,0.009410463,-0.010662627,-0.018801272,0.008149287,-0.0049284496,-0.0065015643,-0.009570864,0.008381405,0.01233736,-0.0021446138,-0.0065452373,-0.01236047,0.01313729,0.015098985,-0.0014658356,-0.00877124,-0.0057819774,-0.012725225,0.0133246705,-0.009910518,0.003938649,0.014742111,0.0018045611,0.0054187244,0.011518848
-0.01583736,0.0140479235,0.010947903,0.0008946052,0.003757088,-0.00029973255,0.016406551,0.018130101,-0.0094794035,-0.0037973858,0.0018329826,-0.010235011,-0.015154759,0.007386979,0.018997634,0.007448165,0.00015694002,-0.018723289,-0.0018237144,0.00028820348,-0.0045562023,-0.020735385,-0.0070062024,-0.013525896,-0.004687285,0.003182461,-0.017545,-0.019460281,-0.009754676,0.011125533,0.009179794,0.025150761
-0.008927064,0.012080252,0.014254824,0.0011684903,-0.0031867498,0.008892878,0.009650002,0.009410463,-0.010662627,-0.018801272,0.008149287,-0.0049284496,-0.0065015643,-0.009570864,0.008381405,0.01233736,-0.0021446138,-0.0065452373,-0.01236047,0.01313729,0.015098985,-0.0014658356,-0.00877124,-0.0057819774,-0.012725225,0.0133246705,-0.009910518,0.003938649,0.014742111,0.0018045611,0.0054187244,0.011518848
-0.01583736,0.0140479235,0.010947903,0.0008946052,0.003757088,-0.00029973255,0.016406551,0.018130101,-0.0094794035,-0.0037973858,0.0018329826,-0.010235011,-0.015154759,0.007386979,0.018997634,0.007448165,0.00015694002,-0.018723289,-0.0018237144,0.00028820348,-0.0045562023,-0.020735385,-0.0070062024,-0.013525896,-0.004687285,0.003182461,-0.017545,-0.019460281,-0.009754676,0.011125533,0.009179794,0.025150761
-0.008927064,0.012080252,0.014254824,0.0011684903,-0.0031867498,0.008892878,0.009650002,0.009410463,-0.010662627,-0.018801272,0.008149287,-0.0049284496,-0.0065015643,-0.009570864,0.008381405,0.01233736,-0.0021446138,-0.0065452373,-0.01236047,0.01313729,0.015098985,-0.0014658356,-0.00877124,-0.0057819774,-0.012725225,0.0133246705,-0.009910518,0.003938649,0.014742111,0.0018045611,0.0054187244,0.011518848
-0.01583736,0.0140479235,0.010947903,0.0008946052,0.003757088,-0.00029973255,0.016406551,0.018130101,-0.0094794035,-0.0037973858,0.0018329826,-0.010235011,-0.015154759,0.007386979,0.018997634,0.007448165,0.00015694002,-0.018723289,-0.0018237144,0.00028820348,-0.0045562023,-0.020735385,-0.0070062024,-0.013525896,-0.004687285,0.003182461,-0.017545,-0.019460281,-0.009754676,0.011125533,0.009179794,0.025150761
-0.008927064,0.012080252,0.014254824,0.0011684903,-0.0031867498,0.008892878,0.009650002,0.009410463,-0.010662627,-0.018801272,0.008149287,-0.0049284496,-0.0065015643,-0.009570864,0.008381405,0.01233736,-0.0021446138,-0.0065452373,-0.01236047,0.01313729,0.015098985,-0.0014658356,-0.00877124,-0.0057819774,-0.012725225,0.0133246705,-0.009910518,0.003938649,0.014742111,0.0018045611,0.0054187244,0.011518848
-0.01583736,0.0140479235,0.010947903,0.0008946052,0.003757088,-0.00029973255,0.016406551,0.018130101,-0.0094794035,-0.0037973858,0.0018329826,-0.010235011,-0.015154759,0.007386979,0.018997634,0.007448165,0.00015694002,-0.018723289,-0.0018237144,0.00028820348,-0.0045562023,-0.020735385,-0.0070062024,-0.013525896,-0.004687285,0.003182461,-0.017545,-0.019460281,-0.009754676,0.011125533,0.009179794,0.025150761
-0.008927064,0.012080252,0.014254824,0.0011684903,-0.0031867498,0.008892878,0.009650002,0.009410463,-0.010662627,-0.018801272,0.008149287,-0.0049284496,-0.0065015643,-0.009570864,0.008381405,0.01233736,-0.0021446138,-0.0065452373,-0.01236047,0.01313729,0.015098985,-0.0014658356,-0.00877124,-0.0057819774,-0.012725225,0.0133246705,-0.009910518,0.003938649,0.014742111,0.0018045611,0.0054187244,0.011518848
-0.01583736,0.0140479235,0.010947903,0.0008946052,0.003757088,-0.00029973255,0.016406551,0.018130101,-0.0094794035,-0.0037973858,0.0018329826,-0.010235011,-0.015154759,0.007386979,0.018997634,0.007448165,0.00015694002,-0.018723289,-0.0018237144,0.00028820348,-0.0045562023,-0.020735385,-0.0070062024,-0.013525896,-0.004687285,0.003182461,-0.017545,-0.019460281,-0.009754676,0.011125533,0.009179794,0.025150761
-0.008927064,0.012080252,0.014254824,0.0011684903,-0.0031867498,0.008892878,0.009650002,0.009410463,-0.010662627,-0.018801272,0.008149287,-0.0049284496,-0.0065015643,-0.009570864,0.008381405,0.01233736,-0.0021446138,-0.0065452373,-0.01236047,0.01313729,0.015098985,-0.0014658356,-0.00877124,-0.0057819774,-0.012725225,0.0133246705,-0.009910518,0.003938649,0.014742111,0.0018045611,0.0054187244,0.011518848
-0.01583736,0.0140479235,0.010947903,0.0008946052,0.003757088,-0.00029973255,0.016406551,0.018130101,-0.0094794035,-0.0037973858,0.0018329826,-0.010235011,-0.015154759,0.007386979,0.018997634,0.007448165,0.00015694002,-0.018723289,-0.0018237144,0.00028820348,-0.0045562023,-0.020735385,-0.0070062024,-0.013525896,-0.004687285,0.003182461,-0.017545,-0.019460281,-0.009754676,0.011125533,0.009179794,0.025150761
-0.008927064,0.012080252,0.014254824,0.0011684903,-0.0031867498,0.008892878,0.009650002,0.009410463,-0.010662627,-0.018801272,0.008149287,-0.0049284496,-0.0065015643,-0.009570864,0.008381405,0.01233736,-0.0021446138,-0.0065452373,-0.01236047,0.01313729,0.015098985,-0.0014658356,-0.00877124,-0.0057819774,-0.012725225,0.0133246705,-0.009910518,0.003938649,0.014742111,0.0018045611,0.0054187244,0.011518848
-0.01583736,0.0140479235,0.010947903,0.0008946052,0.003757088,-0.00029973255,0.016406551,0.018130101,-0.0094794035,-0.0037973858,0.0018329826,-0.010235011,-0.015154759,0.007386979,0.018997634,0.007448165,0.00015694002,-0.018723289,-0.0018237144,0.00028820348,-0.0045562023,-0.020735385,-0.0070062024,-0.013525896,-0.004687285,0.003182461,-0.017545,-0.019460281,-0.009754676,0.011125533,0.009179794,0.025150761
-0.008927064,0.012080252,0.014254824,0.0011684903,-0.0031867498,0.008892878,0.009650002,0.009410463,-0.010662627,-0.018801272,0.008149287,-0.0049284496,-0.0065015643,-0.009570864,0.008381405,0.01233736,-0.0021446138,-0.0065452373,-0.01236047,0.01313729,0.015098985,-0.0014658356,-0.00877124,-0.0057819774,-0.012725225,0.0133246705,-0.009910518,0.003938649,0.014742111,0.0018045611,0.0054187244,0.011518848
-0.01583736,0.0140479235,0.010947903,0.0008946052,0.003757088,-0.00029973255,0.016406551,0.018130101,-0.0094794035,-0.0037973858,0.0018329826,-0.010235011,-0.015154759,0.007386979,0.018997634,0.007448165,0.00015694002,-0.018723289,-0.0018237144,0.00028820348,-0.0045562023,-0.020735385,-0.0070062024,-0.013525896,-0.004687285,0.003182461,-0.017545,-0.019460281,-0.009754676,0.011125533,0.009179794,0.025150761
-0.008927064,0.012080252,0.014254824,0.0011684903,-0.0031867498,0.008892878,0.009650002,0.009410463,-0.010662627,-0.018801272,0.008149287,-0.0049284496,-0.0065015643,-0.009570864,0.008381405,0.01233736,-0.0021446138,-0.0065452373,-0.01236047,0.01313729,0.015098985,-0.0014658356,-0.00877124,-0.0057819774,-0.012725225,0.0133246705,-0.009910518,0.003938649,0.014742111,0.0018045611,0.0054187244,0.011518848
-0.01583736,0.0140479235,0.010947903,0.0008946052,0.003757088,-0.00029973255,0.016406551,0.018130101,-0.0094794035,-0.0037973858,0.0018329826,-0.010235011,-0.015154759,0.007386979,0.018997634,0.007448165,0.00015694002,-0.018723289,-0.0018237144,0.00028820348,-0.0045562023,-0.020735385,-0.0070062024,-0.013525896,-0.004687285,0.003182461,-0.017545,-0.019460281,-0.009754676,0.011125533,0.009179794,0.025150761
-0.008927064,0.012080252,0.014254824,0.0011684903,-0.0031867498,0.008892878,0.009650002,0.009410463,-0.010662627,-0.018801272,0.008149287,-0.0049284496,-0.0065015643,-0.009570864,0.008381405,0.01233736,-0.0021446138,-0.0065452373,-0.01236047,0.01313729,0.015098985,-0.0014658356,-0.00877124,-0.0057819774,-0.012725225,0.0133246705,-0.009910518,0.003938649,0.014742111,0.0018045611,0.0054187244,0.011518848
-0.01583736,0.0140479235,0.010947903,0.0008946052,0.003757088,-0.00029973255,0.016406551,0.018130101,-0.0094794035,-0.0037973858,0.0018329826,-0.010235011,-0.015154759,0.007386979,0.018997634,0.007448165,0.00015694002,-0.018723289,-0.0018237144,0.00028820348,-0.0045562023,-0.020735385,-0.0070062024,-0.013525896,-0.004687285,0.003182461,-0.017545,-0.019460281,-0.009754676,0.011125533,0.009179794,0.025150761
-0.008927064,0.012080252,0.014254824,0.0011684903,-0.0031867498,0.008892878,0.009650002,0.009410463,-0.010662627,-0.018801272,0.008149287,-0.0049284496,-0.0065015643,-0.009570864,0.008381405,0.01233736,-0.0021446138,-0.0065452373,-0.01236047,0.01313729,0.015098985,-0.0014658356,-0.00877124,-0.0057819774,-0.012725225,0.0133246705,-0.009910518,0.003938649,0.014742111,0.0018045611,0.0054187244,0.011518848
-0.01583736,0.0140479235,0.010947903,0.0008946052,0.003757088,-0.00029973255,0.016406551,0.018130101,-0.0094794035,-0.0037973858,0.0018329826,-0.010235011,-0.015154759,0.007386979,0.018997634,0.007448165,0.00015694002,-0.018723289,-0.0018237144,0.00028820348,-0.0045562023,-0.020735385,-0.0070062024,-0.013525896,-0.004687285,0.003182461,-0.017545,-0.019460281,-0.009754676,0.011125533,0.009179794,0.025150761
-0.008927064,0.012080252,0.014254824,0.0011684903,-0.0031867498,0.008892878,0.009650002,0.009410463,-0.010662627,-0.018801272,0.008149287,-0.0049284496,-0.0065015643,-0.009570864,0.008381405,0.01233736,-0.0021446138,-0.0065452373,-0.01236047,0.01313729,0.015098985,-0.0014658356,-0.00877124,-0.0057819774,-0.012725225,0.0133246705,-0.009910518,0.003938649,0.014742111,0.0018045611,0.0054187244,0.011518848
-0.01583736,0.0140479235,0.010947903,0.0008946052,0.003757088,-0.00029973255,0.016406551,0.018130101,-0.0094794035,-0.0037973858,0.0018329826,-0.010235011,-0.015154759,0.007386979,0.018997634,0.007448165,0.00015694002,-0.018723289,-0.0018237144,0.00028820348,-0.0045562023,-0.020735385,-0.0070062024,-0.013525896,-0.004687285,0.003182461,-0.017545,-0.019460281,-0.009754676,0.011125533,0.009179794,0.025150761
-0.008927064,0.012080252,0.014254824,0.0011684903,-0.0031867498,0.008892878,0.009650002,0.009410463,-0.010662627,-0.018801272,0.008149287,-0.0049284496,-0.0065015643,-0.009570864,0.008381405,0.01233736,-0.0021446138,-0.0065452373,-0.01236047,0.01313729,0.015098985,-0.0014658356,-0.00877124,-0.0057819774,-0.012725225,0.0133246705,-0.009910518,0.003938649,0.014742111,0.0018045611,0.0054187244,0.011518848
-0.01583736,0.0140479235,0.010947903,0.0008946052,0.003757088,-0.00029973255,0.016406551,0.018130101,-0.0094794035,-0.0037973858,0.0018329826,-0.010235011,-0.015154759,0.007386979,0.018997634,0.007448165,0.00015694002,-0.018723289,-0.0018237144,0.00028820348,-0.0045562023,-0.020735385,-0.0070062024,-0.013525896,-0.004687285,0.003182461,-0.017545,-0.019460281,-0.009754676,0.011125533,0.009179794,0.025150761
-0.008927064,0.012080252,0.014254824,0.0011684903,-0.0031867498,0.008892878,0.009650002,0.009410463,-0.010662627,-0.018801272,0.008149287,-0.0049284496,-0.0065015643,-0.009570864,0.008381405,0.01233736,-0.0021446138,-0.0065452373,-0.01236047,0.01313729,0.015098985,-0.0014658356,-0.00877124,-0.0057819774,-0.012725225,0.0133246705,-0.009910518,0.003938649,0.014742111,0.0018045611,0.0054187244,0.011518848
-0.01583736,0.0140479235,0.010947903,0.0008946052,0.003757088,-0.00029973255,0.016406551,0.018130101,-0.0094794035,-0.0037973858,0.0018329826,-0.010235011,-0.015154759,0.007386979,0.018997634,0.007448165,0.00015694002,-0.018723289,-0.0018237144,0.00028820348,-0.0045562023,-0.020735385,-0.0070062024,-0.013525896,-0.004687285,0.003182461,-0.017545,-0.019460281,-0.009754676,0.011125533,0.009179794,0.025150761
-0.008927064,0.012080252,0.014254824,0.0011684903,-0.0031867498,0.008892878,0.009650002,0.009410463,-0.010662627,-0.018801272,0.008149287,-0.0049284496,-0.0065015643,-0.009570864,0.008381405,0.01233736,-0.0021446138,-0.0065452373,-0.01236047,0.01313729,0.015098985,-0.0014658356,-0.00877124,-0.0057819774,-0.012725225,0.0133246705,-0.009910518,0.003938649,0.014742111,0.0018045611,0.0054187244,0.011518848
-0.01583736,0.0140479235,0.010947903,0.0008946052,0.003757088,-0.00029973255,0.016406551,0.018130101,-0.0094794035,-0.0037973858,0.0018329826,-0.010235011,-0.015154759,0.007386979,0.018997634,0.007448165,0.00015694002,-0.018723289,-0.0018237144,0.00028820348,-0.0045562023,-0.020735385,-0.0070062024,-0.013525896,-0.004687285,0.003182461,-0.017545,-0.019460281,-0.009754676,0.011125533,0.009179794,0.025150761
-0.008927064,0.012080252,0.014254824,0.0011684903,-0.0031867498,0.008892878,0.009650002,0.009410463,-0.010662627,-0.018801272,0.008149287,-0.0049284496,-0.0065015643,-0.009570864,0.008381405,0.01233736,-0.0021446138,-0.0065452373,-0.01236047,0.01313729,0.015098985,-0.0014658356,-0.00877124,-0.0057819774,-0.012725225,0.0133246705,-0.009910518,0.003938649,0.014742111,0.0018045611,0.0054187244,0.011518848
-0.01583736,0.0140479235,0.010947903,0.0008946052,0.003757088,-0.00029973255,0.016406551,0.018130101,-0.0094794035,-0.0037973858,0.0018329826,-0.010235011,-0.015154759,0.007386979,0.018997634,0.007448165,0.00015694002,-0.018723289,-0.0018237144,0.00028820348,-0.0045562023,-0.020735385,-0.0070062024,-0.013525896,-0.004687285,0.003182461,-0.017545,-0.019460281,-0.009754676,0.011125533,0.009179794,0.025150761
-0.008927064,0.012080252,0.014254824,0.0011684903,-0.0031867498,0.008892878,0.009650002,0.009410463,-0.010662627,-0.018801272,0.008149287,-0.0049284496,-0.0065015643,-0.009570864,0.008381405,0.01233736,-0.0021446138,-0.0065452373,-0.01236047,0.01313729,0.015098985,-0.0014658356,-0.00877124,-0.0057819774,-0.012725225,0.0133246705,-0.009910518,0.003938649,0.014742111,0.0018045611,0.0054187244,0.011518848
-0.01583736,0.0140479235,0.010947903,0.0008946052,0.003757088,-0.00029973255,0.016406551,0.018130101,-0.0094794035,-0.0037973858,0.0018329826,-0.010235011,-0.015154759,0.007386979,0.018997634,0.007448165,0.00015694002,-0.018723289,-0.0018237144,0.00028820348,-0.0045562023,-0.020735385,-0.0070062024,-0.013525896,-0.004687285,0.003182461,-0.017545,-0.019460281,-0.009754676,0.011125533,0.009179794,0.025150761
-0.008927064,0.012080252,0.014254824,0.0011684903,-0.0031867498,0.008892878,0.009650002,0.009410463,-0.010662627,-0.018801272,0.008149287,-0.0049284496,-0.0065015643,-0.009570864,0.008381405,0.01233736,-0.0021446138,-0.0065452373,-0.01236047,0.01313729,0.015098985,-0.0014658356,-0.00877124,-0.0057819774,-0.012725225,0.0133246705,-0.009910518,0.003938649,0.014742111,0.0018045611,0.0054187244,0.011518848
-0.01583736,0.0140479235,0.010947903,0.0008946052,0.003757088,-0.00029973255,0.016406551,0.018130101,-0.0094794035,-0.0037973858,0.0018329826,-0.010235011,-0.015154759,0.007386979,0.018997634,0.007448165,0.00015694002,-0.018723289,-0.0018237144,0.00028820348,-0.0045562023,-0.020735385,-0.0070062024,-0.013525896,-0.004687285,0.003182461,-0.017545,-0.019460281,-0.009754676,0.011125533,0.009179794,0.025150761
-0.008927064,0.012080252,0.014254824,0.0011684903,-0.0031867498,0.008892878,0.009650002,0.009410463,-0.010662627,-0.018801272,0.008149287,-0.0049284496,-0.0065015643,-0.009570864,0.008381405,0.01233736,-0.0021446138,-0.0065452373,-0.01236047,0.01313729,0.015098985,-0.0014658356,-0.00877124,-0.0057819774,-0.012725225,0.0133246705,-0.009910518,0.003938649,0.014742111,0.0018045611,0.0054187244,0.011518848
-0.01583736,0.0140479235,0.010947903,0.0008946052,0.003757088,-0.00029973255,0.016406551,0.018130101,-0.0094794035,-0.0037973858,0.0018329826,-0.010235011,-0.015154759,0.007386979,0.018997634,0.007448165,0.00015694002,-0.018723289,-0.0018237144,0.00028820348,-0.0045562023,-0.020735385,-0.0070062024,-0.013525896,-0.004687285,0.003182461,-0.017545,-0.019460281,-0.009754676,0.011125533,0.009179794,0.025150761
-0.008927064,0.012080252,0.014254824,0.0011684903,-0.0031867498,0.008892878,0.009650002,0.009410463,-0.010662627,-0.018801272,0.008149287,-0.0049284496,-0.0065015643,-0.009570864,0.008381405,0.01233736,-0.0021446138,-0.0065452373,-0.01236047,0.01313729,0.015098985,-0.0014658356,-0.00877124,-0.0057819774,-0.012725225,0.0133246705,-0.009910518,0.003938649,0.014742111,0.0018045611,0.0054187244,0.011518848
-0.01583736,0.0140479235,0.010947903,0.0008946052,0.003757088,-0.00029973255,0.016406551,0.018130101,-0.0094794035,-0.0037973858,0.0018329826,-0.010235011,-0.015154759,0.007386979,0.018997634,0.007448165,0.00015694002,-0.018723289,-0.0018237144,0.00028820348,-0.0045562023,-0.020735385,-0.0070062024,-0.013525896,-0.004687285,0.003182461,-0.017545,-0.019460281,-0.009754676,0.011125533,0.009179794,0.025150761
-0.008927064,0.012080252,0.014254824,0.0011684903,-0.0031867498,0.008892878,0.009650002,0.009410463,-0.010662627,-0.018801272,0.008149287,-0.0049284496,-0.0065015643,-0.009570864,0.008381405,0.01233736,-0.0021446138,-0.0065452373,-0.01236047,0.01313729,0.015098985,-0.0014658356,-0.00877124,-0.0057819774,-0.012725225,0.0133246705,-0.009910518,0.003938649,0.014742111,0.0018045611,0.0054187244,0.011518848
-0.01583736,0.0140479235,0.010947903,0.0008946052,0.003757088,-0.00029973255,0.016406551,0.018130101,-0.0094794035,-0.0037973858,0.0018329826,-0.010235011,-0.015154759,0.007386979,0.018997634,0.007448165,0.00015694002,-0.018723289,-0.0018237144,0.00028820348,-0.0045562023,-0.020735385,-0.0070062024,-0.013525896,-0.004687285,0.003182461,-0.017545,-0.019460281,-0.009754676,0.011125533,0.009179794,0.025150761
-0.008927064,0.012080252,0.014254824,0.0011684903,-0.0031867498,0.008892878,0.009650002,0.009410463,-0.010662627,-0.018801272,0.008149287,-0.0049284496,-0.0065015643,-0.009570864,0.008381405,0.01233736,-0.0021446138,-0.0065452373,-0.01236047,0.01313729,0.015098985,-0.0014658356,-0.00877124,-0.0057819774,-0.012725225,0.0133246705,-0.009910518,0.003938649,0.014742111,0.0018045611,0.0054187244,0.011518848
-0.01583736,0.0140479235,0.010947903,0.0008946052,0.003757088,-0.00029973255,0.016406551,0.018130101,-0.0094794035,-0.0037973858,0.0018329826,-0.010235011,-0.015154759,0.007386979,0.018997634,0.007448165,0.00015694002,-0.018723289,-0.0018237144,0.00028820348,-0.0045562023,-0.020735385,-0.0070062024,-0.013525896,-0.004687285,0.003182461,-0.017545,-0.019460281,-0.009754676,0.011125533,0.009179794,0.025150761
-0.008927064,0.012080252,0.014254824,0.0011684903,-0.0031867498,0.008892878,0.009650002,0.009410463,-0.010662627,-0.018801272,0.008149287,-0.0049284496,-0.0065015643,-0.009570864,0.008381405,0.01233736,-0.0021446138,-0.0065452373,-0.01236047,0.01313729,0.015098985,-0.0014658356,-0.00877124,-0.0057819774,-0.012725225,0.0133246705,-0.009910518,0.003938649,0.014742111,0.0018045611,0.0054187244,0.011518848
-0.01583736,0.0140479235,0.010947903,0.0008946052,0.003757088,-0.00029973255,0.016406551,0.018130101,-0.0094794035,-0.0037973858,0.0018329826,-0.010235011,-0.015154759,0.007386979,0.018997634,0.007448165,0.00015694002,-0.018723289,-0.0018237144,0.00028820348,-0.0045562023,-0.020735385,-0.0070062024,-0.013525896,-0.004687285,0.003182461,-0.017545,-0.019460281,-0.009754676,0.011125533,0.009179794,0.025150761
-0.008927064,0.012080252,0.014254824,0.0011684903,-0.0031867498,0.008892878,0.009650002,0.009410463,-0.010662627,-0.018801272,0.008149287,-0.0049284496,-0.0065015643,-0.009570864,0.008381405,0.01233736,-0.0021446138,-0.0065452373,-0.01236047,0.01313729,0.015098985,-0.0014658356,-0.00877124,-0.0057819774,-0.012725225,0.0133246705,-0.009910518,0.003938649,0.014742111,0.0018045611,0.0054187244,0.011518848
-0.01583736,0.0140479235,0.010947903,0.0008946052,0.003757088,-0.00029973255,0.016406551,0.018130101,-0.0094794035,-0.0037973858,0.0018329826,-0.010235011,-0.015154759,0.007386979,0.018997634,0.007448165,0.00015694002,-0.018723289,-0.0018237144,0.00028820348,-0.0045562023,-0.020735385,-0.0070062024,-0.013525896,-0.004687285,0.003182461,-0.017545,-0.019460281,-0.009754676,0.011125533,0.009179794,0.025150761
-0.008927064,0.012080252,0.014254824,0.0011684903,-0.0031867498,0.008892878,0.009650002,0.009410463,-0.010662627,-0.018801272,0.008149287,-0.0049284496,-0.0065015643,-0.009570864,0.008381405,0.01233736,-0.0021446138,-0.0065452373,-0.01236047,0.01313729,0.015098985,-0.0014658356,-0.00877124,-0.0057819774,-0.012725225,0.0133246705,-0.009910518,0.003938649,0.014742111,0.0018045611,0.0054187244,0.011518848
-0.01583736,0.0140479235,0.010947903,0.0008946052,0.003757088,-0.00029973255,0.016406551,0.018130101,-0.0094794035,-0.0037973858,0.0018329826,-0.010235011,-0.015154759,0.007386979,0.018997634,0.007448165,0.00015694002,-0.018723289,-0.0018237144,0.00028820348,-0.0045562023,-0.020735385,-0.0070062024,-0.013525896,-0.004687285,0.003182461,-0.017545,-0.019460281,-0.009754676,0.011125533,0.009179794,0.025150761
-0.008927064,0.012080252,0.014254824,0.0011684903,-0.0031867498,0.008892878,0.009650002,0.009410463,-0.010662627,-0.018801272,0.008149287,-0.0049284496,-0.0065015643,-0.009570864,0.008381405,0.01233736,-0.0021446138,-0.0065452373,-0.01236047,0.01313729,0.015098985,-0.0014658356,-0.00877124,-0.0057819774,-0.012725225,0.0133246705,-0.009910518,0.003938649,0.014742111,0.0018045611,0.0054187244,0.011518848
-0.01583736,0.0140479235,0.010947903,0.0008946052,0.003757088,-0.00029973255,0.016406551,0.018130101,-0.0094794035,-0.0037973858,0.0018329826,-0.010235011,-0.015154759,0.007386979,0.018997634,0.007448165,0.00015694002,-0.018723289,-0.0018237144,0.00028820348,-0.0045562023,-0.020735385,-0.0070062024,-0.013525896,-0.004687285,0.003182461,-0.017545,-0.019460281,-0.009754676,0.011125533,0.009179794,0.025150761
-0.008927064,0.012080252,0.014254824,0.0011684903,-0.0031867498,0.008892878,0.009650002,0.009410463,-0.010662627,-0.018801272,0.008149287,-0.0049284496,-0.0065015643,-0.009570864,0.008381405,0.01233736,-0.0021446138,-0.0065452373,-0.01236047,0.01313729,0.015098985,-0.0014658356,-0.00877124,-0.0057819774,-0.012725225,0.0133246705,-0.009910518,0.003938649,0.014742111,0.0018045611,0.0054187244,0.011518848
